0.74986,51.54814,"SO","[227]"
-3.02278,50.91333,"NO","[346-]"
-0.17764,51.40772,"N","[585]"
-0.50492,50.95742,"east-bound","[1033]"
-4.43861,57.59908,"at the level crossing","[1157]"
-0.43417,51.65022,"SW","[1389-]"
-1.18464,53.00872,"south-bound","[1428]"
-1.17900,52.99703,"south-bound","[1001428001]"
-0.23519,51.34519,"turnable","[1711]"
-2.21883,53.50222,"N","[1748]"
-2.58986,54.19722,"W","[3640]"
-1.31078,53.07094,"[4034]","[4034]"
-2.27586,52.34403,"northbound","[4077]"
0.02653,51.59650,"East-bound","[4369]"
-0.38967,51.05792,"east-bound","[4637]"
0.51492,51.38236,"O","[5582]"
-0.13850,51.53889,"[5654]","[5654]"
-0.04106,51.44889,"S","[5849]"
-1.98517,50.74453,"S","[5892]"
-4.16694,50.38942,"S","[5896]"
-4.15781,50.38533,"W","[5907]"
-4.15714,50.38533,"N","[5908]"
-4.14603,50.39453,"S","[5916]"
-4.13206,50.37131,"W","[5917]"
-4.13053,50.39025,"N, auch speed (?)","[5918]"
-3.59306,50.52522,"[5919]","[5919]"
-3.56600,50.43189,"N","[5922-]"
-3.53994,50.47075,"S","[5923-]"
-3.53844,50.70481,"S","[5924]"
-0.49944,51.58208,"S","[6132]"
-0.16183,51.41667,"S","[6275]"
-3.53725,50.47719,"southbound","[6307]"
-0.13944,52.74556,"both-way","[6692]"
-3.52925,50.71978,"N","[6840]"
-1.40058,50.86147,"[6877]","[6877]"
-3.51664,50.72364,"O","[6923]"
-3.50814,50.70839,"S","[6932]"
-3.98978,51.65303,"N","[7104]"
-0.17631,51.40431,"S","[7362]"
-4.68889,57.61450,"at the level crossing","[7464]"
-2.24919,51.85494,"[7471]","[7471]"
-2.25389,51.84861,"[1007471001]","[1007471001]"
-1.86819,50.73033,"O","[7529]"
-3.21589,51.49233,"O","[7530]"
-3.21531,51.49275,"W","[7643]"
-3.21536,51.49236,"W","[7644]"
0.14969,52.21278,"db","[8023]"
-2.21953,53.41056,"junction with Parrs Wood Lane, northbound","[8661]"
-3.18867,51.49275,"SE","[8852]"
-3.19253,51.49756,"S","[8862]"
-3.16600,51.48092,"W","[8874]"
-3.02992,51.69806,"O","[8877]"
-2.98108,51.58653,"S","[8878]"
-0.09472,51.56919,"Near Spring Park Drive, Southbound","[8898]"
-2.58439,51.45964,"NO, 2x","[8942]"
-3.03292,53.38500,"N","[8952]"
-3.03019,53.38800,"NO","[8956]"
-2.98853,53.41292,"[8963]","[8963]"
-2.98519,53.40786,"[8967]","[8967]"
-2.97944,53.33731,"S","[8969]"
-2.92494,53.36739,"SO, also speed (?)","[8970]"
-2.90531,53.20053,"NO","[8973]"
-2.90375,53.35561,"SO","[8992]"
-2.89592,53.19856,"N","[9008]"
-2.98617,53.45981,"O","[9043]"
-2.34761,53.40603,"N","[9053]"
-2.63122,53.54125,"N","[9087]"
0.46158,51.57242,"W","[9088]"
-2.62850,53.54394,"N","[9090]"
-2.53464,53.48275,"N","[9102]"
-2.52256,53.50439,"S","[9350]"
-2.66000,53.77058,"[9544]","[9544]"
-2.71342,53.77372,"[9572-]","[9572-]"
-2.48711,53.52561,"SW","[9618]"
-2.45753,53.58006,"W","[9630]"
-2.42469,53.57481,"O","[9684]"
-2.41606,53.57769,"SW","[9700]"
-2.32636,53.42458,"S","[9730]"
-2.31864,53.43131,"[9737]","[9737]"
-2.31528,53.45047,"O","[9744]"
-2.31383,53.44603,"S","[9800]"
-2.30742,53.44575,"N","[9806]"
-2.30650,53.44586,"W","[9811]"
-2.28614,53.53400,"S","[9819]"
-2.28306,53.47956,"NW","[9907]"
0.03822,51.56044,"[9933]","[9933]"
-2.28264,53.46342,"NO","[9953]"
-2.27644,53.52381,"S","[10001]"
-2.27403,53.45514,"S","[10008]"
-2.24006,53.47344,"SO","[10034]"
-2.29892,53.58333,"S","[10044]"
-2.29883,53.59044,"W","[10045]"
-2.29342,53.54769,"N","[10055]"
-2.28433,53.59294,"W","[10072]"
-4.30356,55.88258,"SE","[10083]"
-4.26372,55.85250,"S","[10103]"
-4.25853,55.85386,"S","[10112]"
-4.24997,55.85575,"S","[10116]"
-4.24947,55.85083,"SO","[10119-]"
-4.24886,55.83539,"N","[10120]"
-4.21947,55.84436,"NW","[10137-]"
-4.21492,55.85439,"Eingepackt 7/2019","[10146-]"
-4.17756,55.86303,"O, eingepackt","[10147-]"
-4.16014,55.83614,"W","[10160]"
-4.13181,55.86572,"W, eingepackt","[10166-]"
-3.29225,55.93808,"N, eingepackt, abgebaut (?)","[10169-]"
-3.28475,55.94294,"W","[10170]"
-3.27397,55.93194,"N","[10171-]"
-3.27369,55.93206,"W","[10172-]"
-3.25069,55.94483,"[10176]","[10176]"
-3.23997,55.92022,"[10180-]","[10180-]"
-3.23958,55.93653,"E, also red light (?)","[10183-]"
-3.22406,55.92975,"O","[10189-]"
-3.18078,55.94061,"N","[10191]"
-3.15242,55.91714,"N (?)","[10197]"
-3.13372,55.90619,"S","[10199-]"
-2.08453,50.71978,"S","[10201]"
-1.82897,50.74758,"N","[10202]"
-2.07147,51.90225,"O","[10203]"
-1.32328,51.98231,"S","[10205]"
-1.28417,51.79300,"S","[10206]"
-0.65214,50.79239,"O","[10207]"
-0.37386,50.82603,"Northbound","[10210]"
-0.96961,51.44997,"W","[10212]"
-0.96964,51.44975,"N,","[10213]"
-0.96717,51.45067,"S","[10214]"
-0.96667,51.45050,"W","[10215]"
-1.23811,51.75125,"S","[10217]"
-1.22486,51.90758,"S","[10218]"
-0.58050,51.50836,"S","[10221]"
-0.42586,51.49869,"N","[10222]"
-0.28081,51.41303,"O","[10223]"
-0.26039,51.47978,"[10228]","[10228]"
-0.30072,51.53992,"S","[10229]"
-0.29200,51.51125,"N","[10230]"
-0.29139,51.51717,"S","[10231]"
-0.47525,51.73981,"[10233]","[10233]"
-0.39275,51.59881,"[10234]","[10234]"
-2.15961,52.47794,"SO","[10235]"
-2.15306,52.46789,"NW","[10238]"
-1.77611,52.42078,"W","[10241]"
-2.11589,52.56669,"N","[10245]"
-2.09056,52.50703,"SW","[10247]"
-1.89633,52.49250,"O","[10248]"
-1.89481,52.49217,"W","[10249]"
-1.83664,52.52708,"NO","[10250]"
-1.47486,52.47550,"N","[10253]"
-1.28333,52.36544,"[10255]","[10255]"
-2.15375,53.40119,"N","[10256]"
-2.14656,53.39308,"SO","[10257]"
-2.11353,53.36747,"N","[10260]"
-2.11347,53.36783,"S","[10261]"
-2.11300,53.37528,"NW","[10262]"
-2.14569,53.54628,"S","[10265]"
-2.12883,53.54308,"S","[10266]"
-2.11544,53.53419,"[10267]","[10267]"
-2.11497,53.46717,"N","[10268]"
-2.10358,53.49886,"S","[10269]"
-2.09342,53.47906,"N","[10270]"
-2.07647,53.45233,"S","[10271]"
-1.77422,53.64422,"O","[10272]"
-1.32503,53.36211,"N","[10274]"
-1.73703,53.68050,"NW","[10276]"
-1.54350,53.79131,"S","[10278]"
-1.53750,53.81139,"N","[10279]"
-1.53647,53.80719,"N","[10280]"
-0.89736,52.23361,"N","[10284]"
-1.15900,52.61900,"S","[10286]"
-1.22508,52.99044,"NO, wieder aufgebaut 11.2022","[10290]"
-1.19542,52.98214,"S","[10291]"
-1.17567,52.97953,"NO","[10292]"
-1.17361,52.98067,"S","[10293]"
-1.13944,52.99322,"N","[10295]"
-0.17728,50.83892,"W","[10298]"
-0.17181,50.83892,"O","[10299]"
-0.15128,50.84339,"S","[10301]"
0.46883,50.84561,"[10302]","[10302]"
0.60953,50.87444,"jw Old London Road","[10303]"
-0.24397,51.39919,"N","[10304]"
-0.17239,51.42375,"S","[10306]"
-0.16817,51.42792,"N","[10307]"
-0.16783,51.42822,"S","[10308]"
-0.16242,51.43406,"N","[10309]"
-0.24358,51.46522,"W","[10310]"
-0.21261,51.49061,"W","[10311]"
-0.20636,51.49094,"W","[10312]"
-0.20083,51.49258,"NO","[10313]"
-0.25922,51.54142,"W","[10314]"
-0.20989,51.55214,"N","[10317]"
-0.20686,51.54994,"N","[10318]"
-0.18658,51.46200,"O","[10319]"
-0.14928,51.48578,"[10320]","[10320]"
-0.14608,51.45436,"S","[10321]"
-0.15967,51.11883,"NE","[10322]"
-0.14417,51.45625,"S","[10323]"
-0.18772,51.53372,"S","[10324]"
-0.17542,51.54139,"N","[10325]"
-0.17308,51.53339,"S","[10326]"
-0.16500,51.52075,"W","[10327]"
-0.15714,51.52214,"W","[10329]"
-0.14758,51.52350,"W","[10330]"
-0.14547,51.52397,"O","[10331]"
-2.15108,52.58100,"NO","[10332]"
-2.14944,52.58222,"SW","[10333]"
-0.11983,51.37639,"N","[10334]"
-0.34075,50.99167,"[10336]","[10336]"
-0.13103,51.42889,"N","[10337]"
-0.05975,51.40853,"[10338]","[10338]"
-0.12425,51.44553,"S","[10339]"
-0.12400,51.44500,"W","[10340]"
-0.12269,51.47217,"N","[10343]"
-0.11722,51.47728,"N","[10345]"
-0.11678,51.47758,"S","[10346]"
-0.11100,51.48153,"S","[10348]"
-0.11083,51.48100,"N","[10349]"
-0.08392,51.46481,"N","[10352]"
-2.75836,53.36011,"E","[10353]"
-0.10722,51.49719,"NW","[10355-]"
-0.13317,51.52644,"W","[10356]"
-0.13031,51.54797,"S","[10358]"
-0.10667,51.53189,"O","[10359]"
-0.08861,51.42017,"NW","[10363]"
-0.07025,51.47778,"S","[10364]"
-0.03803,51.47544,"[10365]","[10365]"
-0.02825,51.46983,"[10367]","[10367]"
-0.02792,51.46961,"[10368]","[10368]"
0.02542,51.36761,"W","[10370]"
-0.00439,51.53628,"[10371]","[10371]"
-0.00253,51.44506,"O","[10372]"
0.01494,51.44628,"W","[10373]"
0.02225,51.44814,"O","[10374]"
0.03900,51.45494,"[10375]","[10375]"
-0.11922,51.55758,"N","[10377]"
-0.11497,51.56011,"[10378]","[10378]"
-0.10400,51.56497,"[10379]","[10379]"
-0.08103,51.57928,"[10380]","[10380]"
0.21461,51.59308,"[10381]","[10381]"
0.53489,51.37881,"[10382]","[10382]"
0.53519,51.37856,"[10383]","[10383]"
0.65581,51.54797,"W","[10384]"
1.28503,52.63172,"Ecke Dereham Road, N","[10386]"
-1.59636,54.97492,"W","[10387]"
-1.56189,55.14122,"S","[10388]"
-1.41922,54.88797,"O","[10389]"
-1.41914,54.88836,"S","[10390]"
-1.41292,54.90383,"O","[10391]"
-0.39308,51.59864,"[10393]","[10393]"
-4.15028,50.41231,"E","[10395]"
-4.07294,50.39050,"W, also speed (?)","[10396-]"
-3.11631,51.51939,"N","[10401]"
-3.00872,51.60592,"S","[10402]"
-2.94425,53.50636,"N","[10403]"
-2.27883,53.48144,"N","[10406]"
-2.25947,53.42053,"S","[10407]"
-2.34314,53.58131,"O","[10408]"
-4.15586,55.86217,"W","[10409]"
-3.32103,55.96739,"SO","[10410-]"
-3.30064,55.96039,"W","[10412]"
-3.25842,55.96092,"E","[10413]"
-1.37564,50.94247,"S","[10414]"
-0.53894,50.84306,"W","[10417]"
-0.36422,50.83436,"W","[10418]"
-0.33644,50.83761,"O, also speed (?)","[10419]"
-0.63403,51.51997,"W","[10421]"
-0.62511,51.51614,"O","[10422]"
-1.96611,52.77889,"[10423]","[10423]"
-0.43014,51.42064,"O, speed (?)","[10424]"
-0.47122,51.53717,"N","[10425]"
-0.44739,51.53000,"N","[10427]"
-0.43531,51.52547,"O","[10428]"
-0.42228,51.52303,"O","[10429]"
-0.42144,51.52264,"W","[10430]"
-0.41692,51.52097,"W","[10431]"
-0.38450,51.47642,"O","[10432]"
-0.27703,51.37558,"N","[10433]"
-0.37303,51.47792,"O","[10434]"
-0.37258,51.47786,"W","[10435]"
-0.36483,51.47900,"W","[10436]"
-0.31386,51.48811,"NO","[10438]"
-0.26747,51.48772,"[10439]","[10439]"
-0.31208,51.54833,"S","[10443]"
-0.29183,51.52947,"[10445]","[10445]"
-0.26058,51.55181,"[10447]","[10447]"
-0.55861,51.58328,"SO","[10448]"
-0.55819,51.58297,"NW","[10449]"
-0.46031,51.89242,"O","[10451]"
-1.91211,52.47128,"SO","[10452]"
-1.91139,52.47086,"NW","[10453-]"
-1.89169,52.46453,"NW","[10454]"
-1.76317,52.45136,"W","[10455]"
-2.10136,52.55514,"SO","[10456]"
-2.10056,52.55467,"NW","[10457]"
-2.09106,52.54303,"N","[10459]"
-2.08900,52.53961,"N","[10460]"
-2.08900,52.53992,"S","[10461]"
-2.08614,52.53167,"S","[10462]"
-2.08617,52.53125,"N","[10463]"
-2.05519,52.51194,"W","[10465]"
-2.03308,52.50325,"SO","[10466]"
-1.48594,52.39064,"O","[10469]"
-1.46075,52.41689,"NO","[10470]"
-2.22656,53.39164,"N","[10473]"
-2.22642,53.39217,"S","[10474]"
-2.14933,53.40819,"N","[10475]"
-2.24417,53.43967,"N","[10476]"
-2.24433,53.44281,"N","[10477]"
-1.26367,53.42361,"W","[10478]"
-1.49714,53.80144,"W","[10479]"
-1.22561,52.93783,"W","[10480]"
-1.18522,52.97283,"S","[10481]"
-0.24333,50.84108,"W","[10482]"
-0.21742,50.83861,"O","[10484]"
-0.20397,50.83797,"W","[10485]"
-0.10278,50.85733,"W","[10486]"
0.25689,50.78917,"[10489]","[10489]"
-0.25311,51.36078,"SO","[10490]"
-0.21300,51.35853,"N","[10491]"
-0.21303,51.35892,"S","[10492]"
-0.20878,51.37136,"N","[10493]"
-0.20153,51.37833,"N","[10494]"
-0.20064,51.37886,"S","[10495]"
-0.23486,51.44436,"O","[10496]"
-0.21394,51.49083,"O","[10497]"
-0.24864,51.51386,"W","[10498]"
-0.24619,51.51408,"O","[10499]"
0.05211,51.36650,"NW","[10500]"
0.05300,51.36622,"O","[10501]"
0.05339,51.36592,"W","[10502]"
0.06389,51.43464,"W","[10503]"
0.02308,51.44825,"W","[10505]"
-0.23119,51.58628,"[10507]","[10507]"
-0.22711,51.58247,"N","[10508]"
-0.22722,51.58308,"[10509]","[10509]"
-0.21167,51.58128,"SW","[10510]"
0.65158,51.56347,"W","[10513]"
0.66553,51.56292,"O","[10514]"
0.69597,51.55847,"NW","[10515]"
-1.11981,52.96239,"corner Cardale Road, SW","[10516]"
-0.24639,54.06750,"before the level crossing","[10517]"
-2.97750,53.25989,"N","[10519]"
-2.82425,53.26825,"O","[10520]"
-2.52675,53.58122,"SW","[10523]"
-2.35642,53.50878,"O","[10525]"
-2.34356,53.50472,"W","[10526]"
-4.16011,55.85147,"W, eingepackt","[10528-]"
-3.34997,55.97964,"SO","[10529]"
-1.18236,51.76281,"east-bound","[10530]"
-0.44100,51.42206,"O","[10532]"
-0.47706,51.48181,"O","[10533]"
-0.40803,51.48431,"S","[10535]"
-0.22889,51.40700,"W","[10536]"
-0.23436,51.59267,"N","[10537]"
0.11703,51.58247,"[10538]","[10538]"
0.14072,51.58108,"[10539]","[10539]"
0.24428,51.60236,"[10540]","[10540]"
0.44567,51.57958,"O","[10541]"
-1.23917,54.64778,"W","[10542]"
-2.53703,53.47167,"O","[10543]"
-2.42425,53.50611,"O","[10544]"
-2.42347,53.50611,"W","[10545]"
-2.39264,53.51181,"O","[10547]"
-2.39161,53.51192,"W","[10548]"
-1.96467,51.87622,"S","[10549]"
-1.32292,51.82903,"S","[10550]"
-0.68425,51.36122,"Southbound towards M3","[10552]"
-0.18142,51.45811,"W","[10553]"
-1.38106,54.89803,"N","[10555]"
-3.54908,50.47753,"[10559]","[10559]"
-3.54636,50.47339,"S","[10560]"
-3.54008,50.46125,"S","[10561]"
-4.13375,51.68239,"N","[10562]"
-3.97742,51.64114,"O","[10563]"
-3.97678,51.64064,"W","[10564]"
-3.97686,51.64108,"S","[10565]"
-3.94289,51.62936,"O","[10567]"
-3.56303,51.49681,"O","[10571]"
-3.56264,51.49647,"W","[10572]"
-3.24744,51.47625,"O","[10573]"
-2.42578,50.71639,"W","[10578]"
-3.18861,51.48150,"W","[10579]"
-3.18267,51.48961,"[10581]","[10581]"
-3.18053,51.48394,"[10583]","[10583]"
-3.23019,51.52453,"S","[10586]"
-3.22986,51.52389,"W","[10587]"
-3.20944,51.51353,"O","[10588]"
-3.20903,51.51322,"W","[10589]"
-3.20744,51.49958,"N","[10590]"
-3.16733,51.47942,"N","[10592]"
-3.16647,51.48072,"N","[10593]"
-3.16669,51.48164,"S","[10594]"
-2.74247,51.12994,"[10595]","[10595]"
-2.62464,51.47453,"O","[10596]"
-2.61972,51.49692,"N","[10597]"
-2.61431,51.42883,"N","[10598]"
-2.58117,51.42117,"O","[10599-]"
-2.57983,51.42147,"W","[10600]"
-2.56342,51.42617,"S","[10601]"
-2.60867,51.46006,"S","[10606]"
-2.60864,51.52761,"S","[10607]"
-2.93889,53.42306,"O","[10610]"
-2.58192,51.46050,"W","[10611]"
-2.57219,51.51517,"S","[10613]"
-2.57094,51.46278,"N","[10614]"
-2.57119,51.46350,"S","[10615]"
-2.56344,51.50789,"W","[10616]"
-2.55131,51.45964,"W","[10617]"
-2.54419,51.50481,"W","[10618]"
-2.51414,51.46697,"W","[10619]"
-2.38086,51.38208,"W, inactive (?)","[10621-]"
-2.64750,51.56503,"S","[10623]"
-2.25703,51.83792,"O","[10624]"
-3.04761,53.37342,"O","[10625]"
-3.03983,53.39656,"[10626]","[10626]"
-3.03767,53.39881,"[10627]","[10627]"
-2.12578,53.22256,"S","[10628]"
-2.98733,53.34842,"N","[10630]"
-2.97925,53.33667,"N","[10631]"
-2.97400,53.33117,"S","[10632]"
-2.95000,53.38925,"O","[10633]"
-2.87994,53.21975,"W","[10634]"
-3.01967,53.47022,"S","[10635]"
-3.01950,53.46981,"N","[10636]"
-2.99344,53.63992,"SO","[10637]"
-2.99275,53.63969,"NW","[10638]"
-2.98947,53.44564,"O","[10639]"
-2.98872,53.44569,"W","[10640]"
-2.98358,53.43036,"[10642]","[10642]"
-2.91792,53.42697,"S","[10644]"
-2.84994,53.42411,"N","[10645]"
-2.79669,53.42653,"junction with St James Road, SE","[10646]"
-2.31764,53.39267,"O","[10648]"
-2.71994,53.47272,"O","[10649]"
-2.71906,53.47261,"W","[10650]"
-2.36739,53.47744,"W","[10651]"
-4.61011,55.46878,"O","[10652-]"
-4.34072,55.87667,"O","[10654-]"
-2.08503,50.71939,"N","[10657]"
-1.98553,50.74403,"N","[10658]"
-1.98433,50.72042,"N","[10659]"
-1.97806,50.73294,"S","[10660]"
-1.93783,50.72225,"W","[10662]"
-1.88197,50.78144,"O","[10663]"
-1.88172,50.78128,"N","[10664]"
-1.88169,50.78161,"S","[10665]"
-1.87414,50.73178,"[10666]","[10666]"
-1.86775,50.73008,"W","[10667]"
-1.86450,50.73722,"S","[10668]"
-1.85494,50.73664,"O","[10669]"
-1.82164,50.74531,"O","[10670]"
-1.82075,50.74481,"W","[10671]"
-1.47272,50.92178,"W","[10672]"
-1.44353,50.91350,"O","[10673]"
-1.41944,50.90694,"O","[10674]"
-1.41889,50.90667,"W","[10675]"
-1.40389,50.91886,"S","[10676]"
-1.39503,50.90778,"W","[10677]"
-2.24233,51.85853,"S","[10681]"
-2.24122,51.86722,"[10682]","[10682]"
-2.23947,51.86514,"[10683]","[10683]"
-2.22439,51.85400,"N","[10684]"
-2.21767,51.86564,"W","[10685]"
-2.19772,51.86608,"O","[10687]"
-2.09542,51.89397,"W","[10688]"
-2.09169,51.89353,"W","[10689]"
-2.09178,51.90183,"S","[10690]"
-2.08661,51.88447,"[10691]","[10691]"
-2.08336,51.89214,"O","[10692]"
-2.07636,51.89286,"N","[10693]"
-2.07289,51.90256,"O","[10694]"
-2.06919,51.89664,"S","[10696]"
-2.05981,51.89033,"W","[10697]"
-2.10378,51.91597,"NW","[10698]"
-1.96797,51.72153,"N","[10699]"
-1.32283,51.82858,"N","[10702]"
-0.89697,51.43597,"S","[10705]"
-0.89711,51.43653,"N","[10706]"
-0.78586,51.34492,"N","[10707]"
-0.78536,51.34525,"S","[10708]"
-0.61575,51.52519,"S","[10709]"
-0.48236,51.53786,"N","[10710]"
-0.42247,51.46664,"O","[10711]"
-0.33928,51.37397,"O","[10712]"
-0.31825,51.34106,"N","[10713]"
-0.31786,51.34172,"S","[10714]"
-0.34692,51.48175,"W","[10715]"
-0.49919,51.88867,"[10716]","[10716]"
-0.45228,51.89208,"W","[10718]"
-0.41314,51.66933,"[10719]","[10719]"
-0.40022,51.63961,"SW","[10720-]"
-0.37900,51.67636,"SO","[10722]"
-0.36397,51.59078,"S","[10723]"
-0.29906,51.64358,"S","[10724]"
-0.27439,51.62150,"O","[10725]"
-0.27383,51.62147,"W","[10726]"
-2.22158,52.19422,"N","[10727]"
-2.16169,52.48111,"S","[10728]"
-1.99764,52.47142,"NW","[10734]"
-1.83283,52.46314,"W","[10735]"
-1.82422,52.46258,"O","[10736]"
-1.76408,52.45156,"O","[10737]"
-1.75364,52.44733,"O","[10738]"
-2.16997,52.50411,"[10739]","[10739]"
-1.98647,52.51419,"NW","[10740]"
-1.53997,52.29169,"[10743]","[10743]"
-1.53983,52.29183,"W","[10744]"
-1.53592,52.29797,"O","[10746]"
-1.53575,52.29842,"S","[10747]"
-1.53417,52.28389,"N","[10748]"
-1.71922,52.51531,"SO","[10749]"
-1.48408,52.92408,"S, perhaps inactive","[10750]"
-2.23447,53.26417,"S","[10751]"
-2.20636,53.16281,"SO","[10752]"
-2.12814,53.26139,"N","[10753]"
-2.12175,53.25444,"N","[10754]"
-2.19208,53.54922,"W","[10755]"
-2.18594,53.56325,"S","[10756]"
-2.09778,53.54417,"NO","[10759]"
-2.07578,53.46311,"S","[10760]"
-2.07533,53.46267,"N","[10761]"
-1.78772,53.64678,"[10762]","[10762]"
-1.78633,53.63944,"S","[10763]"
-1.78461,53.65144,"NO","[10764]"
-1.77611,53.65439,"N","[10765]"
-1.76558,53.80700,"SO","[10766]"
-1.75928,53.66147,"[10768]","[10768]"
-1.48889,53.35072,"N","[10769]"
-1.48422,53.38000,"[10770]","[10770]"
-1.46928,53.36589,"[10771]","[10771]"
-1.44889,53.39078,"[10773]","[10773]"
-1.43617,53.40031,"[10774]","[10774]"
-1.41800,53.37264,"[10775]","[10775]"
-1.74394,53.79322,"O","[10776]"
-1.74283,53.79306,"W","[10777]"
-2.95092,53.37964,"NW","[10778]"
-1.63594,53.68961,"O","[10779-]"
-1.63544,53.71719,"SO","[10780]"
-1.63444,53.68933,"W","[10781]"
-1.53467,53.81089,"S","[10783]"
-1.51761,53.81872,"NO","[10784]"
-1.51744,53.81892,"SO","[10785]"
-1.49253,53.42358,"[10786]","[10786]"
-1.38175,53.43236,"S","[10787]"
-1.68672,53.71053,"[10788]","[10788]"
-1.34539,53.43689,"O","[10789]"
-1.34381,53.45242,"[10790]","[10790]"
-1.26447,53.42356,"O","[10791]"
-1.48317,53.65819,"N","[10792]"
-0.90017,52.23950,"S","[10794]"
-0.89517,52.21414,"N","[10795-]"
-0.89292,52.21503,"S","[10796-]"
-1.24178,52.66844,"SO","[10797]"
-1.18492,52.59642,"S","[10798]"
-1.18378,52.59514,"N","[10799]"
-1.15867,52.59603,"W","[10800]"
-1.14706,52.66656,"W","[10802]"
-1.14083,52.64453,"N","[10803]"
-1.10811,52.66719,"N","[10804]"
-1.09206,52.64219,"O","[10805]"
-1.08492,52.60175,"SO","[10806]"
-1.24414,52.90411,"O","[10807]"
-1.20978,52.92278,"SW","[10808]"
-1.13481,52.93758,"SW","[10811]"
-1.11617,52.95089,"NW, Eisenbahn","[10812]"
-1.03261,52.94369,"SW","[10813]"
-0.47508,52.13928,"N","[10814]"
-0.44303,52.14039,"W","[10815]"
-1.22258,52.99058,"SW","[10816]"
-1.22186,52.99025,"NW","[10817]"
-1.17650,52.96014,"N","[10818]"
-1.17547,52.95567,"W","[10819]"
-1.17028,52.96133,"NW","[10820]"
-1.15706,52.97933,"N","[10823]"
-1.14842,52.96017,"SO","[10824]"
-1.13908,52.95333,"SO","[10825]"
-1.21742,53.15708,"SO","[10826]"
-1.21325,53.10611,"NE","[10827]"
-1.19481,53.12958,"N","[10828]"
-1.18964,53.15886,"SW","[10829]"
-1.08025,52.95839,"O","[10830]"
-1.22114,53.34911,"W","[10832]"
-1.22567,53.42242,"O","[10833]"
-1.18272,53.49775,"NO","[10834]"
-1.16275,53.50261,"NO","[10835]"
-1.15614,53.50439,"N","[10836]"
-1.15075,53.50694,"NO","[10837]"
-1.14844,53.50789,"SW","[10839]"
-1.14161,53.51253,"SW","[10840]"
-0.63917,53.59247,"Bahnübergang, bs","[10843]"
-0.18650,51.12942,"N","[10844]"
-0.18603,51.13097,"S","[10845]"
-0.15392,51.29328,"S","[10847-]"
-0.20831,51.37153,"S","[10848]"
-0.18878,51.38950,"N","[10849]"
-0.16850,51.40108,"S","[10850]"
-0.15400,51.36753,"S","[10851]"
-0.15372,51.36725,"N","[10852]"
-0.24358,51.45397,"N","[10854]"
0.45528,51.57167,"corner Great Oaks, W","[10855]"
-0.20728,51.45528,"W","[10856]"
-0.20747,51.55039,"S","[10857]"
-0.18453,51.46278,"S","[10858]"
-0.17422,51.45036,"S","[10860]"
-0.18231,51.51747,"O","[10863]"
-0.18192,51.51742,"N","[10864]"
-0.17044,51.52022,"SO","[10865]"
-0.18922,51.55319,"S","[10866]"
-0.18789,51.53339,"NO","[10867]"
-0.18164,51.52858,"S","[10868]"
-0.15886,51.52056,"W","[10870]"
-0.14294,51.51758,"S","[10874]"
-0.11842,51.36864,"S","[10876]"
-0.11778,51.33847,"NW,","[10877]"
-0.11692,51.33853,"N","[10878]"
-0.10703,51.37272,"N","[10879]"
-0.09625,51.36736,"S","[10880]"
-0.13347,51.42758,"N","[10881]"
-0.13103,51.42772,"S","[10883]"
-0.09056,51.43611,"O","[10886-]"
-0.04561,51.37542,"O","[10888]"
-0.01753,51.43336,"S","[10890]"
-0.01744,51.43294,"N","[10891]"
-0.13158,51.44769,"W","[10892]"
-0.12669,51.43842,"N","[10893]"
-0.12992,51.48889,"SO","[10894]"
-0.11244,51.47656,"N","[10895]"
-0.11233,51.47694,"S","[10896]"
-0.08719,51.45322,"W","[10897-]"
-0.09417,51.47881,"N","[10898]"
-0.13489,51.53533,"O","[10903]"
-0.13108,51.52731,"O","[10904]"
-0.09256,51.51075,"W","[10912]"
-0.07781,51.50114,"W","[10914]"
-0.07733,51.50250,"S","[10915]"
-0.10400,51.52597,"S","[10917]"
-0.10317,51.54294,"N","[10918]"
-0.10011,51.52667,"S","[10919]"
-0.09711,51.52967,"W","[10920]"
-0.04156,51.44886,"O","[10924]"
-0.03239,51.47289,"W","[10925]"
-0.03114,51.47206,"SW","[10926]"
0.74556,51.55039,"NW","[10927]"
-0.07011,51.54628,"E","[10929]"
-0.06992,51.49864,"W","[10930]"
-0.05947,51.54925,"NW","[10931]"
-0.02853,51.51203,"O","[10932]"
-0.01375,51.51119,"W","[10934]"
0.02497,51.36742,"N","[10936]"
-0.00761,51.53356,"S","[10937]"
0.09383,51.54589,"W","[10938]"
0.11811,51.53228,"W","[10939]"
0.14436,51.53122,"W","[10940]"
0.14747,51.55136,"O","[10941]"
-0.23086,51.58564,"N, perhaps inactive","[10944]"
-0.21881,51.55961,"S","[10945]"
-0.21697,51.59528,"SO","[10946]"
-0.21183,51.59147,"S","[10947]"
-0.21172,51.59100,"N","[10948]"
-0.20656,51.56700,"S","[10949]"
-0.20650,51.56653,"N","[10950]"
-0.20369,51.56178,"S","[10951]"
-0.19606,51.55833,"S","[10953]"
-0.14775,51.57792,"S","[10954]"
-0.14433,51.57647,"N","[10955]"
-0.13631,51.61094,"O","[10956]"
-0.12311,51.55350,"S","[10957]"
-0.11969,51.55806,"S","[10958]"
-0.17611,51.53783,"db","[10959-]"
-0.11689,51.55603,"N","[10960]"
-0.11531,51.56008,"N","[10961]"
-0.09253,51.56406,"S","[10962]"
-0.08567,51.60883,"N, also speed (?)","[10964]"
-0.07844,51.62975,"N","[10969]"
-0.07806,51.62989,"S","[10970]"
-0.06936,51.55822,"S, also speed (?)","[10971]"
-0.04958,51.60156,"N","[10972]"
-0.06958,51.63444,"S","[10974]"
-0.04319,51.70231,"N","[10977]"
-0.04289,51.70289,"S","[10978]"
-0.04158,51.70817,"N","[10979]"
-0.04114,51.70844,"S","[10980]"
-0.02431,51.68556,"O","[10981]"
0.04853,51.59036,"S","[10983]"
0.08239,51.61081,"O","[10985]"
0.08328,51.64283,"[10986]","[10986]"
0.09608,51.69181,"S","[10987]"
0.11317,51.61947,"O","[10989]"
0.13014,51.55892,"W","[10990]"
0.16450,51.58164,"N","[10991]"
0.18225,51.59239,"S","[10992]"
0.23231,51.59836,"S","[10993]"
0.36892,51.48192,"S","[10995]"
0.71461,51.53725,"S","[11000]"
0.24736,51.60317,"W","[11002]"
0.44614,51.57956,"W","[11003]"
0.45222,51.72667,"S","[11005]"
0.46236,51.57261,"O","[11007]"
0.46394,51.73544,"NW","[11008]"
0.46703,51.73911,"W","[11036]"
0.56389,51.56603,"W","[11037]"
0.57550,51.60978,"N","[11038]"
0.67869,51.55369,"W","[11041]"
0.68081,51.55342,"W","[11043]"
0.90447,51.89772,"O, also speed (?)","[11044]"
0.19686,52.26228,"[11046]","[11046]"
0.31767,52.46669,"Bahnübergang, beidseitig","[11047]"
-1.28231,54.54894,"W","[11059]"
-1.59900,54.95167,"S","[11061-]"
-1.58278,54.96042,"O","[11062]"
-1.57172,54.95633,"N","[11063]"
-1.55819,55.17597,"S","[11064]"
-1.53389,54.94003,"S","[11066]"
-1.43628,54.95333,"S","[11069-]"
-1.43239,54.95164,"[11071-]","[11071-]"
-1.38878,54.92750,"[11072]","[11072]"
-1.38114,54.89775,"N","[11074]"
-0.50522,51.36831,"[11078]","[11078]"
-0.50486,51.36753,"N","[11079]"
-0.49814,51.36122,"bs","[11080]"
-0.49217,51.35481,"bs","[11083]"
-0.47347,51.32672,"bs","[11086]"
-3.02056,53.47181,"N","[11088]"
-2.18944,53.07569,"[11089]","[11089]"
-2.18436,53.07944,"N","[11090]"
-2.18167,53.08722,"N","[11091]"
-2.18114,53.08964,"S","[11092]"
-2.18889,53.06750,"O","[11094]"
-2.18500,53.06792,"W","[11095]"
-2.32889,53.42233,"NO","[11096-]"
-1.76817,52.39411,"on gantries between junctions 3A and 7","[11097]"
-0.42083,51.65147,"O","[11098]"
0.25433,50.78478,"NO","[11101]"
-2.59350,54.19842,"S","[11104]"
-0.29733,51.60250,"S","[11105]"
-1.82886,53.77036,"O","[11109]"
-1.81569,53.77239,"W","[11110]"
-2.59400,51.43606,"camera facing west","[11111]"
-0.05028,51.45314,"N","[11118]"
-4.21797,51.04033,"[11125]","[11125]"
-4.24239,51.68953,"bs","[11128]"
-4.17681,50.39750,"S","[11132]"
-4.17317,50.39183,"[11133]","[11133]"
-4.17161,50.39153,"S","[11134]"
-4.15528,50.40283,"bs","[11135]"
-4.15117,50.37997,"[11136]","[11136]"
-4.15028,50.37942,"[11137]","[11137]"
-4.15011,50.39192,"bs","[11138]"
-4.14803,50.37267,"bs","[11139]"
-4.14733,50.39378,"[11140]","[11140]"
-4.14447,50.37400,"S","[11141]"
-4.14356,50.37031,"bs","[11142-]"
-4.14133,50.37033,"bs","[11143-]"
-4.13350,50.39578,"N","[11145]"
-4.12808,50.37044,"[11146]","[11146]"
-4.12161,50.40569,"[11147]","[11147]"
-4.10133,50.50758,"[11149]","[11149]"
-4.07444,50.38817,"bs","[11150]"
-4.06567,50.38975,"rotatable","[11151]"
-4.04700,50.38711,"bs","[11152]"
-4.04578,50.39136,"E","[11153]"
-4.04419,50.39047,"W","[11154]"
-4.21364,51.02744,"[11155]","[11155]"
-4.10431,51.07278,"[11156]","[11156]"
-3.99111,50.74050,"[11157]","[11157]"
-3.70250,50.43139,"bs","[11158]"
-3.69403,50.43769,"bs (?), S","[11159]"
-3.59861,50.42906,"bs","[11161]"
-3.59364,50.35136,"bs, inacitve","[11162]"
-3.56119,50.41500,"bs","[11163]"
-3.54628,50.45436,"bs","[11164]"
-3.54081,50.49553,"bs","[11165]"
-3.50672,50.47178,"bs","[11166]"
-3.49233,50.55094,"bs","[11167]"
-3.54389,50.70739,"bs, abgebaut (?)","[11168-]"
-3.51794,50.71344,"bs","[11169]"
-3.46136,50.74739,"bs","[11171]"
-3.41156,50.64114,"bs","[11172]"
-3.39547,50.62125,"bs","[11173]"
-4.15183,51.69453,"bs","[11176]"
-1.62639,55.08481,"N","[11178]"
-4.09331,51.68911,"O","[11183]"
-4.03425,51.64350,"[11184]","[11184]"
-4.01164,51.63908,"O","[11185]"
-3.99528,51.59711,"N","[11186]"
-3.98725,51.62172,"O","[11188]"
-3.97981,51.62189,"O","[11189]"
-3.97839,51.63219,"O","[11190]"
-3.97556,51.63992,"bs","[11191]"
-3.97308,51.63875,"W","[11194]"
-3.97286,51.64556,"[11195]","[11195]"
-3.96925,51.63167,"bs","[11196]"
-4.01244,51.69100,"S","[11199]"
-4.01214,51.68639,"N","[11200]"
-4.01131,51.69561,"S","[11201]"
-4.07406,51.80497,"bs","[11203]"
-3.96839,51.63961,"bs","[11205]"
-3.96686,51.63747,"O","[11206]"
-3.96353,51.62747,"[11207]","[11207]"
-3.96311,51.62503,"bs","[11208]"
-3.96017,51.62667,"W","[11210]"
-3.95144,51.63089,"bs","[11211]"
-3.94408,51.63053,"[11213]","[11213]"
-3.89994,51.65061,"bs","[11214]"
-3.88139,51.66247,"[11215]","[11215]"
-3.92650,51.65617,"db","[11216]"
-3.91689,51.67514,"S","[11217-]"
-3.81800,51.64439,"S","[11220]"
-3.75211,51.57069,"bs","[11221]"
-3.81350,51.66408,"bs","[11222]"
-3.92817,51.80478,"O","[11223]"
-3.69308,51.48797,"bs","[11224]"
-3.64328,51.53147,"bs","[11225]"
-3.57239,51.54153,"bs","[11226]"
-3.50353,51.51900,"bs","[11227]"
-3.28275,51.41503,"bs","[11231]"
-3.26583,51.42081,"bs","[11232]"
-3.26311,51.46967,"W","[11233]"
-3.25008,51.51042,"BS","[11235]"
-3.24525,51.47700,"W","[11236]"
-3.23489,51.48233,"O","[11237]"
-3.63047,51.74397,"[11238]","[11238]"
-3.48264,51.64633,"bs","[11242]"
-4.13319,51.68264,"W","[11244]"
-3.44897,51.61706,"N","[11245]"
-3.43792,51.61925,"O","[11247]"
-3.43300,51.65292,"bs","[11248]"
-3.42358,51.61661,"W","[11249]"
-3.41303,51.63144,"S","[11250]"
-3.46189,51.73242,"[11251]","[11251]"
-3.27108,51.55067,"BS","[11256]"
-3.22894,51.68281,"[11257]","[11257]"
-3.04050,51.01106,"W","[11258]"
-2.82317,50.73278,"bs","[11260]"
-2.81200,50.73169,"[11261]","[11261]"
-2.93669,53.42356,"W","[11262]"
-3.19811,51.47972,"O","[11264]"
-3.19639,51.48008,"W","[11265]"
-3.19614,51.50156,"S","[11266]"
-3.19517,51.50039,"N","[11267]"
-3.18842,51.49169,"S","[11268]"
-3.18719,51.48967,"N","[11269]"
-3.18392,51.48658,"[11270]","[11270]"
-3.15433,51.50717,"O, bs (?)","[11271]"
-3.13858,51.50275,"N","[11272]"
-3.11975,51.50828,"S","[11274]"
-3.11261,51.52042,"bs","[11275]"
-2.98022,51.32953,"South, inactive","[11276]"
-2.92708,51.35736,"[11279]","[11279]"
-2.79506,51.44289,"bs","[11280]"
-3.18014,51.59169,"W","[11281]"
-2.61639,51.48661,"[11289]","[11289]"
-2.61181,51.44972,"bs","[11290]"
-2.57775,51.50428,"bs","[11291]"
-2.57225,51.49803,"N","[11292]"
-2.55761,51.43800,"N","[11293]"
-2.55614,51.43692,"[11294]","[11294]"
-2.54053,51.42972,"W","[11297]"
-2.50467,51.46756,"W","[11298]"
-2.49319,51.46128,"W","[11299]"
-2.44456,51.53861,"bs","[11302]"
-2.42128,51.53822,"bs","[11303-]"
-2.39608,51.36658,"bs, inactive (?)","[11304]"
-2.34564,51.39469,"bs","[11305]"
-2.57611,51.70486,"[11306]","[11306]"
-2.52122,51.61253,"S","[11307]"
-2.35933,51.68717,"bs","[11309]"
-2.25633,51.85208,"[11311]","[11311]"
-2.25203,51.85600,"[11312]","[11312]"
-2.23558,51.74500,"W","[11313]"
-3.04642,52.86467,"[11316]","[11316]"
-2.78950,52.70678,"[11319]","[11319]"
-2.75583,52.70008,"[11320]","[11320]"
-2.32742,52.15322,"bs","[11324]"
-2.50478,52.69492,"[11329]","[11329]"
-2.48386,52.69608,"[11331]","[11331]"
-3.13458,53.19111,"S","[11333]"
-3.11086,53.16622,"W","[11334]"
-3.09225,53.12389,"NO","[11335]"
-3.06367,53.05161,"W","[11336]"
-3.00578,53.05197,"SO","[11337]"
-2.98056,53.05081,"SW","[11338]"
-3.20586,53.28836,"[11339]","[11339]"
-3.12514,53.39636,"[11340]","[11340]"
-3.11803,53.24194,"SO","[11341]"
-3.09922,53.40436,"[11342]","[11342]"
-3.08069,53.37039,"[11343]","[11343]"
-3.06339,53.37036,"W","[11344]"
-3.03133,53.35492,"S","[11345]"
-3.02639,53.19600,"S","[11346]"
-3.01431,53.38136,"[11347]","[11347]"
-3.01342,53.20128,"SO","[11348]"
-2.98206,53.42239,"[11349]","[11349]"
-2.98194,53.42239,"[11350]","[11350]"
-2.85106,53.19411,"W","[11351]"
-2.86692,53.20372,"SW","[11352]"
-2.96153,53.38314,"SE","[11353]"
-2.95822,53.41547,"NO","[11354]"
-2.95511,53.41658,"SW","[11355]"
-2.95272,53.38047,"SO","[11356]"
-2.94619,53.39733,"SO","[11357]"
-2.93947,53.41314,"O","[11358]"
-2.93608,53.41375,"W","[11359]"
-2.77458,53.36483,"O","[11360]"
-2.76067,53.36500,"N","[11361]"
-2.74581,53.37078,"E","[11362]"
-3.02622,53.60806,"NO","[11363]"
-3.02422,53.60889,"SW","[11364]"
-3.02425,53.60650,"NO","[11365]"
-3.02111,53.60853,"SW","[11366]"
-2.99303,53.44492,"O","[11367]"
-2.98139,53.44714,"W","[11368]"
-3.03186,53.74997,"SO","[11369]"
-3.02753,53.78181,"O","[11370]"
-3.02792,53.78164,"W","[11371]"
-3.05794,53.79017,"[11372]","[11372]"
-3.05611,53.79669,"S","[11373]"
-3.05564,53.79989,"[11374]","[11374]"
-3.05533,53.80397,"[11376]","[11376]"
-3.05139,53.81303,"N","[11378]"
-3.05078,53.79950,"N","[11379]"
-3.04986,53.79556,"[11380]","[11380]"
-3.04758,53.78628,"S","[11381]"
-3.04589,53.80669,"N,","[11382]"
-3.04322,53.81286,"SO","[11384]"
-3.04236,53.79758,"N","[11385]"
-3.05375,53.82797,"S","[11391]"
-3.05333,53.82947,"N","[11392]"
-3.04292,53.82481,"O","[11394]"
-3.04069,53.83147,"N","[11395]"
-3.03892,53.82286,"N","[11397]"
-3.05175,53.85317,"S, bs (?)","[11398]"
-3.04033,53.85800,"N","[11399]"
-3.03128,53.80769,"N","[11401]"
-3.03050,53.79431,"N","[11402]"
-3.02469,53.80717,"N","[11403]"
-3.02147,53.80447,"O","[11404]"
-3.01953,53.79503,"NW","[11405]"
-3.01939,53.81156,"S","[11406]"
-3.01492,53.80367,"O","[11407]"
-3.03561,53.81447,"S","[11408]"
-3.03356,53.82336,"N","[11409]"
-3.03314,53.82436,"S","[11410]"
-3.03100,53.83872,"N, bs (?)","[11411]"
-3.03053,53.82997,"S, bs (?)","[11412]"
-3.02681,53.82653,"W","[11413]"
-3.02511,53.83139,"S","[11414]"
-3.02464,53.82817,"N","[11415]"
-3.00889,53.82717,"NO","[11416]"
-3.00472,53.79794,"NW","[11417]"
-3.00122,53.80283,"W","[11418]"
-2.99597,53.80258,"O","[11419]"
-3.01856,53.87356,"O","[11420]"
-2.99794,53.84275,"O, bs (?)","[11421]"
-2.98253,53.84436,"O, bs (?)","[11422]"
-2.93581,53.51547,"O","[11425]"
-2.92875,53.51547,"W","[11426]"
-2.89872,53.54722,"N","[11427]"
-2.89719,53.55825,"N","[11428]"
-2.84861,53.59244,"[11430]","[11430]"
-2.84458,53.56325,"SO","[11431]"
-2.75847,53.59167,"SO","[11432]"
-2.79658,53.67764,"bs","[11435]"
-2.77439,53.73172,"NO","[11436]"
-2.76203,53.77192,"S","[11437]"
-2.74958,53.76878,"W","[11438]"
-2.74483,53.74342,"NO","[11439]"
-2.74300,53.74411,"SW","[11440]"
-2.73956,53.69314,"[11441]","[11441]"
-2.73678,53.76925,"O","[11442]"
-2.73344,53.74936,"NO","[11443]"
-2.72939,53.77442,"N","[11444]"
-2.81664,53.86719,"SW","[11445]"
-2.63719,54.96000,"W, bs (?)","[11446]"
-2.65392,53.31958,"NO","[11447]"
-2.64644,53.39022,"[11448]","[11448]"
-2.59417,53.39797,"[11449]","[11449]"
-2.58686,53.37908,"[11451]","[11451]"
-2.26683,53.08183,"O","[11452]"
-2.26433,53.08178,"W","[11453]"
-2.25994,53.08017,"SO","[11455]"
-2.25658,53.07781,"NW","[11456]"
-2.25031,53.01747,"SW","[11457]"
-2.24497,53.08861,"NW","[11458]"
-1.77667,52.42097,"O","[11459]"
-1.70961,52.45369,"on gantries between junctions 3A and 7","[11460]"
-2.65503,54.95508,"[11461-]","[11461-]"
-2.35339,53.42794,"S","[11462]"
-2.33681,53.41528,"S","[11463-]"
-2.31342,53.41758,"bs","[11464]"
-2.30303,53.36561,"[11465]","[11465]"
-2.28475,53.41369,"[11466]","[11466]"
-2.27533,53.41017,"[11467]","[11467]"
-2.71019,53.54014,"[11468]","[11468]"
-2.65500,53.53097,"N","[11469]"
-2.65117,53.50978,"[11470]","[11470]"
-2.64469,53.49669,"[11471]","[11471]"
-2.64203,53.54222,"O","[11474]"
-2.64094,53.49989,"[11475]","[11475]"
-2.61669,53.50006,"[11477]","[11477]"
-2.72753,53.64856,"S","[11478]"
-2.71811,53.64056,"bs","[11479]"
-2.70106,53.60650,"[11480]","[11480]"
-2.69800,53.54911,"[11481]","[11481]"
-2.68575,53.58039,"[11482]","[11482]"
-2.67508,53.66547,"N","[11483]"
-2.65878,53.62508,"[11484]","[11484]"
-2.64350,53.64047,"bs","[11485]"
-2.64033,53.65383,"W","[11487]"
-2.63231,53.66483,"S","[11488]"
-2.62900,53.65769,"S","[11489]"
-2.62697,53.65158,"N","[11490]"
-2.62269,53.66128,"O","[11491]"
-2.61911,53.65786,"N","[11492]"
-2.61364,53.55517,"[11493-]","[11493-]"
-2.58617,53.52911,"[11494]","[11494]"
-2.55517,53.52597,"[11495]","[11495]"
-2.52417,53.48594,"[11496]","[11496]"
-2.53311,53.58908,"[11497]","[11497]"
-2.71253,53.68858,"[11500]","[11500]"
-2.70550,53.69839,"W","[11501]"
-2.72558,53.75111,"SW","[11502]"
-2.70767,53.74111,"N","[11503]"
-2.72453,53.76339,"W","[11504]"
-2.72406,53.75822,"W","[11505]"
-2.72328,53.77936,"W","[11506-]"
-2.71714,53.75903,"O","[11507]"
-2.71161,53.77403,"W","[11508]"
-2.71114,53.78247,"S","[11509]"
-2.70867,53.75694,"[11511]","[11511]"
-2.70211,53.76075,"[11512]","[11512]"
-2.69886,53.76211,"[11513]","[11513]"
-2.67611,53.75056,"N","[11515]"
-2.68106,53.75458,"N","[1011515001]"
-2.68422,53.75808,"N","[1011515002]"
-2.69744,53.77533,"O","[11516]"
-2.68722,53.76361,"NO","[11517]"
-2.68444,53.76100,"O","[11518]"
-2.68414,53.75808,"S","[11519]"
-2.68089,53.75456,"S","[1011519001]"
-2.67597,53.75058,"S","[1011519002]"
-2.68250,53.76542,"NO","[11520]"
-2.68144,53.77289,"W","[11521]"
-2.67792,53.76769,"SW","[11522]"
-2.67750,53.77211,"O","[11523]"
-2.64611,53.70458,"bs","[11524]"
-2.66597,53.76744,"NW","[11525]"
-2.66575,53.77372,"NO","[11526]"
-2.65908,53.77872,"S","[11527]"
-2.65614,53.76572,"W","[11528]"
-2.71192,53.78533,"N","[11529]"
-2.62997,53.80461,"W","[11530]"
-1.48275,53.65867,"[11531]","[11531]"
-2.58222,53.69989,"[11532]","[11532]"
-2.53458,53.72758,"NO","[11533]"
-2.52125,53.72619,"O","[11534]"
-2.51406,53.73761,"[11535]","[11535]"
-2.51467,53.75931,"[11536]","[11536]"
-2.51194,53.75575,"[11537]","[11537]"
-2.50961,53.74531,"[11538]","[11538]"
-2.50425,53.72803,"W","[11539]"
-2.50153,53.73869,"[11540]","[11540]"
-2.49911,53.75006,"[11541]","[11541]"
-2.49681,53.73728,"[11542]","[11542]"
-2.49611,53.74286,"[11543]","[11543]"
-2.49272,53.73456,"[11544]","[11544]"
-2.49042,53.72758,"[11545]","[11545]"
-2.48992,53.73544,"N","[11547]"
-2.48136,53.75164,"[11548]","[11548]"
-2.49478,53.76192,"NO","[11549]"
-2.48761,53.75736,"N","[11550]"
-2.48469,53.76592,"N","[11551]"
-2.48472,53.79056,"O","[11552]"
-2.47439,53.49311,"[11553]","[11553]"
-2.40058,53.53089,"db","[11554]"
-2.39733,53.43200,"[11555]","[11555]"
-2.44253,53.63142,"S","[11557]"
-2.38058,53.58006,"[11558]","[11558]"
-2.32417,53.45397,"[11559]","[11559]"
-2.29672,53.45617,"S","[11560]"
-2.35422,53.53111,"[11562]","[11562]"
-2.29264,53.44414,"W","[11563-]"
-2.29111,53.44344,"O","[11564]"
-2.28839,53.45756,"[11565]","[11565]"
-2.23336,53.48156,"SW","[11566]"
-2.26297,53.51042,"[11567]","[11567]"
-2.24908,53.52264,"[11568]","[11568]"
-2.23969,53.49350,"N","[11570]"
-2.29931,53.59481,"W","[11571]"
-2.29400,53.59606,"O","[11572]"
-2.24283,53.59358,"rotatable","[11573]"
-2.47497,53.70217,"[11574]","[11574]"
-2.47106,53.69875,"[11575]","[11575]"
-2.46900,53.70736,"[11576]","[11576]"
-2.45967,53.68106,"[11577]","[11577]"
-2.45883,53.68008,"[11578]","[11578]"
-2.47236,53.74778,"O","[11579]"
-2.47161,53.73842,"[11580]","[11580]"
-2.46839,53.73261,"S","[11581]"
-2.46608,53.74869,"O, bs (?)","[11582]"
-2.46592,53.73522,"[11583]","[11583]"
-2.46428,53.74503,"O","[11584]"
-2.45444,53.74836,"[11586]","[11586]"
-2.45333,53.73781,"[11587]","[11587]"
-2.45267,53.75194,"SW, bs (?)","[11588]"
-2.45092,53.74161,"[11589]","[11589]"
-2.47714,53.76889,"N, bs (?)","[11590]"
-2.47722,53.76075,"O","[11591]"
-2.47208,53.75722,"S, bs (?)","[11593]"
-2.46419,53.76139,"S","[11594]"
-2.45483,53.75719,"[11595]","[11595]"
-2.44689,53.74486,"[11596]","[11596]"
-2.44722,53.74756,"[11597]","[11597]"
-2.44583,53.75272,"[11598]","[11598]"
-2.41119,53.76875,"[11599]","[11599]"
-2.40889,53.76903,"[11600]","[11600]"
-2.40417,53.73933,"[11601]","[11601]"
-2.38233,53.77242,"N","[11603-]"
-2.38097,53.75603,"[11604]","[11604]"
-2.37903,53.75272,"[11605]","[11605]"
-2.36886,53.76069,"[11606]","[11606]"
-2.35878,53.75797,"[11607]","[11607]"
-2.38853,53.87019,"[11608]","[11608]"
-2.93239,53.40122,"O","[11609]"
-2.34694,53.73528,"[11610]","[11610]"
-2.34058,53.72997,"[11611]","[11611]"
-2.32617,53.68964,"NO","[11612]"
-2.32244,53.70256,"SO","[11613]"
-2.29636,53.69933,"W","[11614]"
-2.29006,53.71111,"N","[11615]"
-2.28856,53.70789,"S","[11616]"
-2.23289,53.77886,"N","[11617]"
-2.30444,53.79767,"[11618]","[11618]"
-2.28053,53.78397,"NW","[11619]"
-2.27753,53.79239,"W","[11620]"
-2.27361,53.79544,"NW","[11621]"
-2.26350,53.78767,"SW","[11622]"
-2.25303,53.78369,"N","[11623]"
-2.25156,53.78794,"[11624]","[11624]"
-2.24064,53.79589,"[11625]","[11625]"
-2.23822,53.81114,"[11626]","[11626]"
-2.23778,53.79942,"N","[11627]"
-2.23394,53.80569,"[11629]","[11629]"
-2.23258,53.79206,"N","[11630]"
-5.97839,54.59739,"O","[11631]"
-5.93906,54.62950,"N","[11632]"
-5.87306,54.59561,"Eastbound","[11633]"
-4.71517,55.65303,"[11634]","[11634]"
-4.68864,55.64978,"bs","[11635]"
-4.67211,55.62319,"[11636]","[11636]"
-4.63931,55.74686,"bs","[11637]"
-4.62161,55.47831,"N, bs (?)","[11638-]"
-4.59828,55.47114,"O","[11640]"
-4.34181,55.60533,"[11642]","[11642]"
-4.25781,55.77947,"W","[11645]"
-4.80833,55.93936,"[11646]","[11646]"
-4.65528,55.92228,"[11648]","[11648]"
-4.44550,55.82328,"bs","[11649]"
-4.42206,55.82178,"bs","[11651]"
-4.40219,55.86731,"S","[11652-]"
-4.39147,55.80017,"O","[11654]"
-4.36414,55.84333,"[11655]","[11655]"
-4.36264,55.84944,"S","[11656]"
-4.34925,55.82031,"S","[11658]"
-2.50986,53.74572,"N","[11659]"
-4.34258,55.86664,"bs","[11660]"
-4.34061,55.82803,"N, removed (?)","[11662-]"
-4.33547,55.83564,"S, removed (?)","[11663-]"
-4.32142,55.84172,"bs","[11665]"
-4.31906,55.80508,"bs","[11666]"
-4.31467,55.79883,"bs, removed (?)","[11667-]"
-4.30544,55.81444,"bs, removed (?)","[11668-]"
-4.30008,55.82475,"N, removed (?)","[11669-]"
-4.29608,55.79906,"N, bs (?)","[11670]"
-4.29242,55.83444,"O","[11671]"
-4.33931,55.88931,"W","[11672-]"
-4.33389,55.89347,"SO","[11673]"
-4.32783,55.85483,"W","[11675]"
-4.24539,55.84417,"[11676]","[11676]"
-4.24503,55.81178,"[11678]","[11678]"
-4.23281,55.82881,"W","[11680-]"
-4.25803,55.88817,"bs","[11681]"
-4.23950,55.84750,"O","[11682]"
-4.23289,55.89192,"[11683]","[11683]"
-4.22822,55.85872,"[11684-]","[11684-]"
-4.32992,55.91558,"bs","[11686]"
-4.29914,55.94831,"bs","[11687]"
-4.08156,55.77581,"NW","[11688-]"
-3.96525,55.77447,"SO","[11689]"
-3.84147,55.73869,"N, 30 or 50 km/h (?)","[11691]"
-3.21528,54.10917,"SW","[11692]"
-2.89275,54.04514,"N","[11693]"
-2.89206,54.05072,"N","[11694]"
-2.86125,54.07150,"O","[11695]"
-2.78900,53.99389,"S","[11696]"
-2.85181,54.06131,"[11697]","[11697]"
-2.83428,54.06433,"NW, bs (?)","[11698]"
-2.80822,54.05994,"O","[11699]"
-2.80619,54.05900,"W","[11700]"
-2.80144,54.06789,"S","[11701]"
-2.80108,54.05933,"S","[11702]"
-2.79517,54.02600,"S","[11703]"
-2.79508,54.03467,"N, bs (?)","[11704-]"
-2.79378,54.10389,"N","[11705]"
-2.79025,54.10675,"S","[11706]"
-2.78697,54.04719,"W","[11707]"
-2.76131,54.12533,"O","[11708]"
-2.72353,54.07569,"O","[11709]"
-2.47178,54.96583,"[11711]","[11711]"
-2.24464,54.97353,"[11712]","[11712]"
-4.20611,55.89008,"SW","[11713-]"
-4.20400,55.82819,"W","[11714]"
-4.19139,55.84358,"W","[11715-]"
-4.18875,55.86258,"W","[11717-]"
-4.18750,55.87139,"bs","[11718]"
-4.17772,55.86167,"bs","[11719-]"
-4.15992,55.84686,"N","[11720]"
-4.13583,55.85756,"bs","[11721-]"
-4.11417,55.89808,"O","[11722-]"
-4.08361,55.90794,"NO","[11723-]"
-4.08339,55.90792,"SW","[11724-]"
-4.04917,55.82325,"W","[11725]"
-4.00881,55.85517,"bs","[11727]"
-3.29575,55.95022,"N, bs (?)","[11729]"
-3.28931,55.93508,"bs, removed (?)","[11730-]"
-3.28286,55.92600,"bs","[11732]"
-3.26064,55.92964,"O","[11735]"
-3.25722,55.94397,"E","[11736-]"
-3.25497,55.93483,"bs","[11737-]"
-3.24036,55.92931,"S","[11738-]"
-3.23525,55.92481,"O","[11739-]"
-3.18394,55.97906,"bs","[11742]"
-3.17669,55.93617,"S","[11743-]"
-3.16439,55.91386,"bs","[11744]"
-3.15761,55.91961,"bs","[11746]"
-3.15639,55.97314,"bs","[11747]"
-3.13503,55.90739,"bs","[11748]"
-2.13847,50.83342,"bs","[11750]"
-2.12275,50.81928,"bs","[11751]"
-2.09942,50.70725,"bs","[11752]"
-2.02775,50.76003,"bs","[11753-]"
-2.02411,50.73364,"N","[11754]"
-2.02233,50.73192,"bs","[11755]"
-1.98683,50.73442,"bs","[11757]"
-1.97789,50.73261,"N","[11760]"
-1.96794,50.74122,"bs","[11761]"
-1.96331,50.74725,"bs","[11762]"
-1.94628,50.72539,"W, bs (?)","[11763]"
-1.94044,50.74775,"N, bs (?)","[11765]"
-1.93500,50.72461,"W, bs (?)","[11766]"
-1.93411,50.74133,"NW, bs (?)","[11767]"
-1.91919,50.75553,"bs","[11769]"
-1.91050,50.76344,"bs","[11770]"
-1.90186,50.76208,"bs","[11771]"
-1.90036,50.75219,"O","[11772]"
-1.89808,50.76822,"E","[11773]"
-2.84722,53.19464,"[11774]","[11774]"
-1.89281,50.73497,"N","[11775]"
-1.88825,50.76061,"S","[11776]"
-1.88686,50.77111,"bs","[11777]"
-1.88272,50.73744,"bs","[11778]"
-1.88147,50.75433,"S","[11779]"
-1.87519,50.72917,"S,","[11780]"
-1.86436,50.75125,"N","[11783]"
-1.88967,50.82861,"[11784]","[11784]"
-1.88269,50.80267,"[11785]","[11785]"
-1.85433,50.71967,"bs","[11786]"
-1.85403,50.72294,"W","[11787]"
-1.84825,50.74258,"W","[11788]"
-1.84458,50.74347,"O","[11789]"
-1.82303,50.72514,"bs","[11790]"
-1.81553,50.74008,"S","[11791]"
-1.81439,50.74233,"bs","[11792]"
-1.80014,50.75397,"BS","[11793]"
-1.79864,50.73494,"bs","[11794]"
-1.79442,50.74064,"bs","[11795]"
-1.89050,50.85128,"[11796]","[11796]"
-1.86964,50.87992,"[11799]","[11799]"
-1.70806,50.74022,"O","[11800]"
-1.41161,50.90283,"W","[11801]"
-1.41158,50.90294,"O","[11802]"
-1.39756,50.90450,"N","[11804]"
-1.39744,50.90436,"S","[11805]"
-1.38500,50.91564,"db","[11806]"
-1.36644,50.91119,"bs","[11807]"
-1.36172,50.91569,"O","[11808]"
-1.87942,51.11056,"[11810]","[11810]"
-2.23056,51.74500,"O","[11812]"
-1.34772,51.41083,"O","[11816]"
-1.34386,51.40969,"W","[11817]"
-1.34289,51.37825,"N","[11818]"
-1.34108,51.38106,"S","[11819]"
-1.33347,51.38881,"N","[11820]"
-1.33258,51.38975,"S","[11821]"
-1.33075,51.41539,"S","[11822]"
-1.33033,51.40964,"N","[11823]"
-1.31206,51.39942,"O","[11826]"
-1.30844,51.39922,"W","[11827]"
-1.27703,51.40144,"O","[11828]"
-1.27297,51.40539,"W","[11829]"
-1.27033,51.40192,"W, bs (?)","[11830]"
-1.26686,51.40458,"O","[11831]"
-1.26039,51.39936,"O","[11832]"
-1.25689,51.39933,"W","[11833]"
-1.39544,51.63339,"N","[11834-]"
-1.31986,51.62619,"S","[11835]"
-1.25286,51.60875,"bs","[11837]"
-1.24661,51.61194,"O","[11838]"
-1.30958,51.70406,"bs","[11839]"
-1.29614,51.66681,"N","[11841]"
-1.28714,51.67736,"S","[11842]"
-1.28606,51.75289,"bs","[11843]"
-1.28317,51.75272,"bs","[11844]"
-1.27211,51.68653,"S","[11845]"
-1.26578,51.76858,"N","[11846]"
-1.26133,51.76650,"north-bound","[11847]"
-1.25450,51.74097,"bs","[11848]"
-1.47142,51.79397,"S","[11849]"
-1.45528,51.91783,"S","[11851]"
-1.38711,51.82472,"O","[11852]"
-1.36183,51.85544,"S","[11853]"
-1.34939,51.84511,"db","[11854]"
-1.34750,51.83358,"S","[11855]"
-1.27411,51.78297,"S","[11856]"
-1.27161,51.79078,"S","[11857]"
-1.26831,51.78392,"S","[11858]"
-1.09575,50.79861,"N","[11867]"
-1.07067,50.83256,"S","[11870]"
-1.06519,50.82308,"S","[11871]"
-1.20714,50.86139,"bs","[11872]"
-0.86483,50.76639,"[11874]","[11874]"
-0.90567,50.84475,"[11875]","[11875]"
-0.64606,50.83653,"bs","[11876]"
-0.54453,50.81603,">Wick","[11877]"
-0.50589,50.96206,"S","[11878]"
-0.49522,50.81231,"E","[11880]"
-0.39164,50.83472,"S","[11881]"
-0.37283,50.82028,"S","[11882]"
-0.33747,50.82103,"bs","[11883]"
-0.26225,50.83275,"O","[11884]"
-0.25464,50.83197,"W","[11885]"
-0.44653,50.92097,"[11886]","[11886]"
-1.17939,51.39767,"O","[11888]"
-1.17536,51.39708,"W","[11889]"
-1.15236,51.38019,"N","[11891]"
-1.12597,51.50636,"S","[11892]"
-1.12331,51.50425,"S","[11893]"
-1.06219,51.39636,"N","[11894]"
-1.05961,51.39758,"S","[11895]"
-1.08697,51.46842,"N","[11896]"
-1.08714,51.46961,"S","[11897]"
-1.07539,51.48192,"W","[11898]"
-1.09786,51.48817,"S","[11899]"
-1.04736,51.44908,"S","[11900]"
-1.04631,51.45228,"N","[11901]"
-1.04597,51.45442,"S","[11902]"
-1.04544,51.44581,"N","[11903]"
-1.03778,51.47061,"O","[11905]"
-1.03561,51.46142,"N","[11906]"
-1.03358,51.47019,"W","[11907]"
-1.03225,51.46492,"S","[11908]"
-1.01961,51.45083,"W","[11909]"
-1.01886,51.44161,"S","[11910]"
-1.01828,51.44025,"N","[11911]"
-1.01694,51.44272,"O","[11912]"
-1.01106,51.44147,"W","[11913]"
-1.00253,51.44381,"O","[11914]"
-0.99692,51.44653,"S","[11915]"
-0.99619,51.45194,"O","[11916]"
-1.02244,51.45964,"O","[11917]"
-1.02133,51.45975,"W","[11918]"
-0.99508,51.47800,"W","[11919]"
-0.96789,51.42469,"O","[11920]"
-0.96250,51.42483,"W","[11921]"
-0.95692,51.42522,"bs","[11922]"
-0.87931,51.42656,"N","[11923]"
-0.98972,51.45231,"W","[11924]"
-0.98942,51.47589,"S","[11925]"
-0.98725,51.44731,"W","[11926]"
-2.92006,53.39875,"W, auch Busspur","[11927]"
-0.96878,51.47233,"bs","[11928]"
-0.96753,51.44764,"[11929]","[11929]"
-0.96600,51.47781,"S","[11930]"
-0.96417,51.48186,"N","[11931]"
-0.96244,51.44067,"S","[11932]"
-0.94217,51.45142,"O","[11934]"
-0.93722,51.43606,"S","[11935]"
-0.96183,51.48858,"N","[11938]"
-0.96153,51.48789,"S","[11939]"
-0.92117,51.43517,"bs","[11940]"
-0.90692,51.43533,"S","[11942]"
-0.90678,51.43469,"N","[11943]"
-0.90358,51.45378,"eastbound","[11944]"
-0.90239,51.45392,"westbound","[11945]"
-0.89836,51.45706,"bs","[11946]"
-0.89822,51.44800,"S","[11947]"
-0.89819,51.44903,"N","[11948]"
-0.87867,51.42761,"S","[11949]"
-0.87625,51.43075,"N","[11950]"
-0.87414,51.43403,"S","[11951]"
-0.91042,51.54406,"S","[11952]"
-0.90994,51.53239,"N","[11953-]"
-0.89794,51.49986,"S","[11954]"
-0.81919,51.36700,"O","[11955]"
-0.81725,51.36736,"W","[11956]"
-0.80797,51.34694,"O","[11957]"
-0.80622,51.34669,"W","[11958]"
-0.86264,51.38375,"O","[11959]"
-0.86008,51.38256,"W","[11960]"
-0.85231,51.40653,"O","[11961]"
-0.84611,51.40869,"W","[11962]"
-0.84325,51.39808,"S","[11964-]"
-0.84344,51.42086,"W","[11965]"
-0.84228,51.39950,"N","[11966]"
-2.91806,53.41506,"SO","[11967]"
-0.82542,51.40778,"NW","[11968]"
-0.82294,51.41181,"bs","[11969]"
-0.79233,51.34514,"bs","[11970]"
-0.79086,51.34553,"bs","[11971]"
-0.78403,51.34383,"S","[11972]"
-0.78208,51.34278,"W","[11973]"
-0.78086,51.34250,"SO","[11974]"
-2.54750,51.43947,"O","[11975]"
-0.76150,51.42331,"[11976]","[11976]"
-0.75133,51.39936,"[11978]","[11978]"
-0.74939,51.40011,"[11979-]","[11979-]"
-0.74403,51.52417,"O","[11980]"
-1.23717,51.77125,"S","[11981]"
-1.23586,51.76192,"north-bound","[11982]"
-1.22853,51.74400,"S","[11983]"
-1.22700,51.73158,"bs","[11985]"
-1.20119,51.68836,"NW","[11987-]"
-1.19600,51.72697,"db","[11988]"
-1.12936,51.68311,"S","[11989]"
-1.12842,51.74636,"bs","[11990]"
-1.10386,51.70622,"bs","[11991]"
-3.94228,51.62961,"W","[11992]"
-1.06186,51.74081,"O","[11993]"
-0.99272,51.57553,"O, 20 or 30 km/h (?)","[11994]"
-1.14797,51.91011,"bs","[11995]"
-1.14742,51.90725,"SO","[11996]"
-1.14500,51.89717,"NO","[11997]"
-0.99111,51.74789,"E","[11998]"
-0.96439,51.74606,"O","[11999]"
-0.91486,51.69856,"N","[12000]"
-0.83064,51.61722,"SO","[12001]"
-0.82433,51.73011,"S","[12002]"
-0.78464,51.62153,"S","[12004]"
-0.78358,51.63847,"S","[12005]"
-0.78103,51.66783,"N","[12006]"
-0.78031,51.57642,"N","[12007]"
-0.77617,51.63844,"W","[12008]"
-0.76808,51.57786,"SW","[12010]"
-0.76794,51.64000,"N","[12011]"
-0.76519,51.62575,"S","[12012]"
-0.76433,51.57928,"NO","[12013]"
-2.21806,53.44250,"W","[12014]"
-0.98472,51.99619,"N","[12015]"
-0.82342,51.82525,"N","[12016]"
-0.81072,51.79881,"NW","[12017]"
-0.80544,51.82653,"SO","[12018]"
-0.80153,51.80828,"SO","[12019]"
-0.76275,51.99000,"O","[12021]"
-0.54222,51.24242,"[12022]","[12022]"
-0.73864,51.39956,"Both directions","[12023]"
-0.63053,51.39219,"[12024]","[12024]"
-0.62714,51.39386,"[12025]","[12025]"
-0.74003,51.52086,"O","[12026-]"
-0.73983,51.52328,"W","[12027]"
-0.73897,51.52117,"W","[12028-]"
-0.73297,51.52958,"S","[12029]"
-0.73217,51.52897,"N","[12030]"
-0.72558,51.53578,"S","[12031]"
-0.72533,51.53503,"N","[12032]"
-0.65153,51.52858,"bs","[12033]"
-0.63756,51.47358,"W","[12034]"
-0.63650,51.47319,"O","[12035]"
-0.63081,51.52306,"bs","[12036]"
-0.62422,51.47136,"W","[12037]"
-0.62117,51.51200,"O","[12038]"
-0.61558,51.47322,"S","[12040]"
-0.57267,51.48236,"O","[12041]"
-0.57167,51.48217,"W","[12042]"
-0.61986,51.51150,"W","[12043]"
-0.61753,51.53331,"bs","[12044]"
-0.61608,51.52689,"S","[12045]"
-0.61608,51.52625,"N","[12046]"
-0.61425,51.51719,"[12047]","[12047]"
-0.59864,51.52294,"N","[12049]"
-0.58622,51.51831,"O","[12051]"
-0.58569,51.50197,"bs","[12052]"
-0.58300,51.51169,"N","[12053]"
-0.58297,51.51869,"W","[12054]"
-0.58147,51.51358,"[12055]","[12055]"
-0.57175,51.50008,"bs","[12056]"
-0.57028,51.50353,"NW","[12057]"
-0.56781,51.50244,"S","[12058]"
-0.56742,51.50567,"W","[12059]"
-0.55589,51.50492,"O","[12060]"
-0.52100,51.53647,"bs","[12061]"
-0.50339,51.51692,"N","[12062]"
-0.48211,51.45322,"[12064]","[12064]"
-0.45528,51.43544,"S","[12065]"
-0.45172,51.53939,"N","[12066]"
-0.39567,51.44372,"bs","[12067]"
-0.39386,51.51392,"W","[12068]"
-0.38786,51.51283,"E","[12069]"
-0.37519,51.51883,"bs","[12070]"
-0.37300,51.52861,"bs, 20 or 30 km/h (?)","[12071]"
-0.32183,51.41797,"N","[12072]"
-0.31889,51.41622,"S","[12073]"
-0.31328,51.35031,"N","[12074]"
-0.30614,51.36933,"db","[12075]"
-0.30425,51.42464,"[12076]","[12076]"
-0.27997,51.41839,"bs","[12077]"
-0.27392,51.42586,"S","[12079]"
-0.26803,51.36514,"S","[12080]"
-0.26653,51.41547,"W","[12081-]"
-0.25964,51.41211,"S","[12082]"
-0.35881,51.43794,"bs","[12083]"
-0.33300,51.47569,"bs","[12084]"
-0.35161,51.50903,"W, 20 or 30 km/h (?)","[12085]"
-0.34472,51.50847,"W","[12086]"
-0.31761,51.50361,"S","[12087]"
-0.27892,51.47447,"S","[12089]"
-0.29669,51.48656,"O","[12091]"
-0.26800,51.54278,"O","[12092]"
-0.26347,51.54142,"W","[12093]"
-0.73917,51.62611,"turnable, 30 or 40 km/h (?)","[12094]"
-0.71778,51.64925,"S","[12095]"
-0.70964,51.57411,"S","[12097]"
-0.70297,51.57811,"W","[12099]"
-0.69247,51.63886,"S","[12100]"
-0.68475,51.59431,"S","[12101]"
-0.60686,51.66994,"N, bs (?)","[12102]"
-0.60419,51.71725,"bs","[12103]"
-0.60289,51.69606,"NW","[12104]"
-0.58769,51.73697,"S","[12105]"
-0.58475,51.55000,"[12106]","[12106]"
-0.55750,51.66814,"W","[12107]"
-0.55619,51.61064,"N","[12108]"
-0.72000,51.79906,"W","[12109]"
-0.73058,51.99725,"bs","[12110]"
-0.71856,51.95833,"S","[12111]"
-0.71300,51.99736,"[12112]","[12112]"
-0.67283,51.92136,"N","[12113]"
-0.65919,51.91003,"bs","[12114]"
-0.64683,51.92669,"drehbar (?)","[12116-]"
-0.59150,51.86189,"bs","[12117]"
-0.53761,51.88508,"bs","[12118]"
-0.53267,51.88056,"bs","[12119]"
-0.52544,51.87936,"bs","[12120]"
-0.51639,51.87550,"bs","[12121]"
-0.51467,51.88689,"W","[12122]"
-0.51781,51.88669,"W","[1012122001]"
-0.50872,51.85289,"bs","[12123]"
-2.19608,53.46564,"S","[12124]"
-0.49889,51.97972,"N","[12126]"
-0.48375,51.59853,"db","[12127]"
-0.48303,51.59503,"N","[12128]"
-0.44978,51.54492,"S","[12129]"
-0.48114,51.63703,"W","[12131]"
-0.48072,51.63711,"O","[12132]"
-0.46078,51.64428,"O","[12133]"
-0.46031,51.64400,"W","[12134]"
-0.39778,51.66933,"N","[12135]"
-0.43744,51.64925,"bs","[12136]"
-0.42050,51.65336,"W","[12138]"
-0.41156,51.65533,"bs","[12139]"
-0.40547,51.65789,"bs","[12140]"
-0.40239,51.65925,"SW","[12141]"
-0.39425,51.64425,"N","[12142]"
-0.39492,51.64839,"S","[12143]"
-0.39297,51.61714,"NO","[12144]"
-0.38775,51.62983,"S","[12145]"
-0.38600,51.62458,"S","[12146]"
-0.38275,51.63806,"N","[12147]"
-0.38189,51.64189,"S","[12148]"
-0.37503,51.64639,"O","[12149]"
-0.44628,51.72114,"S","[12150]"
-0.43831,51.70603,"N","[12151]"
-0.46739,51.75850,"bs","[12152]"
-0.46414,51.75914,"E","[12153]"
-0.44144,51.76467,"S","[12154]"
-0.42211,51.67628,"S","[12155]"
-0.41811,51.67353,"N","[12156]"
-0.41481,51.68033,"O","[12157]"
-0.41453,51.67019,"S","[12158]"
-0.41047,51.67867,"NW","[12159]"
-0.40992,51.66492,"bs","[12161]"
-0.40736,51.67667,"SO","[12162]"
-0.40611,51.67806,"SO","[12163]"
-0.40556,51.67589,"NW","[12164]"
-0.40458,51.67717,"NW","[12165]"
-0.41408,51.70892,"S","[12166]"
-0.41272,51.70589,"S","[12167]"
-0.39806,51.66917,"O","[12168]"
-0.39694,51.67083,"S","[12169]"
-0.39681,51.67542,"S","[12170]"
-0.39639,51.67383,"N","[12171]"
-0.39183,51.68486,"N","[12172]"
-0.39086,51.68606,"S","[12173]"
-0.38564,51.69067,"N","[12174]"
-0.38550,51.69172,"S","[12175]"
-0.33408,51.56322,"SO","[12177]"
-0.36800,51.64514,"W","[12178]"
-0.32853,51.61397,"O","[12179]"
-0.32489,51.61469,"W","[12180]"
-0.31867,51.62292,"bs","[12181]"
-0.30883,51.54667,"S","[12182]"
-0.29000,51.58603,"W","[12183]"
-0.28114,51.54967,"SE","[12184]"
-0.27658,51.54769,"N","[12185]"
-0.26094,51.56375,"bs","[12186]"
-0.25878,51.59328,"bs","[12187]"
-0.30486,51.61278,"S","[12188]"
-0.28828,51.65086,"bs","[12189]"
-0.25806,51.65981,"W","[12190]"
-0.47247,51.91125,"bs","[12193]"
-0.47181,51.91772,"bs","[12194]"
-0.44000,51.88922,"SO","[12195]"
-0.42953,51.86833,"bs","[12196]"
-0.42939,51.89639,"bs","[12197]"
-0.42489,51.89653,"bs","[12198]"
-0.42211,51.88003,"db","[12199]"
-0.42156,51.87947,"NW","[12200]"
-0.41956,51.87836,"NW","[12201]"
-0.40256,51.87969,"bs","[12202]"
-0.40153,51.88006,"bs","[12203]"
-0.34517,51.82969,"S, db (?)","[12204]"
-0.34386,51.82747,"db","[12205]"
-2.22828,52.18956,"W","[12206]"
-2.21769,52.19064,"S","[12207]"
-2.21350,52.19794,"bs","[12210]"
-2.21272,52.17164,"N","[12211]"
-2.14456,52.45683,"[12213]","[12213]"
-2.11881,52.47511,"W","[12214]"
-2.10011,52.47664,"NO","[12215]"
-2.07328,52.48367,"SO","[12217]"
-2.06728,52.48575,"NW","[12218]"
-2.05744,52.46528,"SO","[12219]"
-2.02411,52.46239,"[12220]","[12220]"
-1.98697,52.47892,"bs","[12221]"
-1.95203,52.07958,"[12223]","[12223]"
-1.96625,52.29917,"bs","[12224]"
-2.54611,51.43978,"W","[12225]"
-1.98161,52.48014,"bs","[12226]"
-1.94042,52.46242,"bs","[12230]"
-1.91558,52.44072,"N","[12232]"
-1.90044,52.45478,"bs","[12234]"
-1.79825,52.39083,"bs","[12236]"
-1.84364,52.45319,"bs","[12237]"
-1.79242,52.39053,"bs","[12238]"
-1.78661,52.39433,"bs","[12239]"
-1.78503,52.40186,"bs","[12240]"
-2.18764,52.58456,"O","[12241]"
-2.18158,52.58475,"W","[12242]"
-2.14283,52.51708,"O","[12243]"
-2.14017,52.50689,"BS","[12244]"
-2.12928,52.48847,"NW","[12245]"
-2.12669,52.50089,"W","[12246]"
-2.11750,52.52942,"SO","[12247]"
-2.10825,52.51767,"W","[12248]"
-2.15047,52.56256,"NO","[12249]"
-2.14550,52.56686,"NO","[12250]"
-2.14047,52.57139,"[12251]","[12251]"
-2.12417,52.55058,"N","[12252]"
-2.11897,52.56281,"S","[12253]"
-2.11883,52.56247,"N","[12254]"
-2.11144,52.59122,"[12255]","[12255]"
-2.10844,52.59242,"[12256]","[12256]"
-2.06953,52.49911,"SO","[12260]"
-2.06150,52.54106,"[12261]","[12261]"
-2.06019,52.53775,"S","[12262]"
-2.05964,52.49247,"SO","[12263]"
-2.05892,52.53619,"S","[12264]"
-2.05297,52.52164,"NO","[12266]"
-2.09233,52.58344,"[12267]","[12267]"
-2.06669,52.56300,"[12269]","[12269]"
-2.06583,52.56269,"[12270]","[12270]"
-2.05853,52.58322,"bs","[12271]"
-2.04458,52.52689,"SW","[12272]"
-2.04203,52.56375,"[12273]","[12273]"
-2.02658,52.58617,"bs","[12274]"
-2.01033,52.55756,"S, db (?)","[12275]"
-2.00906,52.55872,"N, bs (?)","[12276]"
-1.99489,52.59603,"bs","[12277]"
-2.09703,52.61558,"[12278]","[12278]"
-2.09556,52.61719,"[12279]","[12279]"
-2.05781,52.60808,"O","[12281]"
-2.05650,52.60825,"W","[12282]"
-2.04983,52.67675,"S","[12283]"
-2.02453,52.61683,"NO, inactive","[12285]"
-2.01528,52.60858,"S, bs (?)","[12286]"
-2.01203,52.65108,"[12287]","[12287]"
-2.01117,52.63744,"S","[12288]"
-2.01094,52.65658,"N","[12289]"
-2.01081,52.65911,"N","[12290]"
-2.01061,52.66006,"S","[12291]"
-2.01056,52.63550,"N","[12292]"
-2.00389,52.62200,"N","[12293]"
-2.04408,52.68100,"[12294]","[12294]"
-2.04083,52.71767,"S","[12295]"
-2.03764,52.70364,"N","[12297]"
-2.03667,52.70194,"S","[12298]"
-2.03322,52.69475,"N","[12299]"
-2.03067,52.69703,"N","[12300]"
-2.02794,52.70342,"S","[12301]"
-2.02731,52.67347,"NO","[12302]"
-2.02600,52.70778,"N","[12303]"
-2.02200,52.71703,"S","[12304]"
-2.01844,52.66819,"SO","[12305]"
-2.01358,52.66506,"NW","[12306]"
-2.14264,52.79572,"NO","[12307]"
-2.12869,52.82494,"[12308]","[12308]"
-2.11878,52.79342,"S","[12309]"
-2.11775,52.78783,"SO","[12310]"
-2.11436,52.78067,"S","[12311]"
-2.11361,52.77847,"N, bs (?)","[12312]"
-2.07325,52.78819,"O","[12313]"
-1.97069,52.51089,"bs","[12314]"
-1.96606,52.51025,"bs","[12315]"
-1.95119,52.49353,"bs","[12316]"
-1.96450,52.59233,"W","[12320]"
-1.93061,52.59758,"W","[12324]"
-1.89531,52.49706,"S","[12327]"
-1.89739,52.58261,"O","[12328]"
-1.88903,52.59008,"N","[12329]"
-1.88872,52.58933,"S","[12330]"
-1.88583,52.58131,"N, bs?","[12331]"
-1.88203,52.57317,"S","[12332]"
-1.88100,52.57122,"N","[12333]"
-1.97728,52.60758,"[12334]","[12334]"
-1.94875,52.64381,"SW","[12335]"
-1.94075,52.64683,"SW","[12336]"
-1.93722,52.62317,"SW","[12337]"
-1.92903,52.62842,"NO","[12338]"
-1.92706,52.62972,"SW","[12339]"
-1.92711,52.63264,"NW","[12340]"
-1.97406,52.66928,"S","[12341]"
-1.97311,52.67189,"N","[12342]"
-1.94644,52.68344,"[12345]","[12345]"
-1.94433,52.68314,"[12346]","[12346]"
-1.92769,52.68083,"O","[12347]"
-1.92564,52.68056,"W","[12348]"
-1.92489,52.68044,"O","[12349]"
-1.91692,52.67931,"W","[12351]"
-1.91250,52.67872,"[12352]","[12352]"
-1.85561,52.49411,"south-bound, by old bus depot","[12354]"
-1.93831,52.75611,"S, bs?","[12357]"
-1.70564,52.48694,"S","[12358]"
-1.37458,52.01914,"bs","[12359-]"
-1.35772,52.06756,"bs","[12360]"
-1.27175,52.13664,"bs","[12361]"
-1.24642,52.17339,"db","[12362]"
-1.26483,52.36589,"[12364-]","[12364-]"
-1.68497,52.59744,"N","[12365]"
-1.68419,52.59883,"N","[12366]"
-1.68389,52.60500,"N","[12367]"
-1.68367,52.60189,"S","[12368]"
-1.70456,52.65172,"N","[12369]"
-1.70394,52.64911,"S","[12370]"
-1.70253,52.61536,"W","[12371]"
-1.70031,52.64644,"SO","[12372]"
-1.69667,52.64417,"NO","[12373]"
-1.68428,52.61561,"S","[12374]"
-1.68308,52.61281,"N","[12375]"
-1.68283,52.62944,"O","[12376]"
-1.68272,52.60908,"S","[12377]"
-1.67872,52.61086,"O","[12378]"
-1.67617,52.61033,"W","[12379]"
-1.67164,52.62764,"[12380]","[12380]"
-1.66947,52.60906,"O","[12381]"
-1.65983,52.60728,"W","[12383]"
-1.65086,52.61964,"S","[12384]"
-1.65031,52.61475,"NW","[12385]"
-1.51375,52.53678,"bs","[12386]"
-1.49269,52.53264,"bs","[12387]"
-1.69381,52.81225,"O","[12388]"
-1.66886,52.78778,"[12389]","[12389]"
-1.65197,52.82903,"S","[12390]"
-1.64558,52.79014,"NO","[12391]"
-1.64178,52.79372,"[12392]","[12392]"
-1.63975,52.79525,"[12393]","[12393]"
-1.61689,52.78639,"NW","[12394]"
-1.60658,52.77936,"S","[12395]"
-1.59933,52.77442,"NW","[12396]"
-1.56594,52.73653,"S","[12397]"
-1.56272,52.73228,"N","[12398]"
-1.55597,52.78719,"S","[12399]"
-1.55144,52.76167,"S","[12400]"
-1.54975,52.78342,"SO","[12401]"
-1.54939,52.75900,"N","[12402]"
-1.54300,52.77917,"NW","[12403]"
-1.54128,52.77833,"SO","[12404]"
-1.53814,52.77358,"N","[12405]"
-1.52381,52.76564,"W","[12406]"
-1.48011,52.52419,"bs","[12408]"
-1.47342,52.49039,"S","[12409]"
-1.46567,52.53575,"bs","[12410]"
-1.45867,52.52681,"SW","[12411]"
-1.47014,52.91319,"bs","[12414]"
-1.46447,52.90800,"NW","[12415]"
-1.46150,52.90403,"SO","[12416]"
-1.42906,52.92058,"SO Front","[12419]"
-1.41714,52.91736,"bs","[12420]"
-1.41086,52.91517,"W Front","[12421]"
-1.40183,52.91214,"W","[12422]"
-1.39600,52.92347,"[12423]","[12423]"
-1.39025,52.92439,"[12425]","[12425]"
-1.27767,52.83256,"N","[12426]"
-1.32972,52.95836,"O","[12427]"
-1.30131,52.92022,"O","[12428]"
-1.29647,52.92156,"W","[12429]"
-1.29267,52.92272,"O","[12430]"
-1.29300,52.88036,"bs","[12431]"
-1.29217,52.88106,"bs","[12432]"
-1.29172,52.91164,"N","[12433]"
-1.29136,52.88161,"bs","[12434]"
-1.28919,52.91733,"S","[12436]"
-1.27914,52.90122,"SO","[12438-]"
-1.27914,52.89014,"bs","[12439]"
-1.27850,52.89078,"bs","[12440]"
-1.25778,52.90050,"db","[12442]"
-2.20653,52.99169,"S","[12444]"
-2.20519,52.98928,"N","[12445]"
-2.20400,52.98711,"bs","[12446]"
-2.20153,52.98419,"N","[12447]"
-2.19100,52.96542,"O","[12448]"
-2.17931,52.96628,"O","[12449]"
-2.17697,52.96667,"W","[12450]"
-2.18867,53.03014,"N","[12451]"
-2.18781,53.03217,"S","[12452]"
-2.17889,53.02097,"NW","[12453]"
-2.17358,53.02875,"NW","[12454]"
-2.17258,53.02792,"S","[12455]"
-2.17125,53.02458,"S","[12457]"
-2.15969,52.96944,"O","[12458]"
-2.14931,52.97269,"SW","[12459]"
-2.14453,52.97686,"NO","[12460]"
-2.13989,52.97833,"W","[12462]"
-2.13950,53.01697,"SO","[12463]"
-2.13703,53.01483,"NW","[12464]"
-2.13236,53.01186,"S","[12465]"
-2.12789,53.00925,"NW","[12466]"
-2.12517,53.00772,"BS","[12467]"
-2.16856,53.04514,"NO","[12468]"
-2.16433,53.04681,"SW","[12469]"
-2.15058,53.02197,"SO","[12470]"
-2.14533,53.02008,"W","[12471]"
-2.14464,53.02469,"O","[12472]"
-2.12694,53.02278,"O","[12473]"
-2.11542,53.07308,"N","[12474]"
-2.23131,53.08422,"NW","[12475]"
-2.19850,53.16022,"NW","[12476]"
-2.18836,53.15553,"SO","[12477]"
-2.18050,53.10572,"S","[12478]"
-2.18033,53.09783,"N","[12479]"
-2.10844,53.07867,"SW","[12480]"
-2.10064,52.98258,"S","[12482]"
-2.10050,52.98147,"N","[12483]"
-2.10050,52.98828,"S","[12484]"
-2.09992,52.99050,"N","[12485]"
-2.09969,52.99089,"S","[12486]"
-2.09486,52.99783,"S","[12487]"
-2.06728,53.02286,"NO","[12488]"
-2.06464,53.02794,"S","[12489]"
-2.05478,53.03769,"NO","[12490]"
-2.05281,53.04119,"S","[12491]"
-2.05200,53.04242,"N","[12492]"
-2.05144,53.04519,"S","[12493]"
-2.04306,53.06283,"N","[12494]"
-2.04058,53.07264,"S","[12495]"
-2.04014,53.11044,"O","[12496]"
-2.03894,53.09581,"N","[12497]"
-2.03356,53.10922,"SO","[12498]"
-2.03292,53.10889,"NW","[12499]"
-2.03017,53.10739,"NW","[12500]"
-2.01122,53.10325,"N","[12501]"
-2.00897,53.10128,"N","[12502]"
-2.12764,53.27114,"S","[12503]"
-2.19803,53.42800,"N, bs?","[12504]"
-2.19706,53.39886,"NO","[12505]"
-2.19628,53.43000,"S","[12506]"
-2.18136,53.40608,"O","[12508]"
-2.14200,53.39053,"bs","[12510]"
-2.14117,53.42067,"[12511]","[12511]"
-2.13739,53.38883,"NW","[12512]"
-2.12475,53.41928,"SW","[12514]"
-2.11319,53.37028,"N","[12515]"
-2.10317,53.42472,"W","[12516]"
-2.07150,53.36428,"BS","[12518]"
-1.88489,53.05150,"O","[12519]"
-1.87981,53.05025,"SO","[12520]"
-1.87897,53.04981,"NW","[12521]"
-1.87208,53.04903,"O","[12522]"
-1.87022,53.04903,"W","[12523]"
-1.91256,53.26042,"[12524]","[12524]"
-1.90078,53.26353,"SW Front","[12525]"
-2.22122,53.46011,"SO","[12526]"
-2.22019,53.44872,"N","[12527]"
-2.19314,53.45058,"bs","[12528]"
-2.20700,53.49700,"[12530]","[12530]"
-2.19428,53.53006,"W","[12531]"
-2.12906,53.47128,"W","[12535]"
-2.16503,53.50758,"SW","[12541]"
-2.15147,53.51444,"N","[12542]"
-2.13861,53.52492,"[12543]","[12543]"
-2.17742,53.65169,"S","[12544]"
-2.17669,53.65275,"N","[12545]"
-2.17544,53.57461,"[12546]","[12546]"
-2.17275,53.66233,"S","[12548]"
-2.13992,53.56256,"db","[12549]"
-2.13497,53.62406,"N","[12550]"
-2.12939,53.61639,"S","[12551]"
-2.12183,53.56547,"S","[12552]"
-1.50883,52.44139,"N, bs (?)","[12554-]"
-2.09181,53.47486,"S","[12556]"
-2.08844,53.46008,"N","[12558]"
-2.07192,53.47778,"NO","[12566]"
-2.10817,53.51606,"[12569]","[12569]"
-2.05317,53.53761,"S","[12575]"
-2.04531,53.47872,"[12576-]","[12576-]"
-2.04497,53.48556,"[12577]","[12577]"
-2.03456,53.47058,"NW","[12579-]"
-2.01478,53.45689,"W","[12581-]"
-1.99489,53.46136,"[12585-]","[12585-]"
-1.98817,53.46431,"O","[12587-]"
-2.03072,53.49531,"S, bs (?)","[12588]"
-2.22892,53.69169,"O","[12589]"
-2.21700,53.69281,"W","[12590]"
-2.19731,53.69733,"O","[12591]"
-2.16672,53.68536,"S","[12592]"
-2.16653,53.67789,"N","[12593]"
-2.23142,53.79742,"N","[12594]"
-2.22472,53.82397,"W","[12596]"
-2.22347,53.83200,"NO","[12597]"
-2.22300,53.78881,"W","[12599]"
-2.22283,53.83908,"W","[12600]"
-2.22131,53.82167,"N","[12601]"
-2.21747,53.81008,"O","[12602]"
-2.21539,53.84172,"S","[12603-]"
-2.21383,53.83892,"N","[12604]"
-2.21306,53.81053,"W","[12605]"
-2.20778,53.78556,"O","[12606]"
-2.19933,53.83625,"W","[12607]"
-2.18456,53.85183,"SW","[12608]"
-1.97097,53.44611,"bs","[12610]"
-1.96925,53.44519,"bs","[12611]"
-1.96047,53.44364,"bs","[12612]"
-1.95889,53.44344,"bs","[12613]"
-1.93058,53.60047,"O","[12614]"
-1.88644,53.61953,"NO","[12615]"
-1.85106,53.62883,"[12616]","[12616]"
-1.84022,53.63469,"NO","[12617]"
-1.82500,53.63717,"O","[12618]"
-1.77478,53.59692,"SO","[12619]"
-1.77025,53.59197,"bs","[12620]"
-1.79758,53.62944,"bs","[12621]"
-1.79333,53.61881,"SO","[12622]"
-1.78642,53.64200,"W","[12623]"
-1.78147,53.65808,"S","[12624]"
-1.76986,53.64314,"O, db (?)","[12625]"
-1.76450,53.64297,"W","[12626]"
-1.75681,53.64572,"O","[12628]"
-1.75092,53.64478,"W","[12629]"
-1.75061,53.65006,"W","[12630]"
-1.74136,53.64464,"O","[12631]"
-1.73917,53.64483,"W","[12632]"
-1.89033,53.74906,"W","[12635]"
-1.88806,53.74772,"SO","[12636]"
-1.88606,53.74606,"SO","[12637]"
-1.88403,53.74431,"NW","[12638]"
-1.77772,53.77189,"N","[12639]"
-1.87758,53.72778,"bs","[12640]"
-1.87272,53.72681,"O","[12642]"
-1.86219,53.77547,"SO","[12643-]"
-1.92900,53.83842,"S","[12645]"
-1.85733,53.77378,"SO","[12646]"
-1.85650,53.77325,"NW","[12647]"
-1.85358,53.77175,"[12648]","[12648]"
-1.74178,53.71811,"[12649]","[12649]"
-1.78050,53.76875,"N","[12650]"
-1.77733,53.77228,"S","[12651]"
-1.77547,53.77442,"bs","[12652]"
-1.82478,53.79194,"O","[12655]"
-1.81978,53.79306,"W","[12656]"
-1.78003,53.78925,"SO","[12657]"
-1.77603,53.78725,"NW","[12658]"
-1.77161,53.80125,"SO","[12659]"
-1.76314,53.83550,"O","[12661]"
-1.76267,53.79786,"W","[12662]"
-1.76078,53.83611,"W","[12663]"
-1.75792,53.83692,"W","[12664]"
-1.75600,53.83744,"O","[12665]"
-1.75150,53.83872,"O","[12667]"
-1.74278,53.80028,"N","[12668]"
-1.74275,53.80172,"S","[12669]"
-1.74050,53.79869,"SO","[12670]"
-1.52039,53.38014,"O","[12671]"
-1.50997,53.35775,"N","[12672]"
-1.36611,53.01108,"bs","[12673]"
-1.37772,53.09858,"W","[12674]"
-1.34994,53.01403,"NO","[12675]"
-1.34772,53.00881,"SO","[12676]"
-1.34681,53.01578,"NO","[12677]"
-1.34692,53.01561,"SW","[12678]"
-1.33558,53.01817,"W","[12679]"
-1.32267,52.95917,"W","[12680]"
-1.30136,52.96458,"bs","[12681]"
-1.30017,52.96372,"bs","[12682]"
-1.29631,52.96153,"bs","[12683]"
-1.33789,53.10067,"O","[12685]"
-1.33447,53.10078,"W","[12686]"
-1.46611,53.23094,"db","[12688]"
-1.45844,53.23142,"W","[12689]"
-1.42822,53.21761,"S","[12690]"
-1.42803,53.21661,"N","[12691]"
-1.42408,53.22792,"S","[12692]"
-1.39450,53.30689,"W","[12693]"
-1.39061,53.30814,"W","[12695]"
-1.38739,53.23383,"bs","[12696]"
-1.37667,53.30583,"W","[12698]"
-1.36928,53.30594,"W","[12699]"
-1.36811,53.26050,"W","[12700]"
-1.48267,53.39281,"SE","[12701]"
-1.46372,53.39617,"bs","[12702]"
-1.44128,53.40744,"E, Front Heck","[12703]"
-1.39861,53.34728,"NW","[12704]"
-1.36211,53.30822,"O","[12705]"
-1.35956,53.26433,"NE","[12706]"
-1.31986,53.37142,"N","[12707]"
-1.65603,53.52667,"[12709]","[12709]"
-1.64633,53.57625,"SW","[12710]"
-1.62614,53.58886,"NO","[12711]"
-1.50781,53.66417,"N","[12713]"
-1.49572,53.44236,"S","[12714]"
-1.49028,53.54431,"O","[12715]"
-1.72728,53.71572,"W","[12716]"
-1.72022,53.71239,"W","[12717]"
-1.72069,53.71403,"N","[12718]"
-1.71928,53.71575,"BS","[12719]"
-1.71686,53.71711,"N","[12720]"
-1.71572,53.72064,"BS, 2 Geräte","[12721]"
-1.70875,53.71144,"O","[12723]"
-1.68683,53.67467,"W","[12724]"
-1.68331,53.67458,"O","[12725]"
-1.67961,53.67494,"W","[12726]"
-1.70128,53.72703,"SW","[12727-]"
-1.69756,53.72878,"O","[12728]"
-1.68992,53.72936,"W","[12729]"
-1.67125,53.67628,"W","[12730]"
-1.66567,53.70181,"O","[12731]"
-1.66308,53.70919,"W","[12732]"
-1.66061,53.69833,"[12733]","[12733]"
-1.65819,53.70825,"W","[12734]"
-1.65639,53.69250,"N","[12735]"
-1.65583,53.67989,"W","[12736]"
-1.65256,53.70611,"O","[12738]"
-1.64894,53.72419,"NW","[12739]"
-1.64425,53.72106,"SO","[12740]"
-1.64144,53.71936,"S","[12741]"
-1.63997,53.69878,"N","[12742]"
-1.63669,53.69625,"N","[12743-]"
-1.63228,53.71594,"S","[12744]"
-1.63194,53.67486,"SO","[12745]"
-1.62678,53.70872,"N","[12747]"
-1.65408,53.72628,"NW","[12749]"
-1.65003,53.72483,"SO","[12750]"
-1.64608,53.73556,"[12751]","[12751]"
-1.63708,53.73825,"[12752]","[12752]"
-1.68508,53.82950,"S","[12754]"
-1.68417,53.82825,"N","[12755]"
-1.67689,53.79408,"SO","[12756]"
-1.68792,53.85653,"S","[12757]"
-1.68167,53.85033,"NE","[12758]"
-1.67289,53.80539,"O","[12759]"
-1.65792,53.82225,"SO","[12761]"
-1.65575,53.82106,"NW","[12762]"
-1.64953,53.83408,"NW","[12763]"
-1.64906,53.81792,"W","[12764]"
-1.64708,53.81761,"O","[12765]"
-1.64469,53.83228,"O","[12766]"
-1.63967,53.83194,"W, bs (?)","[12767]"
-1.63686,53.83144,"O, bs (?)","[12768]"
-1.60831,53.74914,"W","[12769]"
-1.60397,53.75097,"O","[12770]"
-1.59647,53.75578,"W","[12771]"
-1.59139,53.76033,"N","[12772]"
-1.53739,53.67872,"O","[12776]"
-1.53628,53.66733,"SW","[12777]"
-1.53486,53.67792,"W","[12778]"
-1.52778,53.66956,"O","[12779]"
-1.52697,53.67833,"O","[12780]"
-1.52453,53.67811,"W","[12781]"
-1.52372,53.67169,"bs","[12782]"
-1.52136,53.67833,"O","[12783]"
-1.51989,53.67850,"W","[12784]"
-1.51878,53.67361,"N","[12785]"
-1.51767,53.67525,"S","[12786]"
-1.50614,53.66675,"bs","[12787]"
-1.50275,53.67286,"N","[12788]"
-1.53497,53.74900,"bs","[12790]"
-1.59042,53.83233,"bs","[12792]"
-1.59056,53.79350,"O","[12793]"
-1.58367,53.82833,"bs","[12794]"
-1.58158,53.82578,"N","[12795]"
-1.46522,53.53447,"S","[12801]"
-1.38658,53.43589,"db","[12802]"
-1.45969,53.55267,"db","[12805]"
-1.38978,53.59525,"SW","[12808]"
-1.31631,53.52797,"S","[12813]"
-1.31111,53.52583,"[12814]","[12814]"
-1.29508,53.59950,"SW","[12816]"
-1.29192,53.60114,"[12817]","[12817]"
-1.28856,53.60267,"[12818-]","[12818-]"
-1.21817,52.05306,"bs","[12819]"
-1.09256,52.44669,"bs","[12820]"
-0.90836,52.22208,"bs","[12822-]"
-0.90394,52.24608,"removed(?)","[12823]"
-0.89856,52.15514,"db","[12824]"
-0.86156,52.23622,"bs","[12826]"
-0.85078,52.25144,"bs, perhaps inactive","[12827]"
-0.82383,52.06525,"bs","[12828]"
-0.96494,52.27311,"bs","[12829]"
-0.90417,52.26553,"[12830]","[12830]"
-0.90039,52.25428,"[12831-]","[12831-]"
-0.87378,52.25556,"bs","[12832]"
-1.15161,52.60536,"SW","[12835]"
-1.14919,52.63414,"O","[12836]"
-1.14919,52.63400,"W","[12837]"
-1.13281,52.62625,"N","[12840]"
-1.13286,52.62722,"[12841-]","[12841-]"
-1.12981,52.62506,"NO","[12842]"
-1.12864,52.62667,"SW","[12843]"
-1.12217,52.62886,"SO","[12844]"
-1.07614,52.63836,"bs","[12845]"
-1.09508,52.95506,"O","[12848]"
-1.09236,52.95486,"W","[12849]"
-1.09167,52.95489,"O","[12850]"
-1.09064,52.95494,"W","[12851]"
-0.73536,52.08428,"W","[12853]"
-0.73364,52.20042,"bs, perhaps inacitve","[12854]"
-0.72372,52.28894,"bs","[12859]"
-0.69103,52.43428,"bs","[12861]"
-0.68800,52.29706,"bs","[12862]"
-0.68775,52.44064,"bs","[12863]"
-0.61533,52.29433,"bs","[12864]"
-0.47219,52.12411,"bs","[12865]"
-0.35531,52.15639,"NO","[12866]"
-0.26006,52.21958,"bs","[12868]"
-0.72286,52.51439,"[12869]","[12869]"
-0.46619,52.66189,"bs","[12871]"
-1.21211,53.13969,"NO","[12874]"
-1.19967,53.14483,"N","[12875]"
-1.19417,53.15086,"db","[12877]"
-1.11133,52.98308,"NW, Front","[12879]"
-1.79469,52.63661,"[12880]","[12880]"
-1.09789,52.97886,"bs","[12881]"
-1.09256,52.97639,"bs","[12882]"
-1.20919,53.22697,"bs","[12883]"
-0.58217,53.18636,"bs","[12884-]"
-0.57944,53.21458,"bs","[12885]"
-0.55269,53.19494,"bs","[12887]"
-0.54347,53.20794,"bs","[12888]"
-0.53658,53.22903,"S","[12889]"
-0.34119,53.03953,"bs","[12890]"
-0.36847,53.75106,"W","[12891]"
-0.34972,53.76828,"bs","[12892]"
-0.19119,50.82647,"bs","[12894]"
-0.15700,50.83472,"O","[12895]"
-0.14847,50.83919,"S","[12896]"
-0.14528,50.83742,"W","[12897]"
-0.13519,50.84989,"S","[12898]"
-0.07508,50.83383,"bs","[12901]"
0.01728,50.78806,"bs","[12903]"
0.10011,50.97775,"[12904]","[12904]"
0.26219,50.78344,"[12905]","[12905]"
0.26600,50.78983,"[12906]","[12906]"
0.27311,50.78078,"[12908]","[12908]"
0.31167,50.79761,"db","[12909]"
0.56611,50.86992,"db","[12912]"
0.56731,50.85264,"[12913]","[12913]"
0.59689,50.86181,"[12914]","[12914]"
-0.21111,51.10431,"bs","[12916]"
-0.20264,51.24861,"bs","[12917]"
-0.19178,51.10775,"rotatable","[12918]"
-0.17542,51.13492,"bs","[12919]"
-0.07678,51.30425,"S","[12922]"
-0.23317,51.32083,"just before junction with Rose Bushes, db","[12923]"
-0.20564,51.39025,"db","[12925]"
-0.01503,51.47297,"W","[12927]"
-0.12661,51.32936,"db","[12928]"
-0.17908,51.38578,"[12929]","[12929]"
-0.15653,51.38158,"S","[12932]"
-0.13006,51.42375,"db, 20 or 30 km/h (?)","[12933]"
-0.12756,51.41875,"S","[12935]"
-0.12733,51.41847,"N","[12936]"
-0.23928,51.46875,"[12937]","[12937]"
-0.23589,51.44706,"N","[12938]"
-0.21847,51.48217,"S","[12939]"
-0.21425,51.45258,"O","[12940]"
-0.20806,51.45508,"O","[12941]"
-0.23322,51.52456,"S","[12942]"
-0.23056,51.52206,"S","[12943]"
-0.22786,51.50581,"BS","[12944]"
-0.18014,51.46544,"N","[12945]"
-0.17564,51.45172,"N","[12946]"
-0.15583,51.43964,"N","[12947]"
-0.15208,51.45608,"O","[12948]"
-0.15072,51.44558,"N","[12949]"
-0.15094,51.45556,"NW","[12950]"
-0.14544,51.45503,"N","[12951]"
-0.14078,51.46972,"O","[12953]"
-0.12536,51.44061,"db","[12956]"
-0.12481,51.47025,"S","[12957-]"
-0.17781,51.51133,"bs","[12958]"
-0.13519,51.53133,"S","[12961]"
-0.13500,51.54464,"bs","[12962]"
-0.13464,51.53086,"N","[12963]"
-0.13064,51.48742,"S","[12964]"
-0.12533,51.49225,"[12966]","[12966]"
-0.11961,51.33589,"S","[12967]"
-0.11728,51.35978,"S","[12968]"
-0.11500,51.33694,"SO","[12969]"
-0.09778,51.35728,"[12970]","[12970]"
-0.06817,51.36261,"bs","[12971]"
-0.06750,51.34067,"SW","[12972]"
-0.12064,51.38125,"S","[12974]"
-0.11603,51.39778,"N","[12975]"
-0.11469,51.38197,"bs","[12976-]"
-0.10508,51.41900,"db","[12977]"
-0.10428,51.39717,"O","[12978]"
-0.09339,51.39461,"S","[12979]"
-0.09111,51.41342,"NW","[12980]"
-0.08683,51.39369,"N","[12981]"
-0.07814,51.39347,"O","[12982]"
-0.07700,51.42256,"db","[12983]"
-0.07492,51.37939,"bs","[12984]"
-0.06947,51.37425,"db","[12985]"
-0.06933,51.39622,"S","[12986]"
-0.06697,51.39367,"N","[12987-]"
-0.05692,51.33878,"[12988]","[12988]"
-0.04817,51.34792,"bs","[12990]"
-0.05336,51.40194,"bs","[12991]"
-0.02372,51.41767,"bs","[12992]"
-0.01739,51.40956,"[12993]","[12993]"
-0.00833,51.37414,"bs","[12994-]"
-0.12228,51.45069,"N","[12996]"
-0.11919,51.44375,"db","[12997]"
-0.11803,51.45742,"S","[12998]"
-0.11550,51.47897,"N","[12999]"
-0.11328,51.45306,"S","[13000]"
-0.11317,51.46669,"N","[13001]"
-0.11278,51.47278,"N","[13002]"
-0.11272,51.47214,"S","[13003]"
-0.11267,51.47467,"S","[13004]"
-0.11250,51.46933,"S","[13005]"
-0.09969,51.43936,"O","[13006]"
-0.08900,51.43089,"S","[13009]"
-0.07686,51.44264,"W","[13010]"
-0.07417,51.43067,"[13011]","[13011]"
-0.06383,51.45600,"bs","[13013]"
-0.12311,51.48878,"N","[13014]"
-0.11108,51.49128,"S","[13015]"
-0.09600,51.51122,"O","[13016]"
-0.10164,51.51117,"O","[13016]"
-0.09542,51.51108,"W, 20 o. 30 km/h (?)","[13017]"
-0.11708,51.54089,"bs","[13018]"
-0.11700,51.54050,"bs","[13019]"
-0.10339,51.53669,"S","[13021]"
-0.09856,51.54206,"db","[13022]"
-0.09364,51.53928,"S","[13023]"
-0.08786,51.49408,"W","[13024]"
-0.07653,51.48825,"S","[13029]"
-0.07008,51.50847,"O","[13030]"
-0.06972,51.50853,"W","[13031]"
-0.06283,51.50933,"O","[13032]"
-0.06256,51.50933,"W","[13033]"
-0.09233,51.52503,"bs","[13034]"
-0.07031,51.53822,"[13037]","[13037]"
-0.05386,51.46397,"bs","[13038]"
-0.02053,51.44142,"N","[13039]"
-0.01625,51.45364,"S","[13041]"
-0.01061,51.47253,"W","[13042]"
-0.04983,51.51369,"O","[13044]"
-0.04892,51.50981,"O, 20 o. 30 km/h (?)","[13045]"
-0.03750,51.49772,"N","[13046]"
-0.05294,51.52047,"E","[13049]"
-0.04344,51.52225,"O","[13050]"
-0.02603,51.49964,"S","[13053]"
-0.02592,51.49833,"N","[13054]"
-0.02572,51.49614,"N","[13056]"
-0.02369,51.50875,"3 speedcams inside the tunnel","[13058]"
-0.02250,51.50847,"3 speedcams inside the tunnel","[13058]"
-0.01875,51.48828,"O","[13059]"
-0.01625,51.48736,"W","[13060]"
-0.02714,51.52672,"[13063]","[13063]"
0.20600,51.13097,"[13064]","[13064]"
0.24731,51.12153,"[13065]","[13065]"
0.01450,51.40886,"bs","[13066]"
0.02564,51.40694,"bs","[13067]"
0.03358,51.39083,"NW","[13068]"
0.04483,51.37467,"N, bs (?)","[13069]"
0.05786,51.38983,"bs","[13070]"
0.10317,51.40872,"[13071]","[13071]"
0.05156,51.43100,"bs","[13073]"
0.05814,51.47786,"N","[13074]"
0.03192,51.51283,"N","[13078]"
0.04481,51.53136,"[13079]","[13079]"
0.04994,51.49217,"W","[13080]"
0.05622,51.49292,"bs","[13081]"
0.06417,51.42742,"bs","[13082]"
0.06533,51.46211,"W","[13083]"
0.07878,51.43222,"E","[13084]"
0.11347,51.49467,"W","[13085]"
0.23125,51.42217,"db","[13087]"
0.23814,51.40303,"N","[13088]"
0.13989,51.48383,"W","[13090]"
0.15367,51.48128,"bs","[13091]"
0.17033,51.48061,"bs","[13092]"
0.15097,51.53081,"O","[13095]"
0.16178,51.53653,"N","[13096]"
0.17233,51.53669,"bs","[13097]"
0.24258,51.44264,"W","[13100]"
-0.19272,51.55517,"db","[13102]"
-0.18033,51.54772,"N","[13103]"
-0.12767,51.55008,"N","[13105]"
-0.12358,51.56064,"bs","[13108]"
-0.13167,51.61011,"O","[13109]"
-0.13050,51.60981,"W","[13110]"
-0.21156,51.70153,"bs","[13111]"
-0.19897,51.69828,"bs","[13112]"
-0.19744,51.66750,"S","[13113]"
-0.18550,51.69297,"W","[13114]"
-0.12956,51.67778,"S","[13116]"
-0.12292,51.55442,"N","[13117]"
-0.11903,51.60181,"N","[13120]"
-0.11433,51.55425,"bs","[13123]"
-0.10617,51.54792,"S","[13125]"
-0.10244,51.56600,"S","[13126]"
-0.09828,51.56897,"N","[13127]"
-0.09178,51.56122,"bs","[13128]"
-0.08944,51.57297,"db","[13129]"
-0.07936,51.58006,"N","[13130]"
-0.07283,51.56947,"bs","[13131]"
-0.07111,51.54625,"W","[13132]"
-0.07125,51.58681,"[13133]","[13133]"
-0.06642,51.57164,"[13134]","[13134]"
-0.11917,51.62933,"bs","[13135]"
-0.10061,51.65500,"W","[13138]"
-0.05019,51.56028,"SW","[13139]"
-0.04972,51.58625,"W","[13140]"
-0.04439,51.58681,"O","[13141]"
-0.01872,51.57242,"O","[13142]"
-0.01486,51.57392,"W","[13143]"
-0.04839,51.65450,"bs","[13144]"
-0.03261,51.71281,"N","[13145]"
-0.02753,51.71719,"S","[13146]"
-0.20014,51.79894,"bs","[13147]"
-0.19961,51.79997,"S","[13148]"
-0.23619,51.96742,"NO","[13149]"
-0.22972,51.96956,"SW","[13150]"
-0.21903,51.97331,"SW","[13151]"
-0.21214,51.97619,"NO","[13152]"
-0.06622,51.79864,"O","[13153]"
-0.06222,51.79956,"W","[13154]"
-0.02444,51.80333,"[13155]","[13155]"
0.01919,51.60275,"bs","[13156]"
0.04517,51.64044,"N","[13157]"
0.07767,51.58431,"SW","[13158]"
0.06231,51.61089,"bs","[13159]"
0.06447,51.65419,"S","[13160]"
0.06967,51.60844,"bs","[13161]"
0.11014,51.61850,"bs","[13162]"
0.09372,51.67283,"O","[13163]"
0.10289,51.69425,"N","[13164]"
0.15836,51.57431,"bs","[13165]"
0.21078,51.60081,"bs","[13166]"
0.23378,51.58000,"bs","[13167]"
0.24175,51.59136,"[13168]","[13168]"
0.17161,51.71833,"[13169]","[13169]"
0.24500,51.71039,"S","[13170]"
0.25444,51.16300,"[13171]","[13171]"
0.26150,51.14753,"[13173-]","[13173-]"
0.26325,51.20589,"[13174]","[13174]"
0.27989,51.13406,"[13175]","[13175]"
0.30881,51.29597,"Both directions near The Avenue","[13176]"
0.27175,51.47617,"O","[13178]"
0.29306,51.51417,"N","[13180]"
0.29397,51.47675,"O","[13181]"
0.29822,51.45108,"both-way","[13182]"
0.36158,51.37806,"northbound, north of junction of Wrotham Road","[13184]"
0.36367,51.42778,"db","[13185]"
0.38389,51.42239,"N","[13186]"
0.38972,51.43533,"[13187]","[13187]"
0.47189,51.39986,"W","[13188]"
0.48519,51.40586,"W","[13189]"
0.50231,51.26883,"[13190]","[13190]"
0.50306,51.28206,"[13191]","[13191]"
0.52292,51.26778,"[13192]","[13192]"
0.53044,51.25989,"db","[13193]"
0.53622,51.25397,"[13194]","[13194]"
0.55581,51.25947,"between Denton Close","[13195]"
0.50444,51.41047,"O","[13196]"
0.50581,51.40469,"NO","[13197]"
0.51581,51.38222,"W","[13198]"
0.52644,51.38044,"db","[13200]"
0.52942,51.37903,"W","[13201]"
0.53031,51.37906,"[13202]","[13202]"
0.54164,51.37628,"NW","[13203]"
0.59656,51.35056,"N","[13204]"
0.59683,51.35022,"S","[13205]"
0.60092,51.36525,"O","[13206]"
0.61667,51.36158,"O","[13207]"
0.57700,51.52003,"O","[13208]"
0.58667,51.52028,"W","[13209]"
0.67422,51.35078,"O","[13210]"
-2.91042,53.40842,"[13211]","[13211]"
0.73892,51.34058,"[13212]","[13212]"
0.68367,51.53592,"O","[13213]"
0.68814,51.53556,"W","[13214]"
0.69817,51.53419,"O","[13215]"
0.70817,51.53325,"W","[13216]"
0.74222,51.53017,"W","[13217]"
0.30958,51.62297,"SW","[13218]"
0.33806,51.63156,"O","[13220]"
0.34583,51.60086,"SO, db (?)","[13221]"
0.34736,51.63222,"O","[13222]"
0.41456,51.63003,"W","[13226]"
0.42797,51.61542,"S","[13227]"
0.47222,51.56461,"O","[13229]"
0.47892,51.55608,"NO","[13230]"
0.49194,51.56172,"W","[13232]"
0.45081,51.74044,"W","[13234]"
0.45497,51.73131,"N","[13235]"
0.46664,51.74125,"N","[13236]"
0.49344,51.74183,"SW","[13238]"
0.51194,51.61147,"O","[13239]"
0.52986,51.61972,"S","[13240]"
0.54528,51.61053,"W","[13241]"
0.59694,51.59375,"O","[13242]"
0.61472,51.58078,"SO","[13243]"
0.58731,51.71636,"[13244]","[13244]"
-2.12858,53.43597,"S","[13245]"
-2.12531,53.42794,"S","[1013245001]"
-2.12711,53.42300,"S","[1013245002]"
0.62722,51.57703,"NW","[13246]"
0.63525,51.60083,"W","[13247]"
0.64250,51.54833,"O","[13248]"
0.65250,51.54839,"W","[13249]"
0.65542,51.55406,"O","[13250]"
0.66286,51.59806,"SO","[13251]"
0.66447,51.54739,"O","[13252]"
0.57783,51.88150,"W","[13253]"
0.63331,51.81436,"SO","[13254]"
1.10331,51.07181,"[13255]","[13255]"
0.75497,51.33672,"NW","[13257]"
0.87806,51.31069,"SO","[13259]"
0.88544,51.30922,"NW","[13260]"
0.88803,51.14592,"both-side","[13261]"
1.06914,51.07400,"[13262]","[13262]"
1.07739,51.27447,"W","[13263]"
1.09481,51.27739,"db","[13264]"
1.16367,51.11842,"before junction with The Street, southbound","[13266]"
0.84314,51.88867,"O","[13267]"
0.87717,51.88819,"W","[13268]"
0.89269,51.90822,"S","[13269]"
0.90839,51.87669,"N","[13270]"
0.91936,51.89711,"S","[13271]"
0.92408,51.90433,"S","[13272]"
0.92967,51.89553,"NO","[13273]"
0.93133,51.91722,"N","[13274]"
1.14825,51.80308,"S","[13275]"
1.35831,51.38078,"O","[13276]"
1.36108,51.38156,"W","[13277]"
1.39981,51.35522,"[13278]","[13278]"
1.41794,51.37606,"db","[13279]"
1.26561,51.93497,"[13280]","[13280]"
-0.18750,52.33153,"N","[13281]"
0.09944,52.19767,"beidseitig","[13282]"
0.10617,52.21631,"bs","[13283]"
0.11206,52.22428,"S","[13284]"
0.11278,52.17417,"[13285]","[13285]"
0.12694,52.21122,"beidseitig","[13286]"
0.13636,52.21281,"db","[13287]"
0.13811,52.18572,"bs","[13288]"
0.14389,52.18814,"bs","[13289]"
0.15133,52.18428,"db","[13292]"
0.15353,52.18928,"db","[13293]"
0.15772,52.21272,"db","[13294]"
0.16333,52.20892,"db","[13295]"
0.17006,52.21686,"SW","[13296]"
0.05350,52.30842,"bs","[13297]"
-0.24594,52.58514,"bs","[13298]"
-0.11286,52.62117,"[13305]","[13305]"
-0.13306,52.79656,"bs","[13309]"
0.08531,52.53950,"bs","[13310]"
0.16542,52.66892,"bs","[13311]"
0.43003,52.75656,"beidseitig","[13313]"
-0.17992,53.10617,"bs","[13314]"
0.94167,52.66500,"N","[13316]"
1.23694,52.64053,"O","[13317]"
1.27061,52.61825,"NW","[13321]"
1.33775,52.57967,"beidseitig","[13323]"
1.70000,52.57419,"SW","[13324]"
-2.11517,54.98992,"[13325]","[13325]"
-1.97639,54.94922,"[13326]","[13326]"
-1.86081,54.96539,"[13327]","[13327]"
-1.79692,55.30561,"bs","[13328]"
-1.76717,55.24506,"[13329]","[13329]"
-1.75431,54.91594,"bs","[13330]"
-1.65336,54.93300,"N","[13331]"
-1.62158,55.01542,"db","[13332]"
-1.61775,54.99922,"N","[13333]"
-1.57803,55.00344,"bs","[13338]"
-1.50378,54.86225,"O","[13340]"
-1.65339,55.18108,"O","[13341]"
-1.60125,55.14764,"N","[13342]"
-1.57675,55.15381,"bs","[13343]"
-1.51444,55.18397,"bs","[13344]"
-1.50200,55.12178,"S","[13345]"
-1.41036,54.89136,"NO","[13347]"
-1.37958,54.89611,"db","[13348]"
-1.37292,54.88972,"bs","[13349]"
-1.48536,55.08933,"rotatable","[13351]"
-2.17244,57.17706,"O","[13352]"
-2.16872,57.17719,"W","[13353]"
-2.12189,57.16856,"N","[13355]"
0.83083,51.41717,"O","[13358]"
-5.15997,50.16425,"BS","[13367]"
-5.09856,50.26444,"[13368]","[13368]"
-5.06475,50.25903,"[13369]","[13369]"
-4.29239,50.42228,"bs","[13370]"
-4.04744,50.35244,"bs","[13373]"
-4.12883,50.41181,"S","[13374]"
-4.10833,50.37653,"S","[13375]"
-4.10194,50.38261,"N","[13376]"
-4.10950,50.43622,"S","[13377]"
-4.08900,50.38847,"bs","[13378]"
-4.06814,50.37706,"over the A38 bridge, S","[13379]"
-1.25208,52.36897,"O, bs (?)","[13380]"
-3.47642,50.56547,"bs","[13381]"
-4.10317,51.09339,"NW","[13385]"
-4.07600,51.08633,"NW","[13386]"
-4.06886,51.70486,"bs","[13387]"
-3.96094,51.63503,"W","[13390]"
-0.02831,51.54261,"N, 40 or 50 km/h (?)","[13391]"
-3.27792,51.42222,"bs","[13393]"
-3.22617,51.52197,"S","[13394]"
-3.36456,51.60833,"bs","[13395]"
-3.32842,51.62075,"N","[13396]"
-3.25506,51.56583,"[13397]","[13397]"
-3.15231,51.03903,"[13398-]","[13398-]"
-3.00281,51.18283,"S","[13401]"
-3.18053,51.50408,"bs","[13402]"
-2.93633,51.15614,"BS","[13403]"
-2.83206,51.29172,"S","[13405]"
-2.52811,51.16439,"bs","[13408]"
-2.67267,51.48614,"W","[13409]"
-2.65475,51.45786,"NW, bs (?)","[13410]"
-2.56981,51.50914,"W","[13411]"
-2.56981,51.53000,"S","[13412]"
-2.56953,51.53117,"N","[13413]"
-2.56811,51.50914,"O","[13414]"
-2.43578,51.45314,"bs","[13415]"
-2.36522,51.73050,"S","[13417]"
-2.32514,51.77056,"bs","[13418]"
-2.23897,51.84264,"[13419]","[13419]"
-3.24633,53.30597,"[13420]","[13420]"
-2.96133,53.30858,"db","[13425]"
-2.74728,53.28006,"[13426]","[13426]"
-3.01147,53.46547,"O","[13427]"
-3.01036,53.46556,"W","[13428]"
-2.99042,53.47258,"[13430]","[13430]"
-2.99083,53.80058,"SO","[13431]"
-2.98756,53.79822,"SO","[13432]"
-3.02408,53.87653,"S","[13433]"
-2.97256,53.47958,"NO","[13434]"
-2.97058,53.48017,"SW","[13435]"
-2.96706,53.63014,"N","[13436]"
-2.92206,53.59556,"N","[13437]"
-2.90458,53.55903,"S (?)","[13438]"
-2.78156,53.54600,"W","[13440]"
-2.77175,53.54519,"W","[13441]"
-2.96450,53.85239,"SO","[13442]"
-2.74597,53.85158,"N","[13444]"
-2.61925,53.13072,"O, bs (?)","[13445]"
-2.61389,53.12783,"N, removed (?)","[13446]"
-2.58797,53.23219,"O","[13448]"
-2.58583,53.23289,"W","[13449]"
-2.57686,53.35208,"N","[13450]"
-2.52917,53.39831,"O","[13451]"
-2.46267,53.05800,"[13452]","[13452]"
-2.42433,53.05794,"[13453]","[13453]"
-2.23689,53.02869,"db","[13454]"
-2.25861,53.42200,"N","[13455]"
-2.25831,53.42219,"S","[13456]"
-2.25475,53.42608,"N","[13457]"
-2.70236,53.59242,"[13458]","[13458]"
-2.64942,53.65567,"W","[13459]"
-2.56197,53.57697,"NW","[13460]"
-2.56106,53.57636,"SO","[13461]"
-2.53325,53.56294,"SO","[13462]"
-2.67797,53.78236,"N","[13463]"
-2.65561,53.70017,"NO","[13464]"
-2.63983,53.70444,"N","[13465]"
-2.63769,53.68189,"S","[13466]"
-2.65986,53.74536,"W","[13467]"
-2.63850,53.79133,"S","[13469]"
-2.53597,53.78081,"NO","[13470]"
-2.49956,53.79794,"NO","[13471]"
-2.38197,53.43478,"[13476]","[13476]"
-2.42019,53.59811,"[13477]","[13477]"
-2.31706,53.43317,"[13478]","[13478]"
-2.24406,53.44136,"S","[13481]"
-2.28719,53.73456,"N","[13483]"
-2.27314,53.78061,"SO","[13484]"
-2.26875,53.74939,"SW","[13485]"
-5.90758,54.55042,"S","[13486]"
-4.32781,55.82264,"O, removed (?)","[13490-]"
-2.84425,54.07083,"N","[13491]"
-2.79622,54.09286,"S, bs (?)","[13492]"
-2.85592,54.38100,"[13493]","[13493]"
-4.07419,55.85736,"W","[13494-]"
-3.30889,55.94094,"O","[13497-]"
-3.30292,55.94142,"W","[13498]"
-3.26533,55.91192,"NO","[13500-]"
-3.25686,55.91978,"NO","[13501-]"
-3.24958,55.96067,"bs","[13502]"
-3.10975,55.94950,"W","[13503]"
-2.17772,50.68306,"bs","[13504]"
-1.92756,50.75744,"N","[13505]"
-1.82700,50.84083,"bs","[13508]"
-1.56797,50.79361,"[13509]","[13509]"
-1.89231,51.16881,"[13515]","[13515]"
-2.23247,51.86281,"bs","[13516]"
-2.22264,51.85592,"N","[13517]"
-2.21478,51.86236,"db","[13518]"
-2.08992,51.90858,"N","[13519]"
-1.98167,51.73133,"S","[13520]"
-1.55542,51.94117,"[13522]","[13522]"
-1.42292,51.60000,"N","[13523]"
-1.35428,51.76217,"O","[13524]"
-1.26439,51.67447,"W","[13525]"
-1.27967,51.81111,"db","[13526]"
-1.08689,50.80961,"north-bound","[13527]"
-0.83558,50.79081,"[13530]","[13530]"
-0.71858,51.05500,"[13532]","[13532]"
-0.41639,50.84111,"O","[13533]"
-0.26214,51.01669,"[13535]","[13535]"
-1.00425,51.46142,"O","[13536]"
-0.96833,51.39456,"W","[13538]"
-0.96439,51.39386,"E","[13539]"
-0.92344,51.44072,"db","[13540]"
-0.88647,51.43300,"S","[13542]"
-0.88225,51.43100,"N","[13543]"
-0.86525,51.42328,"O","[13544]"
-0.85994,51.42119,"W","[13545]"
-0.75506,51.51925,"bs","[13546]"
-0.78925,51.82944,"NO","[13547]"
-0.71800,51.51167,"S","[13548]"
-0.71644,51.50972,"N","[13549]"
-0.69072,51.49458,"bs","[13550]"
-0.64808,51.52022,"O","[13551]"
-0.64161,51.52017,"W","[13552]"
-0.63306,51.48475,"W","[13553]"
-0.63100,51.48453,"O","[13554]"
-0.58008,51.45894,"bs","[13555]"
-0.57522,51.51175,"db","[13556]"
-0.57083,51.51614,"db","[13557]"
-0.49186,51.52744,"bs","[13562]"
-0.46442,51.53519,"W","[13563]"
-0.44189,51.52781,"[13565]","[13565]"
-0.41383,51.46108,"N","[13568]"
-0.40006,51.47658,"W","[13569]"
-0.39725,51.53108,"bs","[13570]"
-0.35431,51.48036,"O","[13575]"
-0.34956,51.48117,"W","[13576]"
-0.31933,51.48594,"O","[13583]"
-0.29228,51.52700,"N","[13592]"
-0.29164,51.52278,"N","[13593]"
-0.29156,51.52164,"S","[13594]"
-0.29042,51.49208,"O","[13596]"
-0.28531,51.49250,"W","[13597]"
-0.28231,51.49553,"N","[13598]"
-0.61525,51.55992,"S, bs?","[13600]"
-0.61486,51.54947,"S","[13601]"
-0.50419,51.87475,"SO","[13603]"
-0.50453,51.79025,"bs","[13604]"
-0.50361,51.87442,"NW","[13605]"
-0.54169,51.90047,"db","[13606]"
-0.37606,51.60286,"db","[13607]"
-0.37497,51.63308,"[13608]","[13608]"
-0.48836,51.77906,"N","[13609]"
-0.46572,51.74844,"SW","[13610]"
-0.46064,51.74981,"O","[13611]"
-0.45792,51.76000,"NO","[13612]"
-0.45339,51.76281,"SW","[13613]"
-0.44361,51.75039,"SW","[13614]"
-0.44094,51.75175,"NO","[13615]"
-0.41864,51.74436,"SO","[13617]"
-0.41456,51.74325,"NW","[13618]"
-0.41236,51.74286,"SO","[13619]"
-0.36600,51.59378,"db","[13621]"
-0.32492,51.57403,"bs","[13622]"
-0.29675,51.60122,"N","[13624]"
-0.30589,51.67992,"NW","[13628]"
-0.30314,51.67886,"SO","[13629]"
-0.29842,51.67228,"S","[13630]"
-0.29706,51.67114,"N","[13631]"
-0.26194,51.75708,"NO","[13632]"
-0.25764,51.75853,"SW","[13633]"
-0.49144,51.78056,"S","[13634]"
-0.39094,51.90686,"SW","[13635]"
-0.35633,51.83839,"bs","[13636]"
-0.35506,51.83722,"bs","[13637]"
-2.13228,52.43483,"[13638]","[13638]"
-2.13222,52.43539,"[13639]","[13639]"
-2.10683,52.47886,"bs","[13640]"
-2.10664,52.48233,"southbound","[13641]"
-1.99044,52.46467,"W","[13647]"
-1.97600,52.40761,"SW","[13652]"
-1.96861,52.42019,"N","[13653]"
-1.95542,52.42522,"SW","[13655]"
-1.97792,52.46697,"W","[13656]"
-1.94825,52.43211,"SW","[13657]"
-1.94847,52.43222,"NO","[13658]"
-1.92469,52.48122,"NO","[13659]"
-1.92447,52.48114,"SW","[13660]"
-1.91892,52.45008,"NO","[13661]"
-1.91803,52.45033,"SW","[13662]"
-1.79714,52.45775,"O","[13675]"
-1.79483,52.45556,"NW","[13676]"
-1.77656,52.45131,"W","[13677]"
-1.75964,52.45028,"[13679]","[13679]"
-1.74711,52.44589,"W, inactive (?)","[13680]"
-2.18156,52.60408,"SO","[13681-]"
-2.17656,52.60233,"NW","[13682-]"
-2.11161,52.51167,"W, bs (?)","[13683]"
-2.11158,52.56081,"S","[13684]"
-2.12817,52.62394,"S","[13686]"
-2.12017,52.71583,"N","[13687]"
-2.11622,52.72281,"S","[13688]"
-2.04961,52.51122,"O","[13689]"
-2.04731,52.51064,"W","[13690]"
-2.10469,52.55614,"NW","[13691]"
-2.04314,52.50947,"O","[13694]"
-2.03831,52.50692,"NW","[13695]"
-2.03336,52.53450,"S","[13696]"
-2.02714,52.53103,"W","[13698]"
-2.01014,52.52636,"O","[13701]"
-1.98706,52.53206,"S","[13703]"
-2.03081,52.55242,"S","[13704]"
-1.99761,52.58642,"W","[13705]"
-2.07464,52.56456,"[13707]","[13707]"
-2.09133,52.62489,"[13708]","[13708]"
-2.08667,52.64319,"[13709]","[13709]"
-2.08456,52.64622,"[13710]","[13710]"
-2.08042,52.65092,"[13711]","[13711]"
-2.07714,52.65375,"[13712]","[13712]"
-2.10886,52.76053,"S","[13713]"
-2.18928,52.94361,"S","[13714]"
-2.18881,52.94200,"S","[13715]"
-2.18811,52.93983,"N","[13716]"
-2.10767,52.75692,"N","[13717]"
-2.07792,52.78125,"N","[13718]"
-2.05975,52.77014,"SO","[13720]"
-2.05606,52.76825,"NW","[13721]"
-2.03197,52.83797,"N","[13722]"
-2.08306,52.86683,"SO","[13723]"
-2.07897,52.86347,"N","[13724]"
-2.07683,52.85986,"NW","[13725]"
-2.03792,52.84508,"SO","[13726]"
-1.96047,52.49594,"O","[13727]"
-1.95917,52.54231,"NW","[13728]"
-1.95783,52.54253,"SO","[13729]"
-1.94025,52.54522,"O","[13732]"
-1.93892,52.54522,"W","[13733]"
-1.92267,52.53739,"NW","[13734]"
-1.92261,52.53758,"SO","[13735]"
-1.98217,52.54756,"bs","[13736]"
-1.97975,52.55067,"N","[13737]"
-1.97836,52.55156,"S","[13738]"
-1.97561,52.55450,"S","[13739]"
-1.93917,52.55917,"N","[13740]"
-1.93722,52.55822,"S","[13741]"
-1.93681,52.55736,"N","[13742]"
-1.91431,52.53192,"SO","[13744]"
-1.90086,52.52106,"N","[13745]"
-1.89508,52.56011,"N","[13746]"
-1.93781,52.65633,"O","[13747]"
-1.93322,52.65625,"[13748]","[13748]"
-1.93292,52.65614,"[13749]","[13749]"
-1.92703,52.65619,"[13750]","[13750]"
-1.92692,52.65628,"[13751]","[13751]"
-1.91836,52.65625,"[13752]","[13752]"
-1.91758,52.65614,"[13753]","[13753]"
-1.79025,52.52508,"NO","[13754]"
-1.78775,52.52592,"SW","[13755]"
-1.98147,52.78822,"SO","[13759]"
-1.97725,52.78564,"NW","[13760]"
-1.97219,52.78289,"S","[13761]"
-1.94692,52.77247,"SO","[13763]"
-1.93128,52.75292,"bs","[13764]"
-1.92439,52.74819,"[13765]","[13765]"
-1.92350,52.74689,"bs","[13766]"
-1.77214,52.85108,"NO","[13767]"
-1.76994,52.85575,"SW","[13768]"
-1.76836,52.85950,"NO","[13769]"
-1.76736,52.86117,"SW","[13770]"
-1.55622,52.39667,"[13771]","[13771]"
-1.54686,52.39039,"SO","[13772]"
-1.54142,52.38858,"db","[13773]"
-1.52519,52.38256,"SO","[13774]"
-1.52206,52.38108,"db","[13775]"
-1.72383,52.61931,"O","[13780]"
-1.71750,52.61814,"W","[13781]"
-1.71375,52.61742,"O","[13782]"
-1.64683,52.78950,"[13783]","[13783]"
-1.60122,52.80308,"W","[13784]"
-1.57644,52.79425,"SO","[13785]"
-1.50936,52.76747,"W","[13786]"
-1.46514,52.89581,"O, randaliert","[13787]"
-1.44917,52.89189,"bs","[13788]"
-1.44158,52.89258,"O","[13789]"
-1.43733,52.89336,"W","[13790]"
-1.43311,52.89431,"W","[13791]"
-1.28497,52.83889,"SO","[13792]"
-2.22417,52.99131,"N, bs (?)","[13793]"
-2.22367,52.99697,"S, bs (?)","[13794]"
-2.22325,52.99797,"N, bs (?)","[13795]"
-2.22239,52.98744,"S, bs (?)","[13796]"
-2.22239,52.99997,"S, bs (?)","[13797]"
-2.21561,53.00217,"NW","[13798]"
-2.20211,52.97400,"N","[13799]"
-2.20156,52.97600,"S","[13800]"
-2.20006,52.96867,"S","[13801]"
-2.20081,53.02069,"[13804]","[13804]"
-2.19628,53.02267,"SW","[13805]"
-2.19589,53.02300,"NO","[13806]"
-2.14514,53.05475,"SW","[13807]"
-2.14250,53.05625,"NO","[13808]"
-2.13947,53.05806,"SW","[13809]"
-2.13442,53.06117,"bs","[13810]"
-2.11233,53.02106,"W","[13812]"
-2.07342,53.02639,"W","[13813]"
-2.09594,53.16086,"[13814]","[13814]"
-2.09297,53.15903,"30 or 40 km/h (?)","[13815]"
-2.05472,53.08925,"O","[13816]"
-2.04797,53.08939,"W","[13817]"
-2.04164,53.09086,"SW","[13818]"
-2.14692,53.24511,"N","[13819]"
-2.22525,53.38864,"[13820]","[13820]"
-1.91100,53.05972,"SO","[13822]"
-1.91061,53.05939,"NW","[13823]"
-1.80058,53.02997,"SO","[13824]"
-1.79661,53.02792,"NW","[13825]"
-1.94789,53.38083,"S","[13826]"
-1.94514,53.37706,"N","[13827]"
-2.12142,53.48039,"NO","[13828]"
-2.11836,53.48117,"SW","[13829]"
-2.14367,53.54994,"N","[13832]"
-2.13311,53.55697,"[13834]","[13834]"
-2.04644,53.49333,"S","[13835]"
-1.76053,53.58136,"NO","[13837]"
-1.75678,53.57850,"S","[13838]"
-1.78869,53.61203,"E","[13839]"
-1.92097,53.84606,"S","[13841]"
-1.92064,53.84647,"N","[13842]"
-1.78056,53.66903,"DB","[13843]"
-1.77667,53.73511,"N","[13845]"
-1.77494,53.73700,"SW, db (?)","[13846]"
-1.77089,53.74881,"S","[13847]"
-1.77067,53.74558,"N","[13848]"
-1.77064,53.73975,"N","[13849]"
-1.77025,53.74433,"S","[13850]"
-1.81517,53.82608,"W","[13851]"
-1.81386,53.82622,"O","[13852]"
-1.80897,53.82581,"S","[13853]"
-1.80767,53.82342,"[13854]","[13854]"
-1.80494,53.81947,"N","[13855]"
-1.68864,53.21839,"O","[13856]"
-1.67911,53.21692,"bs","[13857]"
-1.52181,53.42294,"[13861]","[13861]"
-1.49283,53.42553,"[13862]","[13862]"
-1.48267,53.06186,"SO","[13863]"
-1.38389,53.04758,"bs","[13864]"
-1.33947,53.00422,"SO","[13865]"
-1.32933,52.99783,"NW","[13867]"
-1.32103,52.99200,"S","[13868]"
-1.31917,52.98878,"N","[13869]"
-1.31758,52.98608,"N","[13870]"
-1.40847,53.25294,"W","[13871]"
-1.45089,53.38481,"W","[13873]"
-1.42017,53.36522,"S","[13874]"
-1.41922,53.36650,"N","[13875]"
-1.41217,53.37892,"N","[13876]"
-1.34922,53.23664,"NO","[13878]"
-1.33017,53.27139,"O","[13880]"
-1.32106,53.27533,"BS","[13881]"
-1.31750,53.27678,"W","[13882]"
-1.32419,53.42406,"db","[13883]"
-1.29958,53.34547,"db","[13884]"
-1.28558,53.42092,"db","[13885]"
-1.61869,53.59439,"SW","[13891]"
-1.71922,53.68386,"W","[13896]"
-1.70125,53.67644,"O","[13898]"
-1.70139,53.82917,"W","[13901]"
-1.69633,53.82972,"O","[13902]"
-1.67486,53.82592,"O","[13903]"
-1.67692,53.84911,"NW","[13905]"
-1.67169,53.82553,"W","[13906]"
-1.66367,53.84114,"N","[13907]"
-1.66050,53.83867,"N","[13908]"
-1.65489,53.83561,"NW","[13909]"
-1.63011,53.82972,"NW","[13911]"
-1.61547,53.82344,"W","[13913]"
-1.66581,53.84428,"[13915]","[13915]"
-1.58344,53.76411,"[13916]","[13916]"
-1.57792,53.76708,"SW","[13917]"
-1.55711,53.76642,"bs","[13918]"
-1.60928,53.82219,"W","[13919]"
-1.60964,53.80333,"[13921]","[13921]"
-1.53997,53.81808,"S","[13922]"
-1.53814,53.80072,"[13923]","[13923]"
-1.51494,53.79764,"O","[13924]"
-1.51481,53.79753,"W","[13925]"
-1.50044,53.81961,"SW","[13927]"
-1.46364,53.45447,"bs","[13931]"
-1.41889,53.51494,"N","[13934]"
-1.47531,53.55358,"S","[13935]"
-1.36164,53.43597,"bs","[13937]"
-1.27217,53.46786,"[13938]","[13938]"
-1.48250,53.80356,"O","[13939]"
-1.48111,53.80381,"W","[13940]"
-1.23853,52.09256,"bs","[13941]"
-1.10422,52.06992,"bs","[13942]"
-0.93986,52.25514,"bs","[13943]"
-0.91561,52.39906,"db","[13944]"
-1.23431,52.91122,"db","[13945]"
-1.23297,52.91303,"[13946]","[13946]"
-1.20836,52.93514,"W","[13947]"
-1.20800,52.93517,"O","[13948]"
-1.19617,52.93397,"SW","[13949]"
-1.19608,52.93408,"NO","[13950]"
-1.16097,52.93211,"[13951]","[13951]"
-0.71003,52.32942,"bs","[13952]"
-0.70119,52.48261,"NO","[13953]"
-0.49294,52.42325,"[13954]","[13954]"
-0.35744,52.71189,"bs","[13955]"
-0.25161,52.58061,"N","[13959]"
-0.76486,53.38033,"bs","[13961]"
-1.16903,53.54122,"SO, Front","[13962]"
-0.50197,53.24547,"bs","[13964]"
-0.36419,53.79106,"bs","[13965]"
-0.11414,50.84736,"bs","[13966]"
-0.10967,50.86350,"S","[13967]"
-0.22008,51.30603,"join A217 Brighton Road","[13971]"
-0.18692,51.39614,"db","[13979]"
-0.23908,51.44306,"W","[13980]"
-0.22892,51.44597,"O","[13981]"
-0.24628,51.48975,"bs","[13983]"
-0.17342,51.44939,"N","[13986]"
-0.15550,51.50894,"N, 20 or 40 km/h (?)","[13987]"
-0.11586,51.35408,"db","[13988]"
-0.10611,51.37061,"N","[13989]"
-0.04267,51.35486,"O","[13990]"
-3.32561,51.42225,"bs","[13991]"
-0.01642,51.53064,"N","[13992]"
-0.01172,51.52794,"S","[13993]"
-0.01053,51.52067,"N","[13994]"
-0.01036,51.52083,"S","[13995]"
-0.00864,51.51539,"S","[13997]"
0.04108,51.44111,"O","[13999]"
0.67078,51.33622,"[14004]","[14004]"
0.07078,51.51036,"N","[14008]"
0.17019,51.41853,"N","[14013]"
0.17731,51.52375,"W","[14017]"
0.18447,51.52222,"W","[14018]"
0.20658,51.43803,"[14019]","[14019]"
0.22278,51.43783,"W","[14020]"
-1.35556,53.64219,"E, bs?","[14022]"
-1.34128,53.64064,"W","[14023]"
-0.22328,51.57878,"SO","[14024]"
-0.21056,51.57183,"S","[14029]"
-0.17556,51.58511,"O","[14030]"
-0.16736,51.58350,"W","[14032]"
-0.16103,51.58197,"[14033]","[14033]"
-0.11564,51.65339,"[14034]","[14034]"
-0.08214,51.62247,"S","[14038-]"
-0.05922,51.59181,"N","[14041]"
-0.04567,51.61906,"N","[14046]"
-0.04403,51.62236,"bs","[14047]"
-0.04256,51.62528,"N","[14048]"
-0.03117,51.64636,"bs","[14049]"
-0.02925,51.65161,"[14051]","[14051]"
-0.20161,51.82044,"S","[14053]"
-0.19675,51.81742,"W","[14054]"
-0.19717,51.84058,"NO","[14055]"
-0.18906,51.84533,"N","[14056]"
-0.18781,51.84633,"opposite junction with Mardley Wood, Southbound","[14057]"
-0.18161,51.85356,"S","[14058]"
-0.21369,51.92083,"S","[14059]"
-0.21311,51.91994,"N","[14060]"
-0.03975,51.80728,"[14064]","[14064]"
-0.02067,51.79997,"Southbound","[14065]"
-0.01761,51.79269,"[14066]","[14066]"
0.00578,51.57906,"W","[14067]"
0.00636,51.57892,"O","[14068]"
0.01150,51.57697,"O","[14070]"
0.01394,51.57492,"W","[14071]"
0.03378,51.57694,"[14072]","[14072]"
0.05508,51.57631,"W","[14073]"
0.05547,51.57644,"O","[14074]"
0.02572,51.61664,"N","[14075]"
0.07475,51.57511,"O","[14076]"
0.07511,51.57494,"W","[14077]"
0.08489,51.75283,"W","[14080]"
0.11806,51.77683,"[14083]","[14083]"
0.21608,51.59075,"W","[14084]"
0.12714,51.75900,"[14085]","[14085]"
0.23528,51.86900,"[14089]","[14089]"
0.26728,51.44672,"O","[14090]"
0.28369,51.50250,"O, Front   Heck","[14091]"
0.31942,51.48506,"[14092]","[14092]"
0.50794,51.34836,"N","[14093]"
0.55744,51.39453,"db","[14095-]"
0.57125,51.39119,"W","[14096]"
0.64819,51.35564,"W","[14097]"
0.71775,51.53833,"N","[14098]"
0.71806,51.53789,"S","[14099]"
0.25783,51.86867,"E","[14100]"
0.50956,51.59789,"NO","[14102]"
0.51322,51.59903,"SW","[14103]"
0.63567,51.56942,"SO","[14104]"
0.63547,51.56942,"NW","[14105]"
0.64561,51.56497,"O","[14106]"
0.66028,51.56286,"O","[14108]"
0.69097,51.55936,"O","[14109]"
0.75608,51.87711,"E","[14110]"
0.89878,51.88664,"W","[14111]"
1.32903,51.37817,"O","[14113]"
1.39228,51.36944,"N","[14114]"
0.05953,52.17717,"SW","[14116]"
-0.02778,52.80067,"W","[14119]"
0.14550,52.65219,"bs","[14121]"
-0.18661,52.96808,"bs","[14123]"
-0.02050,52.97747,"N","[14126]"
-0.01800,52.97864,"S","[14127]"
0.00611,53.09744,"BS","[14128]"
0.08617,53.00803,"bs","[14131]"
0.15250,53.04661,"S","[14132]"
1.28906,52.65617,"O","[14137]"
1.43461,52.55583,"beidseitig","[14138]"
1.72803,52.63019,"S","[14139]"
-1.77686,53.92158,"O","[14140]"
-1.77181,53.92064,"W","[14141]"
-1.76972,53.92097,"O","[14142]"
-1.30017,54.60536,"S","[14144]"
-1.59078,54.98847,"O","[14145]"
-1.57503,54.95764,"db","[14147]"
-1.22339,54.65561,"db","[14148]"
-2.18853,57.18169,"SO","[14150]"
-2.15961,57.17478,"W","[14151]"
-2.15397,57.17397,"E, removed (?)","[14152]"
-2.11928,57.11778,"N","[14154]"
0.71294,51.34389,"[14161]","[14161]"
-0.41044,51.66578,"bs","[14207]"
-4.28614,50.42475,"bs","[14212]"
-4.27642,50.42447,"W","[14213]"
-3.66753,51.51228,"O","[14217]"
-3.66350,51.51083,"W","[14218]"
-3.07183,51.02439,"E","[14219]"
-2.90689,53.40753,"[14223]","[14223]"
-2.56594,51.45081,"perhaps inactive","[14232]"
-2.34450,51.41306,"S","[14233]"
-2.32242,51.39842,"inactive (?)","[14234]"
-2.58331,51.69728,"[14235]","[14235]"
-2.39392,51.86992,"O","[14236]"
-2.38067,51.82678,"W","[14237]"
-2.37669,51.86694,"W","[14238]"
-2.36878,51.82906,"O","[14239]"
-2.32756,51.85250,"O","[14240]"
-2.30592,51.85808,"S","[14241]"
-2.24153,51.81619,"N","[14242]"
-2.26133,52.56150,"bs","[14244]"
-2.88764,53.40667,"W","[14246]"
-2.96106,53.78589,"W","[14249]"
-2.80808,53.76175,"O","[14252]"
-2.76192,53.76169,"DB","[14253]"
-2.65472,53.21336,"NO","[14254]"
-2.28569,53.10653,"S","[14255]"
-2.37997,53.37553,"SW","[14259]"
-2.54778,53.76961,"W","[14260]"
-2.49044,53.76989,"NO","[14262]"
-2.46939,53.76969,"NW","[14271]"
-2.45486,53.76303,"O","[14272]"
-2.30108,53.82142,"SW","[14273]"
-2.26964,53.82942,"NO","[14274]"
-2.79469,54.01219,"db","[14276-]"
-2.77950,53.91039,"N","[14277]"
-2.77903,53.92111,"S","[14278]"
-3.40225,55.93969,"S","[14280]"
-3.40197,55.93878,"N","[14281]"
-1.89822,50.72322,"W, bs (?)","[14286]"
-1.88375,50.72386,"[14287]","[14287]"
-1.87244,50.72400,"[14288]","[14288]"
-1.85600,50.73144,"N","[14289-]"
-1.84575,50.73553,"W","[14290]"
-1.83728,50.74217,"S","[14291]"
-1.83739,50.74233,"N","[14292]"
-1.47786,50.92036,"W","[14293-]"
-1.46364,50.92017,"O","[14294]"
-1.46236,50.91944,"W","[14295]"
-1.42544,50.90792,"O","[14296]"
-1.42733,50.90847,"W","[14297]"
-1.74822,51.90092,"[14301]","[14301]"
-1.67533,51.58969,"SW","[14305]"
-1.62053,51.62575,"N","[14306]"
-1.61389,51.62842,"S","[14307]"
-1.54622,51.66956,"O","[14308]"
-1.48411,51.67900,"W","[14309]"
-1.37200,51.68967,"O","[14310]"
-1.34383,51.60028,"W","[14311]"
-1.02347,51.51047,"S","[14313]"
-1.11533,51.62025,"S","[14314]"
-0.46253,51.48108,"W","[14317]"
-0.44139,51.45717,"[14318]","[14318]"
-0.41058,51.47017,"SW","[14320]"
-0.29636,51.37381,"O","[14327]"
-0.26700,51.38969,"S","[14329]"
-0.61139,51.59847,"O","[14334]"
-0.59464,51.89586,"O","[14335]"
-0.58967,51.89567,"W","[14336]"
-0.28178,51.62228,"NW","[14339]"
-0.25411,51.62722,"bs","[14340]"
-2.22614,52.57108,"bs","[14341]"
-2.22117,52.57253,"BS","[14342]"
-2.21581,52.57781,"bs","[14343]"
-2.12486,52.69217,"O","[14344]"
-2.11981,52.69142,"O","[14345]"
-2.11769,52.69103,"W","[14346]"
-2.06175,52.57969,"NW","[14348]"
-2.04639,52.57558,"NO","[14349]"
-2.03878,52.57953,"NO","[14353]"
-2.08442,52.68650,"bs","[14354]"
-2.07083,52.68369,"bs","[14355]"
-2.06361,52.68222,"W","[14356]"
-2.01222,52.64014,"N","[14357]"
-2.15600,52.90075,"SO, 40 oder 50","[14359]"
-2.01386,52.82386,"NW","[14361]"
-2.00919,52.82100,"SO","[14362]"
-1.97411,52.53478,"bs","[14363]"
-1.96686,52.53747,"S","[14365]"
-1.89147,52.59667,"N","[14366]"
-1.94083,52.65617,"W","[14369]"
-1.90747,52.62953,"SO","[14370]"
-1.89942,52.62547,"NW","[14371]"
-1.89022,52.61889,"SO","[14372]"
-1.88519,52.61278,"S","[14373]"
-1.75075,52.51125,"NW","[14375]"
-1.77817,52.84353,"N","[14378]"
-1.65558,52.23358,"bs","[14379]"
-1.45514,52.37319,"NW","[14380]"
-1.43300,52.36625,"W","[14382]"
-1.42967,52.36539,"O","[14383]"
-1.66792,52.84047,"NW","[14385]"
-1.66408,52.83858,"SO","[14386]"
-1.65786,52.83633,"NW","[14387]"
-1.67056,52.84181,"SO","[14388]"
-1.43086,52.90611,"bs","[14390]"
-2.06106,53.03328,"NO","[14391]"
-2.05803,53.03536,"SW","[14392]"
-2.05033,53.05100,"[14393]","[14393]"
-2.12533,53.22128,"N","[14394]"
-2.21097,53.37278,"S","[14395]"
-2.20294,53.36311,"N","[14396]"
-1.94358,53.07336,"SO","[14397]"
-1.93811,53.07144,"NW","[14398]"
-1.83078,53.03603,"O","[14399]"
-1.82475,53.03544,"W","[14400]"
-2.18497,53.85639,"W","[14401]"
-1.89697,53.77286,"[14402]","[14402]"
-1.89681,53.76786,"[14403]","[14403]"
-1.89592,53.77836,"[14404]","[14404]"
-1.89453,53.76264,"N","[14405]"
-1.84217,53.68869,"[14407]","[14407]"
-1.83069,53.68881,"SO","[14408]"
-1.82531,53.68211,"N","[14409]"
-1.82431,53.67583,"NO","[14410]"
-1.82428,53.68103,"S","[14411]"
-1.41442,53.14622,"N","[14412]"
-1.41314,53.14928,"S","[14413]"
-1.25469,53.28886,"W","[14414]"
-1.72822,53.73903,"S","[14416]"
-0.92367,52.61972,"O","[14417]"
-0.92056,52.61908,"W","[14418]"
-0.51064,52.18172,"N","[14419]"
-0.51011,52.18350,"S","[14420]"
-0.29822,52.13731,"bs","[14422]"
-0.29286,52.12078,"N","[14423]"
-0.29303,52.12094,"S","[14424]"
-1.23378,53.28850,"W","[14425]"
-1.22897,53.28808,"O","[14426]"
-0.95994,53.27108,"W, perhaps inactive","[14430-]"
-1.20089,53.57167,"S, Front","[14432]"
-0.57500,53.39569,"bs","[14433]"
-0.54064,53.28653,"N","[14434]"
-0.07492,50.80775,"bs","[14435]"
-0.24600,51.41017,"O","[14437]"
-0.24164,51.40172,"N","[14439-]"
-0.21922,51.50961,"Bauarbeiten","[14440]"
0.08828,51.42500,"N","[14441]"
0.06736,51.53878,"S","[14453]"
-0.07186,51.61481,"O, Tunnel","[14465]"
-0.05828,51.61383,"W","[14468]"
-0.02533,51.60558,"W","[14469]"
-0.02486,51.60547,"O","[14470]"
0.01614,51.59528,"O","[14473]"
0.04250,51.57811,"N","[14474]"
0.12831,51.60892,"N","[14481]"
0.13036,51.58139,"W","[14482]"
0.14822,51.58072,"W","[14483]"
0.17675,51.58933,"N","[14485]"
0.19000,51.59422,"W","[14486]"
0.20853,51.59325,"O","[14487]"
0.04717,51.78550,"E","[14490]"
0.05517,51.78478,"[14492]","[14492]"
0.05997,51.78428,"[14493]","[14493]"
1.34175,51.15100,"N","[14496]"
-0.20111,53.09806,"bs","[14499]"
1.08592,52.15211,"S","[14504]"
1.47133,52.19228,"[14505-]","[14505-]"
-1.70186,54.96594,"W","[14506]"
-1.57189,54.99372,"W","[14507]"
-1.57006,54.99408,"E","[14508]"
-5.35267,50.20897,"NO oder db (?)","[14529]"
-3.81964,51.02728,"W","[14534]"
-3.54325,50.93353,"SO, perhaps inaktiv","[14535]"
-2.88953,50.94164,"W, inactive","[14536]"
-2.74797,53.32469,"N","[14539]"
-2.28056,53.08794,"N","[14542]"
-2.42328,53.29472,"S","[14543]"
-2.23869,53.27567,"N","[14544]"
-2.77536,53.95381,"N","[14545]"
-2.85086,54.24383,"eastbound","[14546]"
-2.84094,54.24819,"westbound","[14547]"
-2.77231,55.74894,"[14549]","[14549]"
-2.76450,55.76186,"bs","[14550]"
-2.73683,55.71322,"bs","[14551-]"
-2.41047,54.97011,"[14553]","[14553]"
-2.71961,55.71906,"NW","[14554]"
-2.71117,55.69192,"[14555-]","[14555-]"
-2.69542,55.66906,"bs","[14556-]"
-2.68231,55.63192,"bs","[14557-]"
-2.66664,55.57814,"[14558-]","[14558-]"
-2.64122,55.55906,"[14559-]","[14559-]"
-2.62103,55.71958,"bs","[14560-]"
-2.62083,55.54667,"[14561-]","[14561-]"
-2.54511,55.49314,"S","[14563-]"
-2.51194,55.70983,"bs","[14565]"
-2.48336,55.70717,"bs","[14568]"
-2.41903,55.70325,"bs","[14569]"
-2.32500,55.66789,"[14570]","[14570]"
-2.98744,55.87958,"S","[14576]"
-2.93644,55.84906,"bs","[14577]"
-2.87639,55.82564,"bs","[14578]"
-2.40219,55.95928,"S","[14579-]"
-2.35531,55.93103,"N, bs?","[14580-]"
-2.32169,55.88892,"S, bs?","[14581]"
-2.14869,51.10725,"W","[14582]"
-2.02303,51.12300,"[14583]","[14583]"
-2.90692,53.41492,"SW","[14585]"
-1.41097,51.79069,"[14587]","[14587]"
-1.31858,51.95253,"N","[14589]"
-0.36178,50.95583,"north-bound","[14590]"
-0.34281,50.97900,"N","[14592]"
-1.00472,51.74814,"W","[14595]"
-1.11375,51.87881,"[14596]","[14596]"
-0.99956,51.86575,"O","[14597]"
-0.89950,51.79203,"S, bs?","[14598]"
-0.42556,51.49347,"O","[14599]"
-0.40633,51.49181,"[14600]","[14600]"
-0.39800,51.48964,"[1014600001]","[1014600001]"
-0.36186,51.49194,"[1014600002]","[1014600002]"
-0.34392,51.49556,"[1014600003]","[1014600003]"
-0.54914,51.87342,"bs","[14602]"
-0.43472,51.93639,"db","[14603]"
-1.74664,52.44597,"O, inactive (?)","[14607]"
-2.18561,52.93350,"SO","[14608]"
-2.18025,52.92956,"N","[14609]"
-2.17953,52.92928,"S","[14610]"
-2.17464,52.92506,"S","[14611]"
-2.13653,52.85089,"S","[14612]"
-2.13392,52.85556,"N","[14613]"
-2.13144,52.86453,"bs","[14614]"
-1.72400,52.44450,"O","[14619]"
-1.69219,52.44578,"O","[14620]"
-0.58750,51.23417,"bs","[14621]"
-1.65814,52.44342,"W, road works","[14622]"
-1.60272,52.43481,"SO","[14623]"
-1.59433,52.43208,"W","[14624]"
-1.56881,52.41736,"db","[14625]"
-1.47614,52.55642,"NW","[14630]"
-1.54378,53.33581,"both-way","[14631]"
-1.67606,53.81811,"[14633]","[14633]"
0.65694,51.56303,"W","[14635]"
-0.89519,52.36675,"bs","[14638]"
-0.51769,52.40622,"NO","[14640]"
-0.48306,51.35153,"S","[14642]"
-0.44156,52.04856,"[14646]","[14646]"
-0.44089,52.05383,"S","[14647]"
-0.43933,52.04558,"N","[14648]"
-0.27828,52.10528,"S","[14649]"
-0.27717,52.10278,"N","[14650]"
-0.69931,52.92583,"bs","[14651]"
-0.26508,52.70033,"bs","[14654]"
-0.45728,53.40386,"bs","[14663]"
0.24664,51.36644,"N","[14665]"
-0.09583,52.37792,"db","[14667]"
0.06533,52.45703,"N, 50m before junction with B1098","[14671]"
-0.01742,52.61658,"W","[14672]"
-0.12628,52.79267,"bs, arson","[14673]"
-0.04150,52.87014,"bs","[14675]"
0.12553,52.77522,"O","[14676]"
0.14439,52.77306,"bs","[14677]"
0.90011,52.84264,"[14683]","[14683]"
-1.37978,54.60658,"O","[14686]"
-1.35922,53.92567,"bs","[14688]"
-2.21769,53.50442,"db","[14689]"
-1.33197,53.92261,"bs","[14690]"
-1.32308,53.92181,"bs","[14691]"
-1.80917,55.08481,"N","[14692]"
-1.91569,55.67119,"S","[14694]"
-1.79233,55.56508,"S","[14695]"
-2.19697,55.85561,"bs","[14699]"
-2.16250,55.85228,"bs","[14700]"
-2.10394,55.84606,"bs","[14701-]"
-2.05500,55.82553,"N, bs?","[14702]"
-1.96494,57.61672,"bs","[14705]"
-1.85111,57.57333,"S","[14707]"
-1.82375,57.53650,"bs","[14708]"
-4.44639,50.60922,"N, perhaps inactive","[14709]"
-4.41403,50.42442,"[14710]","[14710]"
-3.65569,50.72572,"[14711]","[14711]"
-2.49608,53.24333,"NE","[14716]"
-2.98578,55.94467,"E","[14721]"
-2.91114,55.94747,"BS","[14723]"
-2.81608,55.95528,"O","[14724]"
-2.49261,55.98375,"NW","[14732]"
-1.75583,51.17828,"W","[14743]"
-0.47756,50.84017,"W","[14744]"
-0.25058,51.65075,"db","[14747]"
-1.05953,52.06922,"NO","[14748]"
-1.05422,52.07228,"SW","[14749]"
-0.96031,52.16731,"S","[14750]"
-0.46228,52.37369,"SO","[14753]"
-0.56144,53.24825,"SW","[14763]"
-0.11042,52.02697,"NO","[14766]"
-0.07772,52.03803,"SW","[14768]"
-1.87514,52.47611,"S","[14769]"
-2.09511,53.42833,"SW","[14770]"
0.62381,51.54953,"O","[14773]"
0.32406,52.22792,"NO","[14777]"
-1.72586,55.30419,"S,","[14780]"
-2.04581,55.81131,"db","[14781]"
-2.13567,57.06639,"SW","[14784]"
-2.12894,57.07025,"NO, near Hillside Hotel","[14785]"
-5.26111,50.22844,"[14787]","[14787]"
-4.16136,50.41844,"bs","[14790]"
-4.13994,50.42122,"bs","[14791]"
-4.10964,50.39369,"bs","[14792]"
-4.10019,50.41286,"bs","[14793]"
-3.54658,50.74247,"[14795]","[14795]"
-3.98350,51.64636,"db","[14799]"
-3.96853,51.64444,"NW","[14800]"
-4.03950,51.67336,"S","[14802]"
-3.95706,51.63972,"bs","[14805-]"
-3.94864,51.65247,"[14806-]","[14806-]"
-3.22636,51.52919,"rotatable","[14811]"
-3.52644,51.66900,"NW, bs?","[14812]"
-3.45694,51.64369,"W","[14813]"
-3.41683,51.75422,"[14818-]","[14818-]"
-3.38689,51.68586,"[14819]","[14819]"
-3.22219,51.52967,"NW, 20 or 30 km/h (?)","[14827]"
-3.15089,51.51869,"bs","[14832]"
-3.14514,51.53033,"bs","[14833]"
-2.99597,51.59072,"[14837]","[14837]"
-2.89703,51.70583,"rotatable","[14838]"
-2.89133,51.60953,"SW","[14839]"
-2.89544,53.21683,"db","[14841]"
-2.77436,53.35019,"N","[14842]"
-2.99617,53.47883,"bs","[14844]"
-2.99556,53.48333,"S","[14845]"
-2.71303,53.08567,"O","[14846]"
-2.25239,53.45706,"S","[14849]"
-2.34097,53.56281,"BS (?)","[14850]"
-2.32300,53.79972,"SW","[14851]"
-3.56383,54.57639,"[14852]","[14852]"
-3.56153,54.57711,"[14853]","[14853]"
-2.01689,50.77333,"bs","[14854]"
-0.38661,51.62342,"db","[14857]"
-0.38597,51.62200,"db","[14858]"
-0.31872,51.58111,"NO","[14859]"
-0.34011,51.61406,"S","[14860]"
-0.27831,51.58039,"bs","[14861]"
-1.77747,52.84569,"S","[14863]"
-1.78806,52.63442,"[14864]","[14864]"
-2.21253,53.50994,"[14870]","[14870]"
-2.20878,53.53261,"O","[14871]"
-2.15578,53.43158,"[14872]","[14872]"
-2.14411,53.47383,"NO","[14873]"
-2.16989,53.51353,"N","[14875]"
-2.15042,53.53919,"S","[14876]"
-2.18033,53.60228,"[14877]","[14877]"
-2.15883,53.54850,"[14878]","[14878]"
-2.12297,53.54969,"db","[14879]"
-2.06297,53.48103,"SW","[14884]"
-2.08064,53.52750,"db","[14885]"
-2.10458,53.55656,"S, bs (?)","[14887]"
-2.10425,53.55358,"N, bs (?)","[14888]"
-2.08783,53.59100,"db","[14889]"
-2.08183,53.55700,"S","[14890]"
-2.07619,53.54958,"W or BS (?)","[14891]"
-2.07394,53.56367,"S","[14892]"
-1.78028,53.66383,"N, db (?)","[14893]"
-1.75450,53.64897,"O, bs (?)","[14895]"
-1.59289,53.16392,"[14896]","[14896]"
-1.55906,53.13158,"SW","[14897]"
-1.65342,53.80811,"[14900]","[14900]"
-1.54972,53.74828,"bs","[14902]"
-1.54353,53.74839,"[14903]","[14903]"
-1.53778,53.74864,"bs","[14904]"
-1.53819,53.84386,"N","[14906]"
-1.21083,53.20286,"W","[14910]"
-0.11078,51.54942,"N","[14913]"
-0.07300,51.57881,"N","[14914]"
0.05308,51.61242,"S","[14916]"
0.35058,51.59583,"NW","[14917]"
0.66225,51.60464,"NO","[14920]"
0.69583,51.59922,"N","[14921]"
0.69833,51.59264,"S","[14922]"
1.00022,51.85703,"N","[14923]"
1.13908,51.80450,"W","[14927]"
1.14611,51.78364,"O","[14928]"
1.16564,51.80278,"O","[14929]"
1.18525,51.80417,"O","[14930]"
-0.04139,52.36072,"both-side","[14931]"
-0.13278,52.01278,"NO","[14939]"
-2.25314,51.84681,"[14947]","[14947]"
-2.25578,51.83950,"[1014947001]","[1014947001]"
-2.24456,51.84342,"bs","[14949]"
-2.25153,51.84664,"bs","[1014949001]"
-0.08669,51.61333,"S","[14951]"
-1.18678,52.97403,"NW","[14956]"
-1.18958,52.97678,"NW","[1014956001]"
-1.19253,52.97883,"NW","[1014956002]"
-1.19472,52.98086,"NW","[1014956003]"
-1.19611,52.98303,"NW","[1014956004]"
-1.20025,52.98489,"NW","[1014956005]"
-1.20019,52.98492,"[14957]","[14957]"
-1.19603,52.98303,"[1014957001]","[1014957001]"
-1.19406,52.98033,"[1014957002]","[1014957002]"
-1.19239,52.97881,"[1014957003]","[1014957003]"
-1.18972,52.97694,"[1014957007]","[1014957007]"
-1.18672,52.97403,"[1014957008]","[1014957008]"
-1.15489,52.99583,"[14963]","[14963]"
-1.15997,52.99397,"[1014963001]","[1014963001]"
-1.16239,52.99322,"[1014963002]","[1014963002]"
-1.16842,52.99147,"[1014963003]","[1014963003]"
-1.17106,52.99050,"[1014963004]","[1014963004]"
-1.18008,52.98678,"[1014963005]","[1014963005]"
-1.14978,52.98933,"[14965]","[14965]"
-1.15319,52.99567,"[1014965001]","[1014965001]"
-1.16194,52.98639,"bs","[14985]"
-1.17311,52.98219,"bs","[1014985001]"
-1.17925,52.97781,"bs","[1014985002]"
-1.18303,52.97475,"bs","[1014985003]"
-1.18756,52.97072,"bs","[1014985004]"
-1.18986,52.96853,"bs","[1014985005]"
-0.83733,53.06314,"[14987]","[14987]"
-0.85256,53.05489,"[1014987001]","[1014987001]"
-0.83492,52.25242,"[14997]","[14997]"
-0.84203,52.26286,"[1014997001]","[1014997001]"
-0.84350,52.26575,"[1014997002]","[1014997002]"
-0.84661,52.27364,"[1014997003]","[1014997003]"
-0.87547,53.40567,"[15009]","[15009]"
-0.91156,53.40719,"[1015009001]","[1015009001]"
-0.99083,53.41800,"[1015009002]","[1015009002]"
-1.00975,53.42628,"[1015009003]","[1015009003]"
-4.90542,55.20075,"[15010]","[15010]"
-4.88339,55.21375,"[1015010001]","[1015010001]"
-4.85783,55.22822,"[1015010002]","[1015010002]"
-4.84592,55.25472,"[15012]","[15012]"
-4.83336,55.28617,"[1015012001]","[1015012001]"
-4.83444,55.30731,"[1015012002]","[1015012002]"
-4.70564,55.34669,"[15016]","[15016]"
-4.76736,55.33142,"[1015016001]","[1015016001]"
-4.60681,55.43661,"[15019]","[15019]"
-4.61606,55.42447,"[1015019001]","[1015019001]"
-4.63569,55.39558,"[1015019002]","[1015019002]"
-0.74222,52.20458,"[15022]","[15022]"
-0.76906,52.21133,"[1015022001]","[1015022001]"
-0.79483,52.21928,"[1015022002]","[1015022002]"
-1.09917,52.93292,"[15023]","[15023]"
-1.06597,52.93736,"[1015023002]","[1015023002]"
-0.97439,52.94792,"[15033]","[15033]"
-0.94133,52.94700,"[1015033001]","[1015033001]"
-0.92814,52.94700,"[1015033002]","[1015033002]"
-0.92814,52.94697,"[15035]","[15035]"
-0.94147,52.94692,"[1015035001]","[1015035001]"
-0.97450,52.94789,"[1015035002]","[1015035002]"
-1.62153,53.49194,"[15036]","[15036]"
-1.60300,53.48872,"[1015036001]","[1015036001]"
-1.55975,53.48297,"[1015036002]","[1015036002]"
-1.52842,53.48453,"[1015036003]","[1015036003]"
-1.50614,53.48800,"[1015036004]","[1015036004]"
-1.50589,53.48792,"[15043]","[15043]"
-1.53147,53.48408,"[1015043002]","[1015043002]"
-1.55967,53.48292,"[1015043003]","[1015043003]"
-1.60300,53.48867,"[1015043004]","[1015043004]"
-1.62161,53.49189,"[1015043005]","[1015043005]"
-4.58625,55.52744,"[15044]","[15044]"
-4.57544,55.53492,"[1015044001]","[1015044001]"
-4.54331,55.55853,"[1015044002]","[1015044002]"
-1.76169,53.64653,"S","[15047]"
-0.07814,51.42069,"Bus Lane Camera","[15218]"
-3.89250,51.94072,"[15230]","[15230]"
0.47472,50.84667,"Westbound","[15311]"
-0.04264,51.44583,"after Herschell Road, northbound, Redspeed","[15343]"
-0.00514,51.43061,"dir. NE","[15389]"
-4.35736,55.90056,"westbound, 30mph zone but drops to 20mph when the lights flash, removed (?)","[15455-]"
-3.94556,51.64492,"S","[15510]"
-2.57847,51.49078,"O","[15513]"
-1.24283,52.36547,"NW, bs (?)","[15559]"
-1.47419,52.39269,"just before railway bridge, northeast-bound","[15562]"
-0.88572,52.76689,"east-bound","[15577]"
-6.31797,54.22389,"[15589]","[15589]"
-6.32208,54.21861,"[1015589001]","[1015589001]"
-2.91644,54.88378,"NW, next to bus lane","[15616]"
0.02706,51.59633,"East-bound","[15617]"
-2.16339,53.41011,"junction Mersey Square","[15739]"
-0.38717,51.64553,"SW, Schleifen in beide Richtungen","[15748]"
-2.58456,51.45703,"N","[15769]"
-2.96786,53.43119,"before junction with walton breck road, southbound","[15858]"
-2.58100,51.49672,"[15888]","[15888]"
-4.23456,55.86833,"N, bs?","[15890]"
-0.57889,51.24778,"W","[15891]"
-2.04325,52.12508,"W","[15892]"
-2.23583,53.50014,"[15893]","[15893]"
-1.12250,53.69850,"[15894]","[15894]"
-0.23217,50.84006,"O","[15895]"
0.45061,51.72244,"[15896]","[15896]"
0.95672,50.98453,"north-bound","[15954]"
0.16781,51.56425,"west-bound","[15962]"
0.16881,51.56453,"east-bound","[15963]"
-0.30847,51.40056,"south-bound","[16085]"
-0.32828,53.76033,"bothway, 100m north of Foster Street","[16086]"
-1.84611,52.49653,"[16095]","[16095]"
-0.44525,50.82133,"O","[16107]"
-0.35900,50.95786,"south-bound","[16108]"
-3.24100,51.52808,"roundabout at junction M4 travelling east","[16111]"
-3.24278,51.52533,"roundabout at junction M4 travelling west","[16112]"
-3.08819,51.01694,"S, also speed (?)","[16301-]"
-3.53278,53.30525,"NO, 20 or 30 km/h (?)","[16306]"
-2.27500,52.34722,"[16307]","[16307]"
-2.49722,52.70972,"E","[16308]"
-2.49369,52.70853,"W","[16309]"
-2.43853,53.57047,"[16311]","[16311]"
-2.25525,53.41139,"[16313]","[16313]"
-2.21200,53.46817,"[16314]","[16314]"
-2.21250,53.52678,"[16319]","[16319]"
-2.87447,54.06286,"NW, bs (?)","[16322]"
-0.96389,51.45333,"[16324]","[16324]"
-0.75886,51.42144,"N","[16325]"
-0.36806,51.46139,"[16326]","[16326]"
-0.36636,51.46314,"[16327]","[16327]"
-0.28303,51.40714,"[16328]","[16328]"
-0.30119,51.48861,"[16329]","[16329]"
-0.22436,51.43475,"N","[16330]"
-0.21981,51.49322,"O","[16331]"
-0.21917,51.45611,"[16332]","[16332]"
-0.19333,51.52192,"[16333]","[16333]"
-0.45056,51.64633,"O","[16334]"
-0.34444,51.53928,"N","[16335]"
-0.41806,51.65114,"W, db (?)","[16336]"
-0.08111,51.57967,"[16337]","[16337]"
-0.33956,51.72339,"N","[16338]"
-2.07972,52.59194,"[16339]","[16339]"
-2.07767,52.58672,"N, bs (?)","[16340]"
-2.07444,52.61250,"[16341]","[16341]"
-1.94889,52.53861,"[16342]","[16342]"
-1.93300,52.53381,"[16343]","[16343]"
-1.77764,52.47989,"perhaps inactive","[16344]"
-1.76694,52.48139,"perhaps inactive","[16345]"
-2.06917,53.47606,"[16346-]","[16346-]"
-1.51464,53.67822,"SW","[16348]"
-0.16439,51.13950,"S","[16349]"
-0.09136,51.33028,"[16350]","[16350]"
-0.08644,51.36525,"[16351]","[16351]"
-0.14111,51.52436,"O","[16352]"
-0.13589,51.52558,"[16353]","[16353]"
-0.13164,51.46417,"S","[16354]"
-0.09506,51.52914,"[16356]","[16356]"
-0.03986,51.51097,"3 speedcams inside the tunnel","[16357]"
-0.04050,51.51078,"3 speedcams inside the tunnel","[16357]"
0.19211,51.52528,"[16358]","[16358]"
-0.17342,51.55503,"W","[16359]"
-0.14089,51.54944,"S","[16360]"
-0.12972,51.56403,"[16361]","[16361]"
-0.12028,51.56528,"[16362]","[16362]"
-0.09611,51.54722,"[16363]","[16363]"
-0.08569,51.57500,"[16364]","[16364]"
-0.07275,51.57175,"S","[16365]"
-0.17869,51.68969,"bs","[16367]"
-0.04272,51.56342,"NO","[16369]"
0.02222,51.59017,"[16373]","[16373]"
0.03000,51.56286,"[16374]","[16374]"
-2.84214,53.41203,"SW","[16380]"
0.07278,51.64819,"W","[16386]"
-1.73861,53.80556,"[16387]","[16387]"
-2.11528,53.44472,"[16389]","[16389]"
-1.88369,52.53275,"[16391]","[16391]"
-1.87394,52.53664,"NO","[16392]"
-1.77167,52.62872,"[16394]","[16394]"
-0.02592,51.53883,"[16396]","[16396]"
0.11989,51.61461,"S","[16397]"
0.13133,51.60694,"[16398]","[16398]"
-1.67514,52.41500,"S","[16399]"
-1.66472,52.40889,"N","[16400]"
-3.55033,50.48281,"SO","[16440]"
-3.97883,51.60750,"[16441]","[16441]"
-2.60011,51.41869,"[16442]","[16442]"
-2.19500,53.48131,"N","[16445]"
-0.13833,51.55703,"S","[16446]"
-0.34053,51.72447,"S","[16480]"
-2.11919,53.86269,"junction School Lane, W","[16567]"
-2.66736,53.33244,"before wolverton drive, north-bound","[16596]"
-0.55847,51.32156,"Ecke Chobham Road, NO","[16599]"
-2.46750,53.56628,"[17095]","[17095]"
0.65194,51.56972,"[17218]","[17218]"
0.70639,51.57250,"[17219]","[17219]"
0.04297,51.57797,"S","[17221]"
-1.16947,52.99078,"S","[17223]"
-1.15936,52.98631,"S","[1017223001]"
-1.15681,52.97861,"S","[1017223002]"
-1.15367,52.97014,"S","[1017223003]"
-2.90806,51.26636,"eastbound","[17262]"
-1.56542,50.96267,"Westbound","[17267]"
-1.56753,50.96344,"Eestbound","[17268]"
-1.34647,53.92372,"bothway","[17351]"
-1.76306,52.62661,"[17359-]","[17359-]"
-1.30606,53.07025,"W","[17566]"
-0.58039,51.24769,"O","[17574]"
-0.34028,50.99258,"[17589]","[17589]"
-1.75861,52.62564,"[17594]","[17594]"
-0.90042,52.17361,"both-way","[17604]"
-0.69967,50.80431,"south-bound","[17605]"
-0.34056,52.69917,"So","[17673]"
-2.31278,53.49167,"[17971]","[17971]"
-2.32164,53.49825,"[17972]","[17972]"
-1.91131,53.26044,"[18037]","[18037]"
-2.21903,53.41122,"[18038]","[18038]"
-2.24094,53.47442,"N","[18046]"
-1.19161,52.95308,"S","[18060]"
-1.19058,52.94825,"S","[1018060001]"
-1.19122,52.95661,"N","[18061]"
-1.19117,52.95864,"N","[1018061001]"
-1.19106,52.96250,"N","[1018061002]"
-1.19094,52.96631,"N","[1018061003]"
-1.19000,52.96869,"NO","[18065]"
-1.18775,52.97081,"NO","[1018065001]"
-1.18319,52.97483,"NO","[1018065002]"
-1.17944,52.97789,"NO","[1018065003]"
-1.17325,52.98219,"NO","[1018065004]"
-1.16200,52.98644,"NO","[1018065005]"
-0.07589,51.57417,"db","[18070]"
1.30719,52.62544,"turnable, entrance to the car park","[18145]"
-2.07111,52.57697,"NW","[18172]"
-5.91611,54.60061,"M3 Junction, East Bound","[18459]"
-5.92458,54.60694,"camera under the Motorway bridge directed at the on ramp of the M3 East bound at the junction of York Link","[18702]"
-5.93519,54.60275,"junction of Peters Hill, north-bound","[18703]"
0.16794,51.06142,"East-bound, E","[18823]"
-1.47083,50.99814,"East bound","[18837-]"
-1.46592,50.99750,"West bound","[18838-]"
-0.42897,52.95128,"south-bound, 350mtrs south of a left turn called Swarby Lane, S","[18874]"
-0.27042,51.51247,"N, bs (?)","[18925]"
-0.06400,51.42714,"SW","[18982]"
-0.19233,51.49472,"W","[19018]"
-1.53211,53.68989,"NW","[19064]"
-2.60853,50.97531,"N, bs (?)","[19066]"
-2.14778,52.47219,"[19069-]","[19069-]"
-2.14611,52.45458,"W","[19070]"
-2.14292,52.47306,"SW","[19071]"
-2.14178,52.48183,"O","[19072]"
-2.24917,53.09044,"[19075]","[19075]"
-2.36042,53.38694,"rotatable","[19076]"
-0.74517,51.63861,"NO","[19077-]"
-0.50353,51.88797,"O","[19078]"
-0.32108,51.58006,"SW","[19079]"
-2.11647,52.49178,"N","[19080]"
-2.11442,52.49397,"S","[19081]"
-2.06742,52.45478,"SO","[19083]"
-2.10967,52.54378,"W","[19084]"
-2.02778,53.50436,"[19089-]","[19089-]"
-0.17778,51.49547,"E","[19091]"
-0.17572,51.49561,"W","[19092]"
-0.17033,51.48281,"NO","[19093]"
-0.01472,51.51111,"[19094]","[19094]"
-0.07681,51.53758,"S","[19095]"
-0.02675,51.55172,"W","[19096]"
-1.81417,52.52800,"O","[19100]"
-1.80997,52.52533,"N","[19101]"
-2.62872,53.54333,"S","[19106]"
-5.92728,54.60625,"N","[19107]"
-0.44475,51.45272,"N","[19109]"
-0.18847,51.39006,"S","[19110]"
-1.77358,53.64381,"NW","[19111]"
-2.15075,52.46561,"S","[19123]"
-4.43889,57.59931,"at the level crossing","[19125]"
-4.68889,57.61422,"at the level crossing","[19126]"
-2.23983,53.47322,"NW","[19127]"
-3.25125,55.94481,"[19128]","[19128]"
-3.24033,55.91986,"[19129-]","[19129-]"
-1.98447,50.72078,"S","[19214]"
-5.04136,50.26697,"rotatable","[19736]"
-0.22339,51.37522,"NE","[19753]"
-1.91275,52.51511,"both-way","[19760-]"
-1.75847,53.66172,"[19806]","[19806]"
-1.43611,54.95278,"N","[19811-]"
-1.43306,54.95153,"[19812-]","[19812-]"
-1.38894,54.92694,"[19813]","[19813]"
-3.89306,51.94072,"[19814]","[19814]"
-1.12306,53.69889,"[19815]","[19815]"
-0.03875,51.47533,"[19817]","[19817]"
-0.25333,51.36078,"NW","[19819]"
-1.71922,52.51500,"N","[19823]"
-0.90022,52.23989,"N","[19824]"
-0.63972,53.59247,"Bahnübergang, bs","[19825]"
0.31806,52.46647,"Bahnübergang, beidseitig","[19829]"
-3.47528,53.31981,"W","[19831]"
-0.77833,51.34139,"NW","[19835]"
-0.19325,51.37528,"N","[19836]"
-0.29389,51.60750,"W","[19838]"
-4.85781,55.22819,"[19852]","[19852]"
-4.88339,55.21369,"[1019852001]","[1019852001]"
-4.90567,55.20050,"[1019852002]","[1019852002]"
-4.83431,55.30731,"[19855]","[19855]"
-4.83331,55.28617,"[1019855001]","[1019855001]"
-4.84589,55.25472,"[1019855002]","[1019855002]"
-4.76744,55.33144,"[19856]","[19856]"
-4.70569,55.34669,"[1019856001]","[1019856001]"
-4.63586,55.39556,"[19858]","[19858]"
-4.61614,55.42469,"[1019858001]","[1019858001]"
-4.60683,55.43664,"[1019858002]","[1019858002]"
-4.58242,55.48261,"[19860]","[19860]"
-4.56761,55.49425,"[1019860001]","[1019860001]"
-4.56739,55.49419,"[19861]","[19861]"
-4.58222,55.48256,"[1019861001]","[1019861001]"
-1.00972,53.42631,"[19889]","[19889]"
-0.99081,53.41803,"[1019889001]","[1019889001]"
-0.91156,53.40722,"[1019889002]","[1019889002]"
-0.87544,53.40569,"[1019889003]","[1019889003]"
-0.85214,53.05517,"[19891]","[19891]"
-0.83739,53.06317,"[1019891001]","[1019891001]"
-1.15314,52.99553,"[19895]","[19895]"
-1.14972,52.98933,"[1019895001]","[1019895001]"
-0.79481,52.21931,"[19897]","[19897]"
-0.76903,52.21136,"[1019897001]","[1019897001]"
-0.74222,52.20461,"[1019897002]","[1019897002]"
-0.84644,52.27364,"[19900]","[19900]"
-0.84333,52.26578,"[1019900001]","[1019900001]"
-0.84183,52.26289,"[1019900002]","[1019900002]"
-0.83469,52.25242,"[1019900003]","[1019900003]"
-0.07694,51.50325,"N","[19907-]"
-0.07414,51.50814,"N","[1019907001-]"
-0.07406,51.50814,"S","[19908]"
-0.07686,51.50322,"S","[1019908001]"
-1.05222,52.94161,"[19910]","[19910]"
-1.04153,52.94200,"[1019910001]","[1019910001]"
-0.53417,51.40092,"W","[19911]"
-0.53458,51.40050,"W","[1019911004]"
-0.54219,51.39967,"W","[1019911005]"
-0.55928,51.39353,"W","[1019911006]"
-2.56508,51.45019,"perhaps inactive","[19926]"
-1.93692,52.40103,"NO","[19927]"
-1.93333,52.49442,"O","[19928]"
-1.93169,52.40431,"SW","[19929]"
-1.92872,52.49347,"W","[19930]"
-1.91178,52.44953,"S","[19931]"
-1.90606,52.48822,"O","[19932]"
-1.90378,52.48736,"W","[19933]"
-1.85489,52.47700,"O","[19934]"
-1.82842,52.49939,"S","[19935]"
-0.17042,51.38558,"O","[19938]"
-0.16944,51.37444,"N oder bs","[19939]"
-0.19019,51.49475,"E","[19940]"
0.00197,51.41844,"SO","[19941]"
-0.00436,51.46000,"NW","[19942]"
-0.00436,51.46008,"SO","[19943]"
-0.13586,51.58858,"SO","[19944]"
-0.07717,51.53317,"N","[19945]"
-0.07486,51.55347,"N","[19946]"
-0.07456,51.55531,"S","[19947]"
-0.05700,51.56097,"S","[19948]"
-0.05525,51.54303,"S","[19949]"
1.12889,51.07183,"[19950]","[19950]"
-1.87286,53.72678,"W","[19951]"
-0.41211,51.46981,"N","[19962]"
-1.89708,53.77286,"[19964]","[19964]"
-1.89681,53.76800,"[19965]","[19965]"
-2.02297,51.12303,"[19970]","[19970]"
-1.41097,51.79081,"[19971]","[19971]"
-1.75589,51.17839,"E","[19974]"
-0.24583,54.06722,"before the level crossing","[19978]"
-2.67269,51.48625,"O","[19979]"
-2.99061,53.47239,"[19980]","[19980]"
-2.85592,54.38083,"[19986]","[19986]"
-0.44189,51.52769,"[19988]","[19988]"
-0.29228,51.52697,"W","[19990]"
-0.37483,51.63308,"[19992]","[19992]"
-2.20117,53.02047,"[19994]","[19994]"
-1.92450,53.84139,"[19995]","[19995]"
-1.80758,53.82342,"[19996]","[19996]"
-1.49267,53.42533,"[19997]","[19997]"
-1.66578,53.84428,"[19999]","[19999]"
-1.60928,53.82222,"O","[20000]"
-1.16108,52.93211,"[20002]","[20002]"
-0.02911,51.65161,"[20005]","[20005]"
0.10831,51.75442,"drehbar","[20007]"
-1.65342,53.80811,"[20009]","[20009]"
-0.04975,51.58628,"O","[20014]"
-4.14508,50.37386,"N","[20015]"
-0.02706,51.52678,"[20016]","[20016]"
-1.77053,53.83436,"bs, 2 Geräte","[20035]"
-3.02322,53.47831,"S","[20075]"
-1.93022,52.53403,"S","[20088]"
-1.93039,52.52397,"N","[20089]"
-1.91744,52.63642,"NW, between Lichfield Rd","[20110]"
-2.18403,53.07983,"S","[20155]"
-1.18728,53.01656,"S","[20188]"
-1.18814,53.01317,"S","[1020188001]"
-1.63911,53.68856,"SW","[20192]"
-2.97231,53.40381,"W","[20199]"
-3.47606,55.87914,"W","[20200]"
-0.08600,51.40775,"N","[20206]"
0.07944,51.49100,"westbound","[20217]"
-2.22828,52.24067,"[20222]","[20222]"
-0.00983,51.34786,"SO","[20234]"
-0.00075,51.42047,"NW","[20235]"
0.05133,51.44150,"N","[20236]"
-0.09808,51.54869,"S","[20237]"
-0.02756,51.58969,"db","[20238]"
0.20928,51.56314,"[20240]","[20240]"
-1.85828,53.70825,"S","[20242]"
-2.22606,52.25564,"S","[20247]"
-2.23047,51.86219,"N","[20249-]"
-1.82717,50.74803,"sw","[20250]"
-2.22981,51.86264,"S","[20280]"
-0.22944,51.46333,"O","[21233]"
-0.29208,51.46650,"NO","[21235]"
-0.38931,51.64500,"NO, Schleifen beide Richtungen","[21236]"
-1.22194,53.02356,"N","[21237]"
-1.22086,53.02436,"S","[21238]"
-0.02819,51.51428,"S","[21239]"
0.04225,51.45233,"W","[21240]"
-0.13767,51.55911,"N","[21241]"
-1.87653,53.71686,"N","[21242]"
-1.85872,53.70961,"N","[21243]"
-1.71131,53.78833,"S","[21244]"
-1.58758,53.80800,"[21245]","[21245]"
-0.20678,51.34919,"S","[21247]"
-0.44386,51.61828,"S","[21248]"
-0.41475,51.48067,"W","[21249]"
0.04294,51.45222,"O","[21264]"
-1.71139,53.78722,"N","[21793]"
-1.70783,53.79542,"NE","[21794]"
-1.70689,53.79683,"SW","[21795]"
-1.37106,53.03875,"bs?","[21796]"
0.14250,51.56111,"O","[21797-]"
-1.59431,53.81042,"NW","[21798]"
-1.54597,55.06367,"db","[21799]"
-0.34047,51.48247,"O","[21800]"
-1.45353,53.82489,"S","[21801]"
-1.45317,53.82533,"N","[21802]"
0.46106,51.30206,"E","[21805]"
0.52853,51.29500,"N","[21808]"
0.52842,51.29528,"S","[21809]"
-0.21781,51.92478,"N","[21810]"
-0.21778,51.92533,"S","[21811]"
-0.38575,51.43942,"SO","[22066]"
-0.17942,51.45525,"N","[22090]"
0.13678,51.80372,"S","[22122]"
0.13833,51.80489,"N","[22123]"
-0.33439,51.74894,"NO","[22134]"
-2.86533,51.37436,"NO","[22216]"
-2.64194,53.56050,"[22226]","[22226]"
-0.28347,51.33458,"O","[22237]"
0.15550,51.45028,"SO","[22346]"
-0.01067,51.44514,"O","[22347]"
-1.59344,53.16406,"[22520]","[22520]"
-2.98944,51.20239,"bs, inactive","[22522]"
-0.60408,51.31250,"O","[22524]"
-0.49436,51.38333,"N","[22525]"
-0.48747,51.36050,"S, db (?)","[22526]"
-0.48025,51.52086,"SO","[22527]"
-0.36667,51.57986,"N","[22528]"
-0.22231,51.56317,"N","[22529]"
-2.11172,53.52783,"[22531-]","[22531-]"
-1.24500,52.99989,"[22532]","[22532]"
-1.24058,52.99919,"[22533]","[22533]"
-1.38214,53.25942,"E","[22534]"
-1.62578,53.67178,"W","[22535]"
-0.14194,51.36989,"O","[22536]"
-0.13556,51.49161,"NW","[22537]"
-0.13394,51.49086,"O","[22538]"
-0.10708,51.48719,"N","[22539]"
0.01883,51.40178,"N","[22540]"
0.01886,51.40253,"S","[22541]"
-0.08122,51.47369,"W","[22542]"
-0.03517,51.44236,"W","[22543]"
-0.06117,51.48139,"NW","[22544]"
-0.02403,51.51125,"O","[22545]"
-0.15206,51.57983,"SO","[22546]"
-0.06608,51.58469,"W","[22547]"
-0.03514,51.54986,"NO","[22548]"
0.02125,51.58694,"N","[22549]"
-1.59519,53.81072,"SO","[22551]"
-0.56256,51.31964,"SW","[22553]"
-0.23458,51.49128,"O","[22555]"
-0.11656,51.34150,"N","[22559]"
-0.01322,51.50725,"O","[22560]"
-0.01081,51.50725,"W","[22561]"
-0.03544,51.64083,"N","[22562-]"
-0.34222,50.98167,"S","[22564]"
-0.68400,52.93075,"[22566]","[22566]"
-0.11400,52.02428,"SW","[22567]"
-0.10725,52.02825,"SW","[22568]"
-0.08053,52.03736,"NO","[22569]"
-0.53994,51.41536,"S","[22570-]"
-0.51964,51.45611,"N","[22571]"
-0.51933,51.45608,"S","[22572]"
-3.17811,55.93756,"S","[22573-]"
-0.74206,51.39492,"SO","[22574]"
-0.33728,51.48264,"O","[22575]"
-0.39994,51.66383,"N","[22576]"
-1.10917,52.93122,"O","[22578]"
-5.83978,54.64047,"[22579-]","[22579-]"
-5.81731,54.64533,"[1022579001-]","[1022579001-]"
-5.80417,54.65069,"[1022579002-]","[1022579002-]"
-5.79372,54.65372,"[1022579003-]","[1022579003-]"
-5.77972,54.65742,"[1022579004-]","[1022579004-]"
-5.77336,54.65811,"[1022579005-]","[1022579005-]"
-5.77197,54.65817,"[22589]","[22589]"
-5.78058,54.65717,"[1022589001]","[1022589001]"
-5.79367,54.65372,"[1022589002]","[1022589002]"
-5.80342,54.65083,"[1022589003]","[1022589003]"
-5.81711,54.64525,"[1022589004]","[1022589004]"
-5.83964,54.64042,"[1022589005]","[1022589005]"
-5.70542,54.64942,"[22604]","[22604]"
-5.72417,54.64672,"[1022604001]","[1022604001]"
-5.74819,54.65264,"[1022604002]","[1022604002]"
-0.36672,51.57964,"S","[22608]"
-5.93583,54.59917,"NW","[22609]"
-5.74819,54.65278,"[22618]","[22618]"
-5.72417,54.64683,"[1022618001]","[1022618001]"
-5.70547,54.64953,"[1022618002]","[1022618002]"
-4.58486,55.52086,"[22621]","[22621]"
-4.56525,55.49972,"[1022621002]","[1022621002]"
0.27056,51.65950,"S","[22675]"
-0.23161,51.30936,"db","[22702]"
-2.44153,53.09306,"S, bs (?)","[22734]"
-0.19219,51.40747,"reversible","[23050]"
-0.36158,51.41281,"E","[23056]"
0.13731,51.47833,"S, approach to zebra crossing","[23072]"
-2.15169,52.50833,"SW","[23158]"
-2.01294,52.48611,"NO","[23162]"
-0.70739,51.65986,"NE","[23183]"
-0.54117,51.41039,"N","[23228]"
-2.76031,53.35944,"W","[23316]"
-0.40564,51.45192,"N","[23320]"
-0.24656,51.51100,"S","[23321]"
-0.23628,51.48222,"N","[23322]"
-0.22603,51.51467,"N","[23323]"
-0.21992,51.52900,"O","[23324]"
-0.20736,51.49083,"O","[23325]"
-2.11747,52.47197,"SW","[23326]"
-2.00889,52.48839,"SW","[23328]"
-1.66036,53.57206,"E","[23331]"
-0.17542,51.36314,"O","[23332]"
-0.11381,51.45533,"S","[23333]"
-0.09264,51.47406,"W","[23334]"
-0.12411,51.47986,"N","[23335]"
-0.41147,51.47986,"O","[23338]"
-0.40639,51.47183,"NO","[23339]"
-0.45639,51.53417,"NW","[23340]"
-0.13942,51.39231,"db","[23342]"
-0.50250,51.54083,"S","[23343]"
-0.49997,51.48408,"SW","[23345]"
0.02903,51.52575,"NO","[23347]"
-0.18531,51.48314,"junction Fulham Road, N","[23498]"
-1.92189,52.54594,"W","[23503]"
-1.91308,52.55103,"SW, just after Asda","[23504]"
-0.11856,51.60164,"corner with Partridge Way, East","[23512]"
-0.06808,51.59839,"N","[23513]"
-7.29861,54.99031,"junction Dennet Gardens, NW","[23897-]"
1.27397,52.64589,"turnable","[24087]"
-1.70939,52.45372,"on gantries between junctions 3A and 7","[24094]"
-1.76806,52.39397,"on gantries between junctions 3A and 7","[24096]"
-1.03072,51.45308,"E","[24139]"
-2.11106,52.56689,"O","[24140]"
-2.10714,52.56681,"W","[24141]"
-2.04519,52.51647,"NW","[24142]"
-1.79708,52.41789,"W","[24143]"
-2.18314,53.50856,"N","[24145]"
-2.18019,53.51508,"N","[24146]"
-0.64897,52.01453,"N","[24147]"
-2.74469,53.78383,"S, bs (?)","[24148]"
-2.08044,53.71681,"O","[24149]"
-2.07467,53.71778,"[24150]","[24150]"
-1.72842,53.80767,"SO","[24151]"
-1.72831,53.80744,"NW","[24152]"
-1.72508,53.80439,"N","[24153]"
-1.72358,53.80292,"S","[24154]"
-2.95011,50.88764,"rotatable","[24155]"
-2.11447,52.56353,"N","[24156]"
-2.09542,52.54944,"N","[24157]"
-2.09531,52.54950,"S","[24158]"
-2.95233,52.79942,"[24159]","[24159]"
-0.91672,51.43953,"db","[24160]"
-1.99664,52.38911,"SW","[24162]"
-1.70361,55.02833,"Schranke","[24182-]"
-1.74181,52.50447,"N","[24200]"
-0.39186,51.65317,"SW","[24713]"
-2.58353,51.45969,"W","[24786]"
-2.58389,51.45928,"N","[24787]"
-3.56811,51.57633,"[24788]","[24788]"
-2.65086,51.50583,"O","[24789]"
-2.64742,51.50544,"W","[24790]"
-2.61267,51.46772,"N, close to the old St. Johns Church","[24791-]"
-2.60900,51.46283,"S","[24792]"
-1.30183,51.75019,"db","[24793]"
-1.65078,53.68194,"SW","[24794]"
-0.26006,51.53136,"S","[24795]"
-0.12275,51.45969,"W","[24796]"
0.18742,51.57483,"N","[24797]"
1.24894,52.63797,"W","[24798]"
-1.34511,53.72306,"NW","[24799]"
-1.34308,53.72028,"SO","[24800]"
-3.98356,51.60564,"SW","[24801]"
-0.26378,51.52192,"SO","[24802]"
0.11872,51.61533,"NW","[24803]"
-2.81831,55.78464,"E","[24805]"
-0.17647,53.53711,"N","[24807]"
-0.15603,53.54197,"W","[24808]"
-1.24283,53.07725,"N","[24809]"
-1.24244,53.07969,"N","[1024809001]"
-1.24136,53.08408,"N","[1024809002]"
-1.24050,53.08578,"N","[1024809003]"
0.62894,51.57142,"[24837]","[24837]"
0.61294,51.57556,"[1024837001]","[1024837001]"
0.58744,51.57886,"[1024837002]","[1024837002]"
0.57397,51.58589,"[1024837003]","[1024837003]"
0.54808,51.58919,"[1024837004]","[1024837004]"
0.52064,51.59028,"[1024837005]","[1024837005]"
0.50761,51.59203,"[1024837006]","[1024837006]"
0.49158,51.59244,"[1024837007]","[1024837007]"
0.43539,51.58386,"[1024837008]","[1024837008]"
-0.09203,51.60000,"junction of New Road, N","[25748]"
-0.08194,51.62319,"N","[25749-]"
0.05558,51.03039,"S, opposite the Church","[25989]"
0.05928,51.56036,"SE","[26572]"
-0.01408,51.58992,"W","[26573]"
-2.11861,52.57042,"S","[26576]"
-1.79461,52.40931,"SW","[26577]"
-1.18931,53.14800,"O","[26578]"
-1.18778,53.14833,"W","[26579]"
-1.65367,53.68031,"NO","[26580]"
0.01764,51.45506,"E","[26581]"
0.01797,51.45494,"W","[26582]"
1.28403,52.61617,"N","[26583]"
-4.08733,50.36558,"S","[26585]"
-2.49300,53.76869,"SW","[26591]"
-0.14472,51.51992,"S","[26593]"
-1.13989,52.94361,"S","[26596]"
-1.13925,52.94072,"S","[1026596001]"
-1.13931,52.94069,"N","[26597]"
-1.13994,52.94358,"N","[1026597001]"
-1.15303,52.97142,"N","[26598]"
-1.14761,52.97958,"N","[1026598010]"
-1.14128,52.98781,"N","[1026598011]"
-1.13997,52.99092,"N","[1026598012]"
-1.13986,52.99094,"S","[26601]"
-1.14111,52.98781,"S","[1026601009]"
-1.14744,52.97958,"S","[1026601010]"
-1.15283,52.97158,"S","[1026601011]"
-1.46883,52.27261,"SW, bs (?)","[26909]"
-0.36094,51.41267,"W","[26955]"
-3.16253,55.95658,"E","[26967]"
-2.75731,51.60992,"W","[26989]"
-2.45097,51.39917,"SO","[27071]"
-2.21692,53.01481,"NO","[27073]"
-2.06933,53.44386,"S","[27074]"
-0.06800,51.59808,"S","[27075]"
-1.61092,53.85156,"SO","[27076]"
-1.60839,53.85058,"SO","[27077]"
-1.60425,53.84833,"SO","[27078]"
-3.05122,51.69717,"[27079]","[27079]"
-1.71644,53.68183,"SO","[27083]"
-1.56922,53.75900,"S","[27084]"
-1.56847,53.76083,"N","[27085]"
-1.56703,53.76197,"S","[27086]"
-1.56592,53.76253,"NO","[27087]"
-3.36333,51.52364,"N","[27088]"
-3.12617,52.97217,"E","[27089]"
-1.37758,52.37722,"S, bs (?)","[27092]"
-0.51733,51.38353,"N","[27093]"
-1.55889,52.40222,"N","[27094]"
-1.55592,52.40258,"W","[27095]"
0.56197,51.53750,"[27111]","[27111]"
0.54011,51.55114,"[1027111001]","[1027111001]"
0.54194,51.56397,"[1027111002]","[1027111002]"
-3.49892,53.31889,"E, removed (?)","[27851-]"
-0.06767,51.32339,"NW","[28666]"
-1.60150,51.79414,"E","[28670]"
1.22656,52.67511,"towards Fackenham","[29016]"
-1.06300,52.74656,"S","[29024]"
-1.06581,52.74117,"N","[29025]"
-2.09242,52.58336,"W","[29100]"
-3.97425,51.64328,"N, bs (?)","[29103]"
-1.99858,52.39603,"[29242]","[29242]"
-1.82417,53.77122,"W","[29260]"
-1.82139,53.77181,"O","[29261]"
0.04764,51.78531,"W","[29535]"
-3.25225,55.93128,"S","[29582-]"
-1.89094,52.44433,"S","[29583]"
-1.88789,52.40853,"N","[29584]"
-1.72994,53.64461,"NW","[29585]"
-1.72881,53.64383,"S","[29586]"
-0.27733,51.36217,"NO","[29588]"
-0.15150,51.26622,"N","[29589]"
-2.08761,52.53556,"N","[29590]"
-1.78033,53.67061,"N","[29591]"
-1.78017,53.66575,"N","[29592]"
-1.72619,53.64208,"NW","[29593]"
-1.71819,53.63636,"SO","[29594]"
-1.71428,53.63478,"W","[29595]"
-1.70886,53.63472,"O","[29596-]"
-1.67311,53.63442,"W","[29597]"
-1.76122,52.51444,"E","[29604]"
-4.13281,50.37156,"E","[29619]"
-1.50022,52.44886,"W","[29620]"
-0.07011,51.53508,"S","[29621]"
-3.22617,55.93739,"S, eingepackt 6/23","[29686-]"
-1.12306,53.01094,"db","[29694]"
-1.82600,52.49794,"NW","[33938]"
-1.69594,53.63250,"W","[33939]"
-1.97514,52.40881,"NO","[33940]"
-1.72283,53.64097,"SE","[33941]"
-1.70325,53.63386,"O","[33942]"
-1.59286,55.29539,"[33946]","[33946]"
-0.95272,53.63619,"N","[33974]"
-2.57372,51.51075,"S","[36616]"
-1.54283,53.67786,"N","[36617]"
-1.54222,53.67722,"S","[36618]"
-1.53836,53.67331,"N","[36619]"
-2.62300,53.80517,"[36620]","[36620]"
-1.79333,53.61525,"N","[36621]"
0.13164,51.41892,"N, db (?)","[36622]"
-1.65161,53.63669,"bsW","[36624]"
-6.32878,54.20464,"2.2 miles between the Sheepbridge and the Mourne Country roundabout, bs","[36688]"
-6.33253,54.19725,"2.2 miles between the Sheepbridge and the Mourne Country roundabout, bs","[1036688001]"
-0.51714,51.38358,"S","[36708]"
-0.17556,51.58503,"W","[36731]"
-0.18028,51.54775,"S","[36733]"
-0.34047,51.48239,"W","[36735]"
-0.24639,51.51056,"N","[36736]"
-0.23556,51.51444,"O","[36737]"
-0.21936,51.50411,"W","[36738]"
-0.23583,51.44711,"S","[36739]"
-0.25231,51.43753,"W, Test-Anlage","[36740]"
0.42181,51.58436,"O","[36744]"
0.42794,51.58381,"W","[36745]"
-1.34528,53.64061,"O","[36762]"
-1.35444,53.64203,"[36763]","[36763]"
-1.34506,53.72308,"SO","[36764]"
-1.58753,53.80803,"[36769]","[36769]"
-2.49608,53.24322,"SW","[36774]"
-2.42306,53.29500,"N","[36775]"
-2.25733,53.44342,"O","[36776]"
-2.24558,53.48822,"N","[36777]"
-2.16772,53.51889,"S","[36778]"
-2.14333,53.47400,"SW","[36779]"
-2.17658,53.47322,"W","[36780]"
-1.87556,52.47750,"S","[36799]"
-1.89631,52.50061,"S","[36800]"
-0.14797,51.30472,"[36802]","[36802]"
-0.11967,51.33589,"N","[36804]"
-0.01022,51.34800,"NW","[36805]"
-0.08444,51.50931,"W","[36807]"
-0.08278,51.50917,"O","[36808]"
-0.14383,51.52406,"O","[36809]"
-0.09306,51.54203,"N","[36814]"
0.42633,51.58392,"[36820]","[36820]"
0.44794,51.58575,"[1036820001]","[1036820001]"
0.49136,51.59256,"[1036820002]","[1036820002]"
0.50792,51.59211,"[1036820003]","[1036820003]"
0.54792,51.58931,"[1036820004]","[1036820004]"
0.57411,51.58603,"[1036820005]","[1036820005]"
0.58761,51.57894,"[1036820006]","[1036820006]"
0.61300,51.57564,"[1036820007]","[1036820007]"
0.62903,51.57156,"[1036820008]","[1036820008]"
0.54200,51.56397,"[36821]","[36821]"
0.54014,51.55114,"[1036821001]","[1036821001]"
0.56206,51.53750,"[1036821002]","[1036821002]"
0.20928,51.56319,"[36828]","[36828]"
-0.50167,51.48278,"N","[36835]"
-0.01661,51.45269,"N","[36836]"
-2.99561,53.48333,"N","[36838]"
-2.23408,53.80569,"N","[36839]"
-1.58147,53.82567,"S","[36840]"
-0.32819,53.76019,"bothway, 100m north of Foster Street","[36841]"
-0.26592,52.22861,"S","[36842]"
0.10167,51.54908,"bs","[36844]"
-4.10500,51.09389,"E","[36851]"
-4.54289,55.55858,"[36854]","[36854]"
-4.57508,55.53494,"[1036854001]","[1036854001]"
-4.58608,55.52742,"[1036854003]","[1036854003]"
-2.55106,51.37489,"SO","[36856]"
-1.69042,53.63269,"O","[36857]"
-1.53753,53.67253,"S","[36858]"
0.14758,52.22889,"S","[36859]"
-2.09247,52.62853,"S","[36860]"
-1.62431,53.64103,"SW","[36861]"
-1.66067,53.63619,"W","[36862]"
-1.65656,53.63672,"O","[36863]"
-1.63167,53.63928,"O","[36864]"
-0.82522,53.39719,"N","[36889]"
-0.83492,53.40228,"N","[1036889001]"
-2.14561,52.58786,"NW, bs (?)","[37027]"
-0.07239,51.57414,"N","[37028]"
-0.03828,51.71136,"[37029]","[37029]"
-0.03811,51.71175,"[37030]","[37030]"
-1.63942,53.63736,"O, bs (?)","[37031]"
-1.66547,52.44411,"O","[37034]"
0.49944,51.29761,"E","[37222-]"
0.58089,51.44428,"[37418]","[37418]"
0.61072,51.44886,"[1037418001]","[1037418001]"
0.62922,51.44897,"[1037418002]","[1037418002]"
0.64242,51.45131,"[1037418003]","[1037418003]"
0.65378,51.44936,"[1037418004]","[1037418004]"
0.68686,51.44303,"[1037418008]","[1037418008]"
0.68686,51.44303,"bs","[37420]"
0.65378,51.44931,"bs","[1037420001]"
0.64242,51.45128,"bs","[1037420002]"
0.62922,51.44894,"bs","[1037420003]"
0.61078,51.44883,"bs","[1037420004]"
0.58092,51.44422,"bs","[1037420009]"
-0.00483,51.57939,"[37421]","[37421]"
-0.24944,51.51394,"O","[37431]"
-0.30425,51.42469,"[37433]","[37433]"
-0.28064,51.41278,"N","[37434]"
-0.11731,51.55644,"S","[37435]"
-0.09269,51.54217,"S","[37436]"
-0.03169,51.47247,"SO","[37438]"
-0.82808,51.40964,"SO","[37545]"
-1.00289,51.46122,"W, 30 or 40 km/h (?)","[37546]"
-0.67272,51.92136,"S","[37548]"
-0.26583,52.22844,"W","[37549]"
-1.15158,52.99692,"[37595]","[37595]"
-1.14386,53.00144,"[1037595001]","[1037595001]"
-1.14375,53.00139,"[37596]","[37596]"
-1.15222,52.99664,"[1037596001]","[1037596001]"
-1.19081,52.94825,"N","[37597]"
-1.19183,52.95303,"N","[1037597001]"
-1.19069,52.96631,"S","[37602]"
-1.19081,52.96242,"S","[1037602001]"
-1.19094,52.95864,"S","[1037602002]"
-1.19097,52.95661,"S","[1037602003]"
-1.24044,53.08575,"S","[37616]"
-1.24128,53.08408,"S","[1037616001]"
-1.24236,53.07969,"S","[1037616002]"
-1.24278,53.07725,"S","[1037616003]"
-0.95278,53.63667,"S","[37619]"
-1.20000,53.57028,"N, Front","[37620]"
-1.62081,53.64258,"NO","[37622]"
-1.61781,53.64408,"W, abgebaut","[37624]"
-1.70417,55.02833,"Schranke","[37638-]"
-2.13475,53.62397,"S","[37645]"
-2.16542,53.50736,"NO","[37646]"
-2.11306,53.37028,"S","[37647]"
-2.21108,53.37278,"N","[37648]"
-2.29692,53.45594,"N","[37749]"
-2.96181,53.45581,"S","[37753]"
-2.15033,52.56256,"SW","[37755]"
-3.17525,51.48386,"N","[37764]"
-3.96853,51.64453,"SO","[37766]"
-2.58478,51.45714,"N","[37769]"
-1.97731,50.73167,"N","[37770]"
-1.44272,50.91319,"W","[37772]"
-1.36186,50.91558,"W","[37773]"
-0.52292,51.38689,"S","[37782]"
-1.88228,50.84925,"W","[38150]"
-4.02203,55.84656,"S","[40030]"
-2.25153,51.84675,"bs","[43155]"
-2.24453,51.84342,"bs","[1043155001]"
-2.25394,51.84861,"[43158]","[43158]"
-2.24917,51.85500,"[1043158001]","[1043158001]"
-2.25578,51.83950,"bs","[43160]"
-2.25319,51.84681,"bs","[1043160001]"
-1.18014,52.98672,"[43162]","[43162]"
-1.17108,52.99050,"[1043162001]","[1043162001]"
-1.16817,52.99156,"[1043162002]","[1043162002]"
-1.16242,52.99322,"[1043162003]","[1043162003]"
-1.16000,52.99397,"[1043162004]","[1043162004]"
-1.15483,52.99583,"[1043162005]","[1043162005]"
-6.33261,54.19728,"2.2 miles between the Sheepbridge and the Mourne Country roundabout, bs","[43164]"
-6.32894,54.20469,"2.2 miles between the Sheepbridge and the Mourne Country roundabout, bs","[1043164001]"
-0.17317,51.68831,"N","[43193]"
-0.17483,51.68967,"S","[43194]"
-2.05244,52.48817,"BS","[43216]"
-2.08058,53.53761,"E","[43217]"
-0.17639,51.69081,"[43218]","[43218]"
-2.77319,51.39400,"SW","[43219]"
-3.14508,51.49361,"N","[43230]"
-3.14408,51.49417,"S","[43231]"
-4.05558,55.82136,"W","[43232]"
-1.19808,53.14650,"N","[43233]"
-1.03353,52.94333,"N","[43234]"
-2.24161,53.53306,"[43236]","[43236]"
-2.22197,53.53403,"[1043236001]","[1043236001]"
-2.20997,53.53294,"[1043236002]","[1043236002]"
-2.21000,53.53292,"N","[43239]"
-2.22206,53.53400,"N","[1043239001]"
-2.24153,53.53303,"N","[1043239002]"
0.09903,51.53125,"E","[43249]"
0.11519,51.53278,"E","[1043249001]"
0.11528,51.53267,"W","[43251]"
0.09933,51.53114,"W","[1043251001]"
1.72325,52.60092,"N","[44001]"
-3.15864,51.51036,"N","[44656]"
-2.17339,53.42233,"S","[44657]"
-2.17214,53.42042,"N","[44658]"
-2.07644,53.53744,"SW","[44659]"
-1.28542,52.98139,"[44660]","[44660]"
-0.79781,53.06875,"[44661]","[44661]"
-0.78892,53.06311,"[44662]","[44662]"
-0.78650,53.05969,"[44663]","[44663]"
0.63758,51.57364,"S","[44664]"
-1.58350,53.80931,"N","[44665]"
-1.61894,53.81517,"W","[44666-]"
-1.61572,53.81433,"E","[44667]"
-1.61081,53.81431,"[44668]","[44668]"
-1.59728,53.81542,"SE","[44669]"
-1.59492,53.81514,"NW","[44670]"
-1.59186,53.81431,"NW","[44671]"
-3.18628,51.47042,"S","[44685]"
-1.61225,52.26111,"S","[44686]"
-1.80233,52.63450,"S","[44688]"
-1.79842,52.61578,"S","[1044688001]"
-1.78883,52.59411,"S","[1044688002]"
-1.78889,52.59400,"NW","[44689]"
-1.79867,52.61572,"NW","[1044689001]"
-1.80250,52.63436,"NW","[1044689002]"
-0.06633,52.47444,"E","[44703]"
-0.01114,52.47369,"E","[1044703001]"
0.02039,52.47639,"E","[1044703002]"
1.46117,52.75603,"Dummy?","[44704]"
1.49156,52.77433,"Dummy?","[1044704001]"
1.52950,52.75997,"Dummy?","[1044704002]"
1.56753,52.71989,"SE","[44705]"
1.54633,52.73069,"SE","[1044705001]"
1.53825,52.74397,"SE","[1044705002]"
1.53272,52.75433,"SE","[1044705003]"
-1.94400,53.24533,"W","[44707]"
-1.96733,53.23700,"W","[1044707001]"
-1.98150,53.23647,"W","[1044707002]"
-1.99733,53.24267,"W","[1044707003]"
-2.01906,53.25844,"W","[1044707005]"
-2.05286,53.25981,"W","[1044707006]"
-0.44969,52.92111,"W","[44709]"
-0.49772,52.92033,"W","[1044709001]"
-0.53394,52.91833,"W","[1044709002]"
-0.56328,52.90897,"W","[1044709003]"
0.13383,50.93083,"NW","[49947]"
-1.58817,53.81261,"SE","[49948]"
-1.55856,53.82939,"N","[49949]"
-1.43992,54.94581,"E","[49950]"
-1.24972,52.35217,"N","[49951]"
-1.24764,52.35292,"SW","[49952]"
-1.35078,53.77083,"S","[49953]"
-1.34997,53.77511,"[49954]","[49954]"
-0.56325,52.90894,"E","[49964]"
-0.53392,52.91836,"E","[1049964001]"
-0.49775,52.92036,"E","[1049964002]"
-0.44969,52.92106,"E","[1049964003]"
-0.39286,51.73519,"N, on top of gantry","[50267]"
-0.39636,51.74053,"S, on top of gantry","[50268]"
-0.40889,51.74222,"NW","[50269]"
-0.41122,51.78308,"N, on top of gantry","[50270]"
-0.41139,51.79164,"S, on top of gantry","[50271]"
-1.35806,53.69306,"[51012]","[51012]"
-1.35833,53.69278,"[51013]","[51013]"
-2.37872,53.47300,"[51165]","[51165]"
-1.28425,52.98586,"[51166]","[51166]"
-0.36917,51.56850,"bs","[51167]"
-1.54969,53.83169,"E","[51168]"
-0.21450,51.36506,"N","[51170]"
0.21200,51.40675,"N","[51182]"
0.21822,51.41194,"SW","[51183]"
-2.43147,53.59383,"N, perhaps inactive","[51184]"
-0.23664,51.40194,"[51186]","[51186]"
0.23853,51.44053,"[51200]","[51200]"
0.23711,51.44356,"[1051200002]","[1051200002]"
-1.13717,50.81089,"[51226]","[51226]"
-1.13678,50.81078,"[51227]","[51227]"
-1.13706,50.81072,"[51228]","[51228]"
-1.13689,50.81100,"[51229]","[51229]"
-1.92528,53.85883,"N","[51882]"
-1.92258,53.86044,"S","[51883]"
-1.92014,53.86186,"N","[51884]"
-1.91533,53.86372,"SW","[51885]"
-1.80792,53.81542,"E","[51887]"
-1.80450,53.81514,"W","[51888]"
-1.77406,53.79833,"E","[51889]"
-1.76503,53.79533,"NW","[51891]"
-1.76428,53.80581,"N","[51892]"
-1.76075,53.80203,"S","[51893]"
-1.75975,53.80097,"NW","[51894]"
-1.78597,53.83278,"S","[51895]"
-1.78192,53.82986,"[51896]","[51896]"
-1.76800,53.81169,"S","[51898]"
-1.76794,53.82011,"S","[51902]"
-2.59406,53.23092,"W","[51904]"
-1.89644,52.49933,"E","[51905]"
-0.03947,51.51150,"S","[51907]"
-0.05442,51.49919,"S","[1051907001]"
-0.05444,51.49925,"N","[51908]"
-0.03942,51.51158,"N","[1051908001]"
-2.01347,53.21169,"E","[51919]"
-1.97831,53.23178,"E","[1051919001]"
0.01486,51.51681,"E","[51921]"
0.02342,51.51742,"E","[1051921001]"
0.03614,51.51808,"E","[1051921002]"
0.05647,51.51983,"E","[1051921003]"
0.06258,51.52167,"E","[1051921004]"
0.07092,51.52472,"E","[1051921005]"
0.07586,51.52633,"E","[1051921006]"
0.08992,51.52967,"E","[1051921007]"
0.09597,51.53075,"E","[1051921008]"
0.09844,51.53114,"E","[1051921009]"
-2.23056,52.19072,"N","[52824]"
-0.79981,53.07008,"SE","[53032]"
-0.36894,53.75097,"E","[53534-]"
-3.07128,51.02422,"W","[53535]"
-0.01703,51.45008,"N","[54161]"
-0.10836,51.56178,"S","[54164]"
-1.76661,53.80783,"NW","[54165]"
-1.75881,53.79300,"W","[54166]"
-1.78397,53.83147,"NW","[54167]"
-1.77344,53.82744,"[54168]","[54168]"
-1.77150,53.82547,"N","[54169]"
-1.50681,53.81789,"E","[54171]"
-2.51319,53.76450,"W","[54172]"
-3.01225,51.59786,"S","[54178]"
-2.98472,51.60486,"[54180]","[54180]"
-1.24483,53.02050,"S","[54191-]"
-0.28183,51.29092,"E","[54193]"
-0.26903,51.28500,"N","[54194]"
-0.41436,51.75375,"S","[54195]"
-1.20356,52.57111,"N","[54196]"
0.64142,51.56672,"E","[54197]"
-1.67903,55.01417,"S","[54198-]"
-1.66608,55.01456,"S","[54199-]"
-2.05283,53.25983,"E","[54211]"
-2.01906,53.25850,"E","[1054211001]"
-1.99728,53.24267,"E","[1054211003]"
-1.98150,53.23650,"E","[1054211004]"
-1.96728,53.23703,"E","[1054211005]"
-1.94397,53.24536,"E","[1054211006]"
0.02025,52.47636,"W","[54215]"
-0.01111,52.47372,"W","[1054215001]"
-0.06656,52.47444,"W","[1054215002]"
-0.06928,51.35100,"N","[54304]"
-3.99381,51.59933,"SW","[64057]"
-3.14347,51.49519,"N","[64520]"
-1.48147,52.51872,"NW","[64521]"
-0.56131,53.18139,"[64522]","[64522]"
-0.02714,51.13450,"NW","[64523]"
-0.59569,53.05703,"NW","[64524]"
-0.44900,51.68344,"N","[64552]"
0.27397,51.58542,"S","[64554]"
0.27767,51.58225,"N","[64555]"
-0.73425,52.67106,"[64556]","[64556]"
0.71467,51.53333,"[64559]","[64559]"
0.72092,51.53344,"[1064559001]","[1064559001]"
0.72367,51.53269,"[1064559002]","[1064559002]"
0.72361,51.53264,"[64560]","[64560]"
0.72092,51.53344,"[1064560001]","[1064560001]"
0.71467,51.53325,"[1064560003]","[1064560003]"
0.15117,51.52419,"[64581]","[64581]"
0.14114,51.52847,"[1064581001]","[1064581001]"
0.13003,51.53158,"[1064581002]","[1064581002]"
-1.00619,51.44278,"O","[65124]"
0.09836,51.53097,"[65140]","[65140]"
0.09550,51.53028,"[1065140001]","[1065140001]"
0.08817,51.52917,"[1065140002]","[1065140002]"
0.07622,51.52603,"[1065140003]","[1065140003]"
0.07056,51.52411,"[1065140004]","[1065140004]"
0.06172,51.52094,"[1065140005]","[1065140005]"
0.05469,51.51939,"[1065140006]","[1065140006]"
0.03553,51.51756,"[1065140007]","[1065140007]"
0.02828,51.51689,"[1065140008]","[1065140008]"
0.01517,51.51669,"[1065140009]","[1065140009]"
0.12867,51.53183,"[65151]","[65151]"
0.13686,51.53144,"[1065151001]","[1065151001]"
0.14122,51.52911,"[1065151002]","[1065151002]"
0.14178,51.52844,"[1065151003]","[1065151003]"
0.15261,51.52411,"[1065151004]","[1065151004]"
-0.44592,51.87517,"NW","[65167]"
-6.32214,54.21864,"2.2 miles between the Sheepbridge and the Mourne Country roundabout, bs","[65196]"
-6.31808,54.22389,"2.2 miles between the Sheepbridge and the Mourne Country roundabout, bs","[1065196001]"
1.52944,52.75997,"Dummy?","[65217-]"
1.49167,52.77433,"Dummy?","[1065217001-]"
1.46131,52.75606,"Dummy?","[1065217002-]"
1.53264,52.75433,"NW","[65218]"
1.53831,52.74400,"NW","[1065218001]"
1.54636,52.73069,"NW","[1065218002]"
1.56767,52.71983,"NW","[1065218003]"
-0.83469,53.40225,"S","[65219]"
-0.82572,53.39778,"S","[1065219001]"
-1.97825,53.23175,"SW","[65220]"
-2.01344,53.21167,"SW","[1065220001]"
-4.21642,50.41333,"Saltash Tunnel","[65316]"
-4.21192,50.40969,"Saltash Tunnel","[1065316001]"
-4.21197,50.40964,"Saltash Tunnel","[65317]"
-4.21692,50.41364,"Saltash Tunnel","[1065317001]"
-1.22353,52.93403,"SE","[65516]"
-1.22147,52.93194,"NW","[65517]"
-0.44883,51.68339,"S","[81493]"
-0.42167,51.71308,"SW","[81494]"
-0.42836,51.71100,"N","[81495]"
-0.47986,51.67203,"W","[81497]"
-0.49172,51.66792,"N","[81498]"
-0.50158,51.64397,"N","[81501]"
-0.49903,51.64842,"S","[81502]"
-0.53242,51.59375,"S","[81503]"
-0.52900,51.60539,"N","[81504]"
-0.52594,51.38831,"NW","[81505]"
-0.49864,51.52758,"S","[81506]"
-2.22275,53.81600,"S","[81509]"
-0.34397,52.16117,"NO","[81510]"
-0.64903,52.92128,"SE","[81512]"
-1.45972,53.23125,"O","[81513]"
-1.15450,52.73542,"SW","[81514]"
-1.15478,52.73533,"NE","[81515]"
-1.80511,52.42069,"E","[81517]"
-0.17706,51.46900,"N","[81521]"
-2.04717,52.12517,"E","[81522]"
-0.71581,51.12231,"S","[81524]"
-0.73819,51.10839,"S","[1081524001]"
0.27883,51.53217,"N","[81533]"
0.27614,51.52603,"S","[81534]"
0.19997,51.64950,"S","[81535]"
0.18947,51.65364,"NW","[81536]"
-0.25861,51.70861,"S","[81541]"
-0.25878,51.70850,"NW","[81543]"
-0.31658,51.71172,"W","[81544]"
-0.32694,51.71125,"E","[81545]"
-1.59892,53.72950,"W","[81547]"
0.00956,53.10864,"SW","[81554]"
-1.18956,52.75631,"SE","[81557]"
-0.73819,51.10858,"N","[81564]"
-0.71600,51.12239,"N","[1081564001]"
-1.02931,53.19567,"SW","[81569]"
-1.04706,53.15292,"SW","[1081569001]"
-1.04872,53.13908,"SW","[1081569002]"
-1.06058,53.12183,"SW","[1081569003]"
-1.06433,53.10264,"SW","[1081569004]"
-1.06942,53.09222,"SW","[1081569005]"
-1.07239,53.08819,"SW","[1081569006]"
-1.10214,53.06683,"SW","[1081569007]"
-1.10694,53.06142,"SW","[1081569008]"
-1.13067,53.03125,"SW","[1081569009]"
-1.13078,53.03125,"N","[81570]"
-1.10700,53.06147,"N","[1081570001]"
-1.10217,53.06689,"N","[1081570002]"
-1.07261,53.08792,"N","[1081570003]"
-1.06950,53.09231,"N","[1081570004]"
-1.06439,53.10267,"N","[1081570005]"
-1.06061,53.12189,"N","[1081570006]"
-1.04878,53.13911,"N","[1081570007]"
-1.04708,53.15289,"N","[1081570008]"
-1.02939,53.19567,"N","[1081570009]"
-3.12592,51.51261,"NO","[81608]"
-1.19192,52.96808,"W","[81610]"
-1.19728,52.97058,"W","[1081610001]"
-1.19736,52.97064,"SE","[81611]"
-1.19178,52.96811,"SE","[1081611001]"
-1.45225,53.80511,"[84080]","[84080]"
-0.01433,52.34106,"[84084]","[84084]"
-2.49336,53.80208,"SW","[84090]"
-3.00917,51.60556,"E","[84091]"
-1.66958,53.74317,"E,","[84093]"
-1.49506,53.44692,"N","[84103]"
-1.50278,53.46272,"N","[1084103001]"
-1.50664,53.47022,"N","[1084103002]"
-1.49467,53.48556,"N","[1084103003]"
-1.49464,53.48558,"S","[84134]"
-1.50653,53.47039,"S","[1084134001]"
-1.50283,53.46281,"S","[1084134002]"
-1.49492,53.44697,"S","[1084134003]"
-2.23167,52.40156,"[84279]","[84279]"
-1.78681,53.61083,"N","[85120]"
-0.07464,53.55047,"N","[85122]"
-0.07572,53.55322,"N","[1085122001]"
-0.07664,53.55531,"N","[1085122002]"
-0.07756,53.55750,"N","[1085122003]"
-0.07914,53.56133,"N","[1085122004]"
-0.20336,51.56117,"N","[85123]"
-0.18111,50.82572,"E","[85124]"
-1.74150,53.72164,"SW","[85137]"
-1.66956,53.74303,"W","[85141]"
-1.06683,53.05061,"SE","[85180]"
-1.05825,53.04244,"SE","[1085180001]"
-1.04978,53.03631,"SE","[1085180002]"
-1.04067,53.03008,"SE","[1085180003]"
-1.02756,53.02375,"SE","[1085180004]"
-1.01083,53.01783,"SE","[1085180005]"
-1.00844,53.01333,"SE","[1085180006]"
-1.00858,53.01331,"NW","[85181]"
-1.01128,53.01806,"NW","[1085181003]"
-1.02731,53.02361,"NW","[1085181004]"
-1.04078,53.03003,"NW","[1085181005]"
-1.04956,53.03611,"NW","[1085181006]"
-1.05831,53.04239,"NW","[1085181007]"
-1.06706,53.05069,"NW","[1085181008]"
-0.28092,51.54942,"NW","[85649]"
-1.45222,53.80644,"[85650]","[85650]"
-0.09356,52.62081,"NW","[85651]"
0.03647,51.46347,"[85652]","[85652]"
-0.51025,52.19156,"[85653]","[85653]"
-0.51728,52.19775,"[1085653001]","[1085653001]"
-0.51722,52.19778,"[85654]","[85654]"
-0.51022,52.19153,"[1085654001]","[1085654001]"
-1.07000,53.08606,"S","[85752]"
-1.07072,53.06717,"S","[1085752001]"
-1.06903,53.05425,"[85753]","[85753]"
-1.07094,53.06731,"[1085753001]","[1085753001]"
-1.07006,53.08603,"[1085753002]","[1085753002]"
-0.11172,51.53156,"W","[86164]"
-1.32581,52.99686,"SE","[86166]"
-1.93375,52.68783,"N","[86167]"
-1.96419,52.55150,"W","[86176]"
-2.01347,52.48122,"NW","[86178]"
-1.37144,52.26989,"[86185]","[86185]"
-1.37844,52.26678,"[86186]","[86186]"
-1.43717,52.36675,"E","[86187]"
-1.50153,53.71044,"S","[88147]"
-3.25569,51.47356,"E","[88148]"
-3.40903,55.96356,"SW","[88168]"
-2.53258,51.53081,"S","[88170]"
-2.53633,51.53411,"NW","[88171]"
-2.57775,51.54386,"N","[88174]"
-2.59439,51.53306,"S","[88175]"
-2.02878,52.70142,"N","[88176]"
-2.69892,53.21364,"[88177]","[88177]"
-2.59825,54.44708,"ROADOWRKS, S","[88188-]"
-2.60097,54.42944,"ROADOWRKS, S","[1088188001-]"
-2.59972,54.41833,"ROADOWRKS, S","[1088188002-]"
-2.60131,54.41308,"ROADOWRKS, S","[1088188003-]"
-1.44572,53.58333,"[88237]","[88237]"
-1.50392,53.70339,"S","[88347]"
-1.19736,53.13319,"S","[89369]"
-1.36033,53.62000,"SE","[89814]"
-1.36725,53.62436,"SE","[89815]"
-0.07908,53.56142,"S","[89816]"
-0.07869,53.56028,"S","[1089816001]"
-0.07753,53.55753,"S","[1089816003]"
-0.07653,53.55506,"S","[1089816004]"
-0.07569,53.55325,"S","[1089816005]"
-0.07461,53.55050,"S","[1089816006]"
-0.43417,52.13533,"N","[89817]"
-0.43089,52.14089,"N","[1089817001]"
-0.52600,52.12672,"N","[89820]"
-0.52928,52.13219,"N","[1089820001]"
-0.52917,52.13231,"S","[89821]"
-0.52583,52.12672,"S","[1089821001]"
-0.53361,51.21472,"SW","[89826]"
-0.53383,51.21436,"N","[89827]"
-0.63681,51.16278,"NW","[89828]"
-0.63714,51.16317,"SE","[89829]"
-2.60800,51.52736,"SW","[89830]"
-0.25719,52.28506,"S","[89839]"
-0.26022,52.27194,"S","[1089839001]"
-0.26197,52.26214,"S","[1089839002]"
-0.26239,52.26192,"N","[89840]"
-0.26083,52.27153,"N","[1089840001]"
-0.25758,52.28492,"N","[1089840002]"
-1.15164,53.21706,"N","[89842]"
-1.15369,53.23236,"N","[1089842001]"
-1.15358,53.23239,"S","[89843]"
-1.15147,53.21708,"S","[1089843001]"
-2.11331,52.46781,"SW","[90176]"
-2.11458,52.46633,"NE","[90177]"
-2.54158,51.23894,"direction Bristol","[94599]"
0.08039,51.27681,"W","[94703]"
0.08053,51.27703,"E","[94704]"
0.07858,51.68869,"E","[94705]"
0.07861,51.68856,"W","[94706]"
0.05681,51.68600,"NE","[94707]"
0.02150,51.67797,"[94708]","[94708]"
-0.01822,51.26822,"SW","[94709]"
-0.01836,51.26836,"NW","[94710]"
-0.06169,51.68264,"[94711]","[94711]"
-0.06147,51.68256,"[94712]","[94712]"
-0.12011,51.68831,"[94713]","[94713]"
-0.12008,51.68847,"[94714]","[94714]"
-0.17944,51.68383,"[94715]","[94715]"
-0.21253,51.68483,"E","[94716]"
-0.55414,52.01117,"NW","[94717]"
-0.66450,54.17808,"[94722]","[94722]"
-0.58997,51.51775,"N","[94723]"
-0.60275,51.51167,"S","[94724]"
0.05458,51.68539,"W","[94725]"
-1.47844,53.49500,"W","[94732]"
-1.49133,53.48800,"W","[1094732001]"
-1.49136,53.48803,"N","[94733]"
-1.47836,53.49511,"N","[1094733001]"
-4.10878,57.38553,"S","[94744]"
-4.02167,57.36617,"S","[1094744001]"
-4.00631,57.34950,"S","[1094744002]"
-3.93644,57.30706,"S","[1094744003]"
-3.87675,57.29253,"S","[1094744004]"
-3.81483,57.26692,"S","[1094744005]"
-3.82575,57.21275,"S","[1094744006]"
-3.86086,57.16967,"S","[1094744008]"
-3.99181,57.09856,"S","[1094744009]"
-4.06967,57.06425,"S","[1094744010]"
-4.14669,57.04297,"S","[1094744012]"
-4.18206,56.97603,"S","[1094744013]"
-4.23558,56.92894,"S","[1094744014]"
-4.25714,56.87372,"S","[1094744015]"
-4.23450,56.83983,"S","[1094744016]"
-4.06594,56.80406,"S","[1094744017]"
-4.01072,56.78869,"S","[1094744018]"
-3.90158,56.76819,"S","[1094744019]"
-3.80483,56.75622,"S","[1094744020]"
-3.76589,56.72050,"S","[1094744021]"
-3.72789,56.69325,"S","[1094744022]"
-3.64314,56.63150,"S","[1094744023]"
-3.62289,56.58903,"S","[1094744024]"
-3.55428,56.54517,"S","[1094744031]"
-3.55428,56.54514,"N, 40 mph","[94745]"
-3.62292,56.58900,"N, 40 mph","[1094745006]"
-3.64314,56.63147,"N, 40 mph","[1094745007]"
-3.72797,56.69328,"N, 40 mph","[1094745008]"
-3.76589,56.72050,"N, 40 mph","[1094745009]"
-3.80481,56.75619,"N, 40 mph","[1094745010]"
-3.90158,56.76819,"N, 40 mph","[1094745011]"
-4.01075,56.78869,"N, 40 mph","[1094745012]"
-4.06597,56.80403,"N, 40 mph","[1094745013]"
-4.23453,56.83983,"N, 40 mph","[1094745014]"
-4.25719,56.87369,"N, 40 mph","[1094745015]"
-4.23564,56.92894,"N, 40 mph","[1094745016]"
-4.18208,56.97603,"N, 40 mph","[1094745017]"
-4.14672,57.04297,"N, 40 mph","[1094745019]"
-4.06969,57.06425,"N, 40 mph","[1094745020]"
-3.99183,57.09853,"N, 40 mph","[1094745021]"
-3.86086,57.16969,"N, 40 mph","[1094745022]"
-3.82575,57.21275,"N, 40 mph","[1094745023]"
-3.81486,57.26692,"N, 40 mph","[1094745024]"
-3.87681,57.29256,"N, 40 mph","[1094745027]"
-3.93644,57.30706,"N, 40 mph","[1094745028]"
-4.02169,57.36603,"N, 40 mph","[1094745029]"
-4.10889,57.38542,"N, 40 mph","[1094745030]"
0.23139,51.59819,"[94746]","[94746]"
-2.09469,52.45361,"[94750-]","[94750-]"
-2.85586,53.59025,"NE","[94752]"
-3.57581,51.50925,"[94753]","[94753]"
-0.10275,51.61414,"bs","[96135]"
-1.43906,54.94569,"W","[96141]"
-1.91483,53.86411,"N","[96154]"
-1.25353,52.97325,"S","[96158]"
-1.24508,53.02050,"N","[96170]"
-1.67936,55.01389,"N","[96172-]"
-1.66619,55.01425,"N","[96173-]"
-1.72558,52.51158,"S","[96176]"
-3.00878,51.60522,"N","[96179]"
-3.97472,56.17433,"[96767]","[96767]"
-3.98572,56.18553,"[1096767001]","[1096767001]"
-3.94836,56.20614,"[1096767002]","[1096767002]"
-3.89247,56.23922,"[1096767003]","[1096767003]"
-3.79550,56.25592,"[1096767004]","[1096767004]"
-3.73958,56.26894,"[1096767005]","[1096767005]"
-3.73953,56.26919,"[1096767006]","[1096767006]"
-3.73250,56.27983,"[1096767007]","[1096767007]"
-3.72719,56.28331,"[1096767008]","[1096767008]"
-3.65153,56.31889,"[1096767009]","[1096767009]"
-3.62194,56.33478,"[1096767010]","[1096767010]"
-3.53111,56.37511,"[1096767011]","[1096767011]"
-3.50669,56.38378,"[1096767012]","[1096767012]"
-0.37886,52.06475,"[97400]","[97400]"
-0.30000,52.09650,"[97405]","[97405]"
-0.50119,51.92722,">Luton","[97540]"
-0.19578,51.38136,"[98243]","[98243]"
0.10031,51.57833,"[98606]","[98606]"
-4.80281,50.33539,"[98607]","[98607]"
0.29789,52.40878,"[98608]","[98608]"
0.29517,52.40886,"[98609]","[98609]"
0.29300,51.50744,"[98612]","[98612]"
-0.11664,51.61250,"[98613]","[98613]"
-0.54458,52.05894,"perhaps inactive","[98614]"
-0.62403,51.98717,"E","[98615]"
-0.68664,51.92322,"[98616]","[98616]"
-2.66164,53.12017,"[98617]","[98617]"
-0.28264,51.49861,"[98619]","[98619]"
-2.66139,53.10450,"[98621]","[98621]"
-0.41828,52.09208,"[98622]","[98622]"
-0.42000,52.09925,"[1098622003]","[1098622003]"
-0.42897,52.10636,"[1098622004]","[1098622004]"
-0.43083,52.14078,"S","[98623]"
-0.43408,52.13528,"S","[1098623001]"
-0.44753,52.13311,"[98624]","[98624]"
-0.45833,52.13478,"[1098624001]","[1098624001]"
-0.46064,52.13483,"[1098624002]","[1098624002]"
-0.46364,52.13478,"[1098624003]","[1098624003]"
-0.46500,52.13478,"[1098624004]","[1098624004]"
-0.46506,52.13481,"[98625]","[98625]"
-0.46367,52.13483,"[1098625001]","[1098625001]"
-0.46064,52.13486,"[1098625002]","[1098625002]"
-0.45842,52.13481,"[1098625003]","[1098625003]"
-0.44753,52.13311,"[1098625004]","[1098625004]"
-0.41111,51.86086,"[98626]","[98626]"
-0.41508,51.85914,"[1098626001]","[1098626001]"
-0.41644,51.85803,"[1098626002]","[1098626002]"
-0.41933,51.85597,"[1098626003]","[1098626003]"
-0.41953,51.85597,"[98627]","[98627]"
-0.41494,51.85975,"[1098627001]","[1098627001]"
-0.41689,51.85853,"[1098627002]","[1098627002]"
-0.41042,51.86133,"[1098627003]","[1098627003]"
-4.71694,50.36056,"[98628]","[98628]"
-4.71878,50.35700,"[1098628001]","[1098628001]"
-4.72622,50.35133,"[1098628002]","[1098628002]"
-4.73086,50.34933,"[1098628003]","[1098628003]"
-4.73078,50.34942,"[98629]","[98629]"
-4.72633,50.35142,"[1098629001]","[1098629001]"
-4.71892,50.35703,"[1098629002]","[1098629002]"
-4.71697,50.36056,"[1098629003]","[1098629003]"
1.33931,52.10442,"[98631]","[98631]"
0.00797,51.68036,"[98634]","[98634]"
1.01817,51.98919,"[98635]","[98635]"
0.98750,51.97478,"[1098635002]","[1098635002]"
0.97497,51.96647,"[1098635003]","[1098635003]"
0.97128,51.95942,"[1098635004]","[1098635004]"
0.95717,51.94503,"[1098635005]","[1098635005]"
0.94889,51.93508,"[1098635006]","[1098635006]"
0.93969,51.92606,"[1098635007]","[1098635007]"
0.96956,51.95789,"[1098635008]","[1098635008]"
0.96908,51.95772,"[98636]","[98636]"
0.97464,51.96642,"[1098636004]","[1098636004]"
0.98736,51.97486,"[1098636005]","[1098636005]"
1.02028,51.98978,"[1098636006]","[1098636006]"
0.66306,51.81536,"[98637]","[98637]"
0.68458,51.82542,"[1098637001]","[1098637001]"
0.71106,51.83150,"[1098637002]","[1098637002]"
0.73006,51.85167,"[1098637003]","[1098637003]"
0.72592,51.84928,"[98638]","[98638]"
0.71133,51.83147,"[1098638001]","[1098638001]"
0.68411,51.82508,"[1098638002]","[1098638002]"
0.66356,51.81544,"[1098638003]","[1098638003]"
-3.49908,56.38656,"[98639]","[98639]"
-3.52450,56.37667,"[1098639001]","[1098639001]"
-3.56617,56.35461,"[1098639002]","[1098639002]"
-3.61431,56.33836,"[1098639003]","[1098639003]"
-3.72619,56.28358,"[1098639004]","[1098639004]"
-3.75122,56.26689,"[1098639005]","[1098639005]"
-3.78208,56.25761,"[1098639006]","[1098639006]"
-3.89428,56.23800,"[1098639007]","[1098639007]"
-3.94806,56.20611,"[1098639008]","[1098639008]"
-3.97794,56.19608,"[1098639009]","[1098639009]"
-3.97531,56.17511,"[1098639010]","[1098639010]"
-1.27700,53.11383,"E","[98643]"
-1.27078,53.11369,"E","[1098643002]"
-1.26525,53.11350,"E","[1098643003]"
-1.25811,53.11400,"E","[1098643004]"
-1.25611,53.11553,"E","[1098643005]"
-1.25125,53.12056,"E","[1098643006]"
-1.24850,53.12231,"E","[1098643007]"
-1.24072,53.12542,"E","[1098643008]"
-1.23372,53.13072,"E","[1098643009]"
-1.23369,53.13069,"[98644]","[98644]"
-1.24011,53.12544,"[1098644001]","[1098644001]"
-1.24833,53.12225,"[1098644002]","[1098644002]"
-1.25111,53.12039,"[1098644003]","[1098644003]"
-1.25594,53.11553,"[1098644004]","[1098644004]"
-1.25797,53.11392,"[1098644005]","[1098644005]"
-1.26514,53.11342,"[1098644006]","[1098644006]"
-1.27081,53.11367,"[1098644007]","[1098644007]"
-1.27714,53.11381,"[1098644008]","[1098644008]"
1.05161,51.88486,"[98646]","[98646]"
1.06794,51.89586,"[1098646001]","[1098646001]"
1.08422,51.90397,"[1098646002]","[1098646002]"
0.30661,51.49511,"[98651]","[98651]"
0.29433,51.49453,"[1098651001]","[1098651001]"
0.28703,51.49475,"[1098651002]","[1098651002]"
0.25989,51.49419,"[1098651003]","[1098651003]"
0.27267,51.49739,"[1098651004]","[1098651004]"
0.23844,51.49608,"[1098651005]","[1098651005]"
0.23864,51.49622,"[98652]","[98652]"
0.25778,51.49286,"[1098652001]","[1098652001]"
0.27239,51.49792,"[1098652002]","[1098652002]"
0.29389,51.49469,"[1098652004]","[1098652004]"
0.28728,51.49536,"[1098652005]","[1098652005]"
0.30711,51.49544,"[1098652006]","[1098652006]"
-3.76658,51.58656,"[98672]","[98672]"
-3.77497,51.59564,"[1098672001]","[1098672001]"
-3.78836,51.59900,"[1098672002]","[1098672002]"
-3.79253,51.60061,"[1098672003]","[1098672003]"
-3.80108,51.60494,"[1098672004]","[1098672004]"
-3.80122,51.60539,"[98673]","[98673]"
-3.79275,51.60075,"[1098673001]","[1098673001]"
-3.77483,51.59569,"[1098673002]","[1098673002]"
-3.76656,51.58675,"[1098673003]","[1098673003]"
1.19764,51.11217,"[98674]","[98674]"
1.23225,51.10847,"[1098674001]","[1098674001]"
1.29564,51.11283,"[1098674002]","[1098674002]"
1.08442,51.90386,"[98680]","[98680]"
1.06850,51.89611,"[1098680001]","[1098680001]"
1.05156,51.88472,"[1098680002]","[1098680002]"
-2.23822,53.47592,"[98687]","[98687]"
-1.80028,52.36586,"[98710]","[98710]"
-0.09031,51.57258,"[99100]","[99100]"
-0.22708,52.55122,"[99101]","[99101]"
-0.22856,52.54781,"[1099101001]","[1099101001]"
-0.22867,52.54358,"[1099101002]","[1099101002]"
-1.20378,52.98569,"[99102]","[99102]"
-1.20647,52.98139,"[1099102001]","[1099102001]"
-0.42889,52.10633,"[99103]","[99103]"
-0.42006,52.09936,"[1099103001]","[1099103001]"
-0.41794,52.09525,"[1099103002]","[1099103002]"
-0.41831,52.09203,"[1099103003]","[1099103003]"
-2.29608,52.82875,"[99104]","[99104]"
-2.29967,52.82492,"[1099104001]","[1099104001]"
-2.30411,52.82167,"[1099104002]","[1099104002]"
-0.61233,51.51283,"[99106]","[99106]"
-0.49456,53.14650,"[99108]","[99108]"
-0.48825,53.13111,"[1099108001]","[1099108001]"
-0.48164,53.11883,"[1099108002]","[1099108002]"
-2.01217,52.64017,"S","[102062]"
-1.28117,53.32336,"[102065]","[102065]"
-1.28089,53.32339,"[102066]","[102066]"
-1.28628,53.35244,"[102067]","[102067]"
0.05536,51.43761,"[102075]","[102075]"
0.03611,51.44264,"[102076]","[102076]"
-1.94367,52.27606,"[102077]","[102077]"
-0.26239,51.51922,"[102078]","[102078]"
-0.42436,51.48083,"[102079]","[102079]"
-0.48714,51.89225,"[102080]","[102080]"
-0.49750,51.89678,"[1102080001]","[1102080001]"
-0.50269,51.89906,"[1102080002]","[1102080002]"
-0.50261,51.89911,"[102081]","[102081]"
-0.49744,51.89689,"[1102081001]","[1102081001]"
-0.49242,51.89467,"[1102081002]","[1102081002]"
-0.48703,51.89231,"[1102081003]","[1102081003]"
-0.12881,51.38861,"[102082]","[102082]"
-2.49403,52.70183,"[102083]","[102083]"
-3.49075,53.31978,"[102084]","[102084]"
-3.49106,53.31978,"[102085]","[102085]"
-1.27928,53.37789,"[102086]","[102086]"
-1.28111,53.37339,"[102087]","[102087]"
-1.29347,53.29353,"[102088]","[102088]"
-1.29947,53.27867,"[102089]","[102089]"
-1.32233,53.20806,"[102090]","[102090]"
-1.32322,53.18783,"[102091]","[102091]"
-1.32411,53.25431,"[102092]","[102092]"
-1.32736,53.15389,"[102093]","[102093]"
-1.33222,53.11183,"[102094]","[102094]"
-1.54797,53.67097,"[102095]","[102095]"
-1.54825,53.70975,"Northbound","[102096]"
-1.53994,53.66650,"[102097]","[102097]"
-2.05994,52.65028,"[102098]","[102098]"
-2.06017,52.65022,"[102099]","[102099]"
-2.08344,52.67458,"[102100]","[102100]"
-2.08675,52.67661,"[102101]","[102101]"
-2.09800,52.73328,"[102102]","[102102]"
-2.09822,52.73319,"[102103]","[102103]"
-2.10053,52.74942,"[102104]","[102104]"
-2.10047,52.75078,"[102105]","[102105]"
-2.10136,52.70614,"[102106]","[102106]"
-0.48172,53.11886,"[102108]","[102108]"
-0.48831,53.13097,"[1102108001]","[1102108001]"
-0.49464,53.14656,"[1102108002]","[1102108002]"
-1.77978,52.82419,"[102110]","[102110]"
-1.78269,52.80667,"[1102110001]","[1102110001]"
-1.78950,52.79172,"[1102110002]","[1102110002]"
-1.79228,52.78061,"[1102110003]","[1102110003]"
-1.79233,52.78067,"[102111]","[102111]"
-1.78947,52.79211,"[1102111001]","[1102111001]"
-1.78281,52.80669,"[1102111002]","[1102111002]"
-1.77986,52.82422,"[1102111003]","[1102111003]"
-0.27397,51.52622,"[102115]","[102115]"
-0.26011,51.51675,"[1102115001]","[1102115001]"
-0.24206,51.51433,"[1102115002]","[1102115002]"
-0.23042,51.51486,"[1102115003]","[1102115003]"
-0.17533,51.52006,"[1102115004]","[1102115004]"
-0.17372,51.51997,"[102121]","[102121]"
-0.18633,51.51939,"[1102121001]","[1102121001]"
-0.21808,51.51558,"[1102121002]","[1102121002]"
-0.23031,51.51475,"[1102121003]","[1102121003]"
-0.25233,51.51397,"[1102121004]","[1102121004]"
-0.26486,51.52281,"[1102121005]","[1102121005]"
-0.32114,51.53311,"[1102121006]","[1102121006]"
-0.35864,51.53856,"[1102121007]","[1102121007]"
-0.38256,51.54453,"[1102121008]","[1102121008]"
-1.15722,52.98739,"E","[102250]"
-1.15142,52.98806,"E","[1102250001]"
-1.14775,52.98972,"E","[1102250002]"
-1.14156,52.99214,"E","[1102250003]"
-1.14192,52.99200,"W","[102253]"
-1.14769,52.98961,"W","[1102253001]"
-1.15144,52.98797,"W","[1102253002]"
-1.15711,52.98731,"W","[1102253003]"
-3.57211,51.50050,"[102372]","[102372]"
-0.98514,52.98300,"[102974]","[102974]"
-0.99314,52.99464,"[1102974001]","[1102974001]"
-1.00186,53.00733,"[1102974002]","[1102974002]"
-1.00156,53.00719,"[102975]","[102975]"
-0.99667,53.00192,"[1102975001]","[1102975001]"
-0.99253,52.99400,"[1102975002]","[1102975002]"
-0.98492,52.98294,"[1102975003]","[1102975003]"
-1.55742,53.69350,"Southbound","[103718]"
-0.15928,51.51458,"[104371]","[104371]"
-1.95983,52.42247,"[104372]","[104372]"
-0.48931,51.89044,"[104374]","[104374]"
-0.49639,51.88911,"[1104374001]","[1104374001]"
-0.13847,51.57083,"[104375]","[104375]"
-0.10608,51.37078,"S","[104439]"
-0.11244,51.56153,"eastbound","[104440]"
-3.06886,53.13222,"W","[104442]"
-1.14414,52.98169,"E","[104443]"
-1.13917,52.98106,"E","[1104443001]"
-1.13914,52.98103,"W","[104444]"
-1.14414,52.98164,"W","[1104444001]"
-0.51383,52.07003,"E","[104445]"
-0.50814,52.06783,"E","[1104445001]"
-0.50836,52.06794,"W","[104446]"
-0.51408,52.07006,"W","[1104446001]"
-0.51778,51.88669,"E","[104447]"
-0.51458,51.88692,"E","[1104447001]"
-4.27036,50.46528,"N","[104448]"
-4.27153,50.46983,"N","[1104448001]"
-4.27147,50.46983,"S","[104449]"
-4.27033,50.46531,"S","[1104449001]"
-5.06397,50.41822,"eastbound","[104450]"
-5.05581,50.41833,"eastbound","[1104450001]"
-5.05117,50.41775,"eastbound","[1104450002]"
-5.04528,50.41706,"eastbound","[1104450003]"
-5.03933,50.41392,"eastbound","[1104450004]"
-5.03944,50.41394,"westbound","[104451]"
-5.04508,50.41694,"westbound","[1104451001]"
-5.05114,50.41767,"westbound","[1104451002]"
-5.05586,50.41828,"westbound","[1104451003]"
-5.06394,50.41819,"westbound","[1104451004]"
-1.33253,53.23806,"S","[104452]"
-0.45117,51.87917,"S","[104453]"
-0.54261,52.00025,"S","[104454]"
-0.49458,51.49167,"S","[104455]"
-0.50608,51.47144,"N","[104456]"
-1.61031,53.73253,"S","[104457]"
1.14864,52.02519,"E, default 60, but Lowered to 40 during high winds","[104461]"
1.18022,52.02603,"E, default 60, but Lowered to 40 during high winds","[1104461001]"
1.20081,52.02436,"E, default 60, but Lowered to 40 during high winds","[1104461002]"
1.19658,52.02358,"W, 60, but Lowered to 40 during high winds","[104462]"
1.17936,52.02617,"W, 60, but Lowered to 40 during high winds","[1104462001]"
1.14803,52.02494,"W, 60, but Lowered to 40 during high winds","[1104462002]"
-1.63506,51.04253,"S","[104463]"
-0.93206,53.30267,"S","[104464]"
-0.93308,53.28206,"S","[1104464001]"
-0.93325,53.27461,"S","[1104464002]"
-0.92550,53.25767,"S","[1104464003]"
-0.92561,53.25761,"N","[104465]"
-0.93350,53.27456,"N","[1104465001]"
-0.93325,53.28208,"N","[1104465002]"
-0.93217,53.30256,"N","[1104465003]"
-1.60197,51.03958,"N","[104466]"
-0.99442,53.34917,"S","[104467]"
-0.97553,53.34117,"S","[1104467001]"
-0.96694,53.33403,"S","[1104467002]"
-0.96697,53.33400,"N","[104468]"
-0.97564,53.34108,"N","[1104468001]"
-0.99436,53.34911,"N","[1104468002]"
0.26697,51.48172,"S","[104482]"
0.26317,51.46956,"S","[1104482001]"
0.24633,51.45503,"S","[1104482002]"
0.23619,51.44875,"N","[104484]"
0.24353,51.45408,"N","[1104484002]"
0.24361,51.45403,"N","[1104484003]"
0.24372,51.45397,"N","[1104484004]"
0.24758,51.45675,"N","[1104484005]"
0.24781,51.45664,"N","[1104484006]"
0.23894,51.45108,"N","[1104484007]"
0.26364,51.47167,"N","[1104484008]"
0.26386,51.47153,"N","[1104484009]"
-0.14114,51.60961,"S","[104485]"
-0.17206,51.60197,"S","[1104485001]"
-0.19136,51.59064,"S","[1104485002]"
-0.19244,51.59036,"N","[104486]"
-0.17594,51.59997,"N","[1104486001]"
-0.14161,51.60956,"N","[1104486002]"
-0.29081,51.53336,"N","[104498]"
-0.24247,51.56819,"N","[1104498001]"
-0.21608,51.57786,"N","[1104498002]"
-0.27194,51.54500,"N","[1104498003]"
-0.20917,51.58697,"N","[1104498004]"
-0.20667,51.58828,"S","[104499-]"
-0.21453,51.57847,"S","[1104499001-]"
-0.24019,51.56897,"S","[1104499002-]"
-2.87953,51.08292,"S","[104716]"
0.07583,51.43194,"[104887]","[104887]"
1.30925,52.63278,"[104888]","[104888]"
1.29614,52.60931,"[104889]","[104889]"
-2.12931,52.50969,"[104890]","[104890]"
-3.95017,51.63414,"O","[104892]"
-3.96569,51.63628,"[104893]","[104893]"
-3.96817,51.63733,"[104894]","[104894]"
-0.39053,52.15531,"[104895]","[104895]"
-0.40422,52.16317,"[1104895001]","[1104895001]"
-0.40917,52.16286,"[1104895002]","[1104895002]"
-0.41722,52.16369,"[1104895003]","[1104895003]"
-0.41722,52.16375,"[104896]","[104896]"
-0.40917,52.16294,"[1104896001]","[1104896001]"
-0.40400,52.16328,"[1104896002]","[1104896002]"
-0.39036,52.15519,"[1104896003]","[1104896003]"
-4.15486,50.38406,"[104897]","[104897]"
0.23244,52.75408,"[104898]","[104898]"
0.25469,52.74711,"[1104898001]","[1104898001]"
0.28867,52.74650,"[1104898002]","[1104898002]"
0.30050,52.74658,"[1104898003]","[1104898003]"
0.32417,52.74689,"[1104898004]","[1104898004]"
0.33644,52.74706,"[1104898005]","[1104898005]"
0.37103,52.74583,"[1104898006]","[1104898006]"
-0.26750,51.54667,"S","[104900]"
-0.28717,51.53544,"S","[1104900001]"
-0.25606,51.42744,"[104902]","[104902]"
-0.27247,51.38708,"[104903]","[104903]"
-0.37567,51.43800,"[105875]","[105875]"
-0.36783,51.44142,"[1105875003]","[1105875003]"
-0.36275,51.44358,"[1105875004]","[1105875004]"
-0.34275,51.45294,"[1105875005]","[1105875005]"
-0.31611,51.45908,"[1105875006]","[1105875006]"
-0.30819,51.46381,"[1105875007]","[1105875007]"
-0.27369,51.47067,"[1105875008]","[1105875008]"
-0.26378,51.47694,"[1105875009]","[1105875009]"
-0.26361,51.47703,"[105876]","[105876]"
-0.27328,51.47083,"[1105876001]","[1105876001]"
-0.30822,51.46369,"[1105876002]","[1105876002]"
-0.31606,51.45897,"[1105876003]","[1105876003]"
-0.34092,51.45325,"[1105876004]","[1105876004]"
-0.36219,51.44364,"[1105876005]","[1105876005]"
-0.36600,51.44203,"[1105876006]","[1105876006]"
-0.37331,51.43889,"[1105876007]","[1105876007]"
-0.38439,51.43519,"[105877]","[105877]"
-0.40672,51.42450,"[1105877001]","[1105877001]"
-0.40706,51.42444,"[105878]","[105878]"
-0.38525,51.43514,"[1105878001]","[1105878001]"
-2.03333,52.61981,"[105979]","[105979]"
-0.22883,52.54356,"[105981]","[105981]"
-0.22858,52.54783,"[1105981001]","[1105981001]"
-0.22714,52.55125,"[1105981002]","[1105981002]"
0.37114,52.74572,"[105982]","[105982]"
0.33647,52.74706,"[1105982001]","[1105982001]"
0.32414,52.74689,"[1105982002]","[1105982002]"
0.30044,52.74658,"[1105982003]","[1105982003]"
0.28861,52.74650,"[1105982004]","[1105982004]"
0.25483,52.74708,"[1105982005]","[1105982005]"
0.23281,52.75394,"[1105982006]","[1105982006]"
-0.52394,52.17714,"[105985]","[105985]"
-0.52222,52.17544,"[1105985004]","[1105985004]"
-0.52131,52.17433,"[1105985005]","[1105985005]"
-0.51931,52.16658,"[1105985006]","[1105985006]"
-0.51939,52.16658,"[105986]","[105986]"
-0.52144,52.17428,"[1105986001]","[1105986001]"
-0.52236,52.17542,"[1105986002]","[1105986002]"
-0.52411,52.17714,"[1105986003]","[1105986003]"
-0.51264,52.16550,"[105987]","[105987]"
-0.51761,52.16583,"[1105987001]","[1105987001]"
-0.52408,52.16694,"[1105987002]","[1105987002]"
-0.52867,52.17019,"[1105987003]","[1105987003]"
-0.52853,52.17025,"[105989]","[105989]"
-0.52436,52.16717,"[1105989001]","[1105989001]"
-0.51886,52.16619,"[1105989002]","[1105989002]"
-0.51325,52.16558,"[1105989003]","[1105989003]"
1.25997,52.62636,"[105991]","[105991]"
0.14814,51.54003,"[105992]","[105992]"
-0.31661,51.71183,"W","[105993]"
-0.52872,51.60539,"N","[105994]"
-1.73039,52.53219,"[105995]","[105995]"
-0.03331,51.72506,"[105996]","[105996]"
-0.03289,51.73022,"[1105996001]","[1105996001]"
-0.03278,51.73364,"[1105996003]","[1105996003]"
-0.03411,51.75967,"[1105996004]","[1105996004]"
-0.62258,52.81633,"[105997]","[105997]"
-0.62817,52.84608,"[1105997001]","[1105997001]"
-0.62939,52.86047,"[1105997002]","[1105997002]"
-0.63100,52.87267,"[1105997003]","[1105997003]"
-0.63139,52.87386,"[105998]","[105998]"
-0.62944,52.86414,"[1105998001]","[1105998001]"
-0.62764,52.84722,"[1105998002]","[1105998002]"
-0.62264,52.81711,"[1105998003]","[1105998003]"
-0.50792,53.84739,"[105999]","[105999]"
-0.58031,53.85911,"[1105999001]","[1105999001]"
-0.65531,53.85917,"[1105999002]","[1105999002]"
-0.69492,53.87244,"[1105999006]","[1105999006]"
-0.69497,53.87244,"[106000]","[106000]"
-0.68236,53.86214,"[1106000004]","[1106000004]"
-0.68075,53.86033,"[1106000005]","[1106000005]"
-0.65781,53.85822,"[1106000006]","[1106000006]"
-0.50783,53.84739,"[1106000009]","[1106000009]"
0.05936,51.47892,"S","[106004]"
-2.89547,53.22189,"[106005]","[106005]"
0.08836,51.42514,"N","[106008]"
-0.40300,51.51256,"[106009]","[106009]"
-3.88061,55.64083,"[106010]","[106010]"
-0.46258,51.48100,"W","[106290]"
-1.17064,52.91061,"S","[106295]"
-1.17561,52.90550,"S","[1106295001]"
-1.17842,52.90164,"S","[1106295002]"
-1.18056,52.89814,"S","[1106295003]"
-1.18067,52.89817,"N","[106296]"
-1.17861,52.90156,"N","[1106296001]"
-1.17569,52.90550,"N","[1106296002]"
-1.17078,52.91061,"N","[1106296003]"
-1.18294,52.89681,"[106299]","[106299]"
-1.18886,52.89706,"[1106299004]","[1106299004]"
-1.18872,52.89711,"[106300]","[106300]"
-1.18314,52.89686,"[1106300001]","[1106300001]"
-1.77653,52.42678,"[106301]","[106301]"
-1.78081,52.43139,"[1106301004]","[1106301004]"
-1.78150,52.43450,"[1106301005]","[1106301005]"
-1.78364,52.43892,"[1106301006]","[1106301006]"
-1.78347,52.43892,"[106302]","[106302]"
-1.78136,52.43450,"[1106302001]","[1106302001]"
-1.78083,52.43150,"[1106302002]","[1106302002]"
-1.77644,52.42678,"[1106302003]","[1106302003]"
-1.77733,52.35178,"[106303]","[106303]"
-1.77775,52.35406,"[1106303001]","[1106303001]"
-1.77922,52.35694,"[1106303004]","[1106303004]"
-1.77919,52.35719,"[106304-]","[106304-]"
-1.77775,52.35422,"[1106304001-]","[1106304001-]"
-1.77728,52.35175,"[1106304002-]","[1106304002-]"
-0.19278,51.55519,"db","[106305]"
-0.03386,51.75961,"[106306]","[106306]"
-0.03256,51.73358,"[1106306002]","[1106306002]"
-0.03256,51.73022,"[1106306003]","[1106306003]"
-0.03294,51.72517,"[1106306004]","[1106306004]"
0.03581,51.45944,"S","[106307]"
0.05022,51.45511,"S","[1106307001]"
0.15394,51.44761,"S","[1106307003]"
0.15539,51.44717,"S","[1106307004]"
0.16886,51.44247,"S","[1106307005]"
-0.31594,52.53475,"[106308]","[106308]"
-0.31506,52.53411,"[1106308001]","[1106308001]"
-0.29961,52.53719,"[1106308004]","[1106308004]"
-2.57344,54.62486,"S","[106310]"
-2.56117,54.61961,"S","[1106310001]"
-2.56119,54.61953,"N","[106319]"
-2.57342,54.62472,"N","[1106319001]"
-4.12439,50.36928,"[106537]","[106537]"
-4.11686,50.36939,"[1106537001]","[1106537001]"
-4.11264,50.37283,"[1106537002]","[1106537002]"
-4.11242,50.37283,"[106538]","[106538]"
-4.11683,50.36936,"[1106538001]","[1106538001]"
-4.12442,50.36925,"[1106538002]","[1106538002]"
-1.80581,52.46117,"[106540]","[106540]"
-1.82139,52.46225,"[1106540001]","[1106540001]"
-1.82478,52.46250,"[1106540002]","[1106540002]"
-1.83097,52.46303,"[1106540003]","[1106540003]"
-1.83111,52.46319,"[106541]","[106541]"
-1.82094,52.46233,"[1106541001]","[1106541001]"
-1.80617,52.46139,"[1106541002]","[1106541002]"
-0.01817,52.97864,"S","[106542]"
-1.13853,52.99447,"[106543]","[106543]"
-1.13786,52.99808,"[1106543001]","[1106543001]"
-1.13822,53.00036,"[1106543002]","[1106543002]"
-1.13917,53.00219,"[1106543003]","[1106543003]"
-1.94192,52.47167,"[106544]","[106544]"
-1.96167,52.47319,"[1106544001]","[1106544001]"
-1.96678,52.47281,"[1106544002]","[1106544002]"
-1.96681,52.47286,"[106545]","[106545]"
-1.93811,52.47192,"[1106545001]","[1106545001]"
-1.90442,52.46219,"[107480]","[107480]"
-1.90925,52.45678,"[1107480002]","[1107480002]"
-1.90933,52.45683,"[107481]","[107481]"
-1.90450,52.46228,"[1107481001]","[1107481001]"
-1.90183,52.49308,"[107482]","[107482]"
-1.90783,52.49392,"[1107482001]","[1107482001]"
-1.90689,52.49397,"[107483]","[107483]"
-1.90228,52.49333,"[1107483001]","[1107483001]"
-1.89592,52.49342,"[107484]","[107484]"
-1.89544,52.49811,"[1107484001]","[1107484001]"
-0.12214,52.74383,"S","[107486]"
-0.12703,52.71531,"S","[1107486002]"
-0.12975,52.68703,"S","[1107486003]"
-0.15753,52.67075,"S","[1107486004]"
-0.16939,52.66278,"S","[1107486005]"
-0.16933,52.66281,"[107487]","[107487]"
-0.15758,52.67072,"[1107487001]","[1107487001]"
-0.13422,52.68300,"[1107487002]","[1107487002]"
-0.12978,52.68700,"[1107487003]","[1107487003]"
-0.12706,52.71531,"[1107487005]","[1107487005]"
-0.12217,52.74372,"[1107487006]","[1107487006]"
-0.38936,51.30758,"W","[107764]"
-0.12758,50.81847,"E","[107785]"
-0.11486,50.81600,"E","[1107785001]"
-4.05650,51.64989,"W","[107786]"
-4.06242,51.64989,"W","[1107786001]"
-4.06411,51.64983,"W","[1107786002]"
-4.08614,51.64428,"W","[1107786003]"
-4.13336,51.62878,"W","[1107786004]"
-4.16669,51.60786,"W","[1107786005]"
-4.16736,51.60744,"N","[107787]"
-4.08631,51.64425,"N","[1107787001]"
-4.06414,51.64983,"N","[1107787002]"
-4.06233,51.64992,"N","[1107787003]"
-4.05647,51.64992,"N","[1107787004]"
1.37311,52.68336,"N","[107788]"
0.16839,51.44247,"N","[107793]"
0.15353,51.44753,"N","[1107793002]"
0.12078,51.44919,"N","[1107793003]"
0.04967,51.45503,"N","[1107793005]"
0.03617,51.45919,"N","[1107793006]"
0.02736,51.47056,"N","[1107793008]"
0.01103,51.49014,"N","[1107793009]"
0.00636,51.49386,"S","[107794]"
0.02739,51.47075,"S","[1107794001]"
-0.11975,51.40442,"S","[107796]"
-4.06394,50.35992,"N","[107797]"
-4.06575,50.36128,"N","[1107797001]"
-4.07206,50.36283,"N","[1107797002]"
-4.10033,50.36653,"N","[1107797003]"
-4.10028,50.36667,"E","[107798]"
-4.09058,50.36664,"E","[1107798004]"
-4.08169,50.36550,"E","[1107798005]"
-4.07200,50.36300,"E","[1107798006]"
-4.06572,50.36136,"E","[1107798007]"
-4.06386,50.35992,"E","[1107798008]"
-1.53414,54.99106,"[107801]","[107801]"
1.33858,52.10464,"[108562]","[108562]"
-1.45328,53.46850,"[108568]","[108568]"
-1.44906,53.46258,"[108569]","[108569]"
-1.42706,53.43417,"[108570]","[108570]"
-1.41661,53.42772,"[108571]","[108571]"
-1.35819,53.39681,"[108572]","[108572]"
-0.48114,52.11781,"[108575]","[108575]"
-0.48392,52.12247,"[1108575001]","[1108575001]"
-0.48394,52.12253,"[108576]","[108576]"
-0.48114,52.11786,"[1108576001]","[1108576001]"
-0.23850,51.69333,"[108577]","[108577]"
-2.09853,52.31625,"[108578]","[108578]"
-2.12003,52.28000,"[108579]","[108579]"
-2.13336,52.24975,"[108580]","[108580]"
-1.08186,53.98064,"[108581]","[108581]"
-0.37469,53.79575,"[108582]","[108582]"
-0.39239,53.80064,"[1108582003]","[1108582003]"
-0.42581,53.81097,"[1108582004]","[1108582004]"
-0.43556,53.81531,"[1108582005]","[1108582005]"
-0.45111,53.82050,"[1108582006]","[1108582006]"
-0.46103,53.82525,"[1108582007]","[1108582007]"
-0.47678,53.84192,"[1108582008]","[1108582008]"
-0.25433,51.62722,"bs","[108583]"
-2.46981,52.71117,"[109512]","[109512]"
-2.94022,53.19972,"W","[110567]"
-2.97350,53.21256,"W","[1110567001]"
-2.99083,53.21456,"W","[1110567002]"
-2.99086,53.21461,"E","[110568]"
-2.97347,53.21258,"E","[1110568001]"
-2.94019,53.19975,"E","[1110568002]"
-3.21900,54.64575,"[111443]","[111443]"
-3.23281,54.66525,"[1111443004]","[1111443004]"
-2.49283,51.34350,"[112320]","[112320]"
-2.54461,51.32156,"[112321]","[112321]"
-5.24606,50.11344,"tSPECS","[113143]"
-5.25408,50.11008,"tSPECS","[1113143001]"
-5.25408,50.11011,"tSPECS","[113144]"
-5.24614,50.11344,"tSPECS","[1113144001]"
-0.41931,51.96286,"[113452]","[113452]"
-0.25997,51.27606,"S, 70km/(?)","[113544]"
0.45192,51.56722,"N, 30 or 40 km/h (?)","[113589]"
1.29100,51.36314,"[113901]","[113901]"
1.28331,51.36211,"[1113901001]","[1113901001]"
1.26914,51.35664,"[1113901002]","[1113901002]"
1.26856,51.35667,"[113902]","[113902]"
1.28322,51.36222,"[1113902001]","[1113902001]"
1.29081,51.36319,"[1113902002]","[1113902002]"
-3.09506,55.91417,"new speed camera(?)","[113910]"
-2.98011,53.33794,"[113986]","[113986]"
0.55769,50.85092,"[113987]","[113987]"
0.54017,50.85125,"[1113987001]","[1113987001]"
0.54019,50.85128,"[113988]","[113988]"
0.55767,50.85097,"[1113988001]","[1113988001]"
-0.11489,50.81597,"E","[113999]"
-0.12764,50.81847,"E","[1113999001]"
-2.49711,53.64439,"[114002]","[114002]"
-2.50883,53.66403,"[1114002001]","[1114002001]"
-2.51950,53.67767,"[1114002002]","[1114002002]"
-2.54067,53.69575,"[1114002003]","[1114002003]"
-2.54831,53.70150,"[1114002004]","[1114002004]"
-2.55167,53.70567,"[1114002005]","[1114002005]"
-2.55344,53.70839,"[1114002006]","[1114002006]"
-2.56022,53.71386,"[1114002007]","[1114002007]"
-2.56028,53.71389,"[114003]","[114003]"
-2.55336,53.70844,"[1114003001]","[1114003001]"
-2.55161,53.70572,"[1114003002]","[1114003002]"
-2.54817,53.70150,"[1114003003]","[1114003003]"
-2.54061,53.69578,"[1114003004]","[1114003004]"
-2.51942,53.67767,"[1114003005]","[1114003005]"
-2.50881,53.66406,"[1114003006]","[1114003006]"
-2.49694,53.64442,"[1114003008]","[1114003008]"
-0.20167,51.39522,"[114005]","[114005]"
-4.51808,55.82767,"[114006]","[114006]"
-2.39578,51.40164,"[114007]","[114007]"
-1.33553,53.39897,"[114008]","[114008]"
-1.33553,53.39878,"[114009]","[114009]"
-0.55150,51.39761,"[114010]","[114010]"
-0.56658,51.39039,"[114011]","[114011]"
-0.58839,51.38286,"[114012]","[114012]"
-0.63231,51.36761,"[114013]","[114013]"
-0.63208,51.36753,"[114014]","[114014]"
-0.69669,51.34953,"[114015]","[114015]"
-0.71656,51.33714,"[114016]","[114016]"
-0.71689,51.33719,"[114017]","[114017]"
-0.74772,51.31992,"[114018]","[114018]"
-0.76761,51.31214,"[114019]","[114019]"
-0.78617,51.30406,"[114020]","[114020]"
-1.39011,53.40492,"[114021]","[114021]"
-2.09825,52.31628,"[114022]","[114022]"
-2.08478,52.32981,"[114023]","[114023]"
-2.12003,52.29442,"[114025]","[114025]"
-2.13361,52.24958,"[114026]","[114026]"
-2.15114,52.21989,"[114027]","[114027]"
-1.13706,53.97678,"[114029]","[114029]"
-2.92539,53.16953,"[114033]","[114033]"
-2.93564,53.15386,"[114034]","[114034]"
-2.94494,53.13011,"[114035]","[114035]"
-3.56186,50.64142,"[114038]","[114038]"
-3.54069,50.65628,"[1114038002]","[1114038002]"
-3.53831,50.66992,"[1114038004]","[1114038004]"
-0.47672,53.84206,"[114039]","[114039]"
-0.46092,53.82528,"[1114039001]","[1114039001]"
-0.44997,53.82025,"[1114039002]","[1114039002]"
-0.43525,53.81531,"[1114039003]","[1114039003]"
-0.42578,53.81100,"[1114039004]","[1114039004]"
-0.39775,53.80308,"[1114039005]","[1114039005]"
-0.37492,53.79581,"[1114039007]","[1114039007]"
-0.33525,51.49592,"[114040]","[114040]"
-0.30231,51.49142,"[1114040001]","[1114040001]"
-0.28961,51.49231,"[1114040002]","[1114040002]"
-0.27844,51.48989,"[1114040003]","[1114040003]"
-0.27847,51.48981,"[114041]","[114041]"
-0.28953,51.49225,"[1114041001]","[1114041001]"
-0.30228,51.49136,"[1114041002]","[1114041002]"
-0.32558,51.49283,"[1114041003]","[1114041003]"
-0.31919,51.36497,"[114045]","[114045]"
-0.31861,51.36878,"[1114045001]","[1114045001]"
-0.31775,51.37247,"[1114045002]","[1114045002]"
-0.31422,51.37514,"[1114045003]","[1114045003]"
-2.92061,53.67278,"[114048]","[114048]"
-2.87928,53.66372,"[1114048002]","[1114048002]"
-2.85558,53.66867,"[1114048003]","[1114048003]"
-2.83606,53.67244,"[1114048004]","[1114048004]"
-2.83594,53.67239,"[114049]","[114049]"
-2.85561,53.66856,"[1114049001]","[1114049001]"
-2.87864,53.66361,"[1114049003]","[1114049003]"
-2.91828,53.67203,"[1114049004]","[1114049004]"
-2.56975,51.46811,"[114054]","[114054]"
-2.57597,51.46511,"[1114054002]","[1114054002]"
-0.19931,51.26067,"[114061]","[114061]"
-0.20633,51.26694,"[1114061001]","[1114061001]"
-0.21675,51.27858,"[1114061002]","[1114061002]"
-0.21906,51.28228,"[1114061003]","[1114061003]"
-0.22233,51.29094,"[1114061004]","[1114061004]"
-0.22317,51.29394,"[1114061005]","[1114061005]"
-0.21989,51.30472,"[1114061007]","[1114061007]"
-0.21822,51.30764,"[1114061008]","[1114061008]"
-0.21500,51.31114,"[1114061009]","[1114061009]"
-0.21267,51.31364,"[1114061010]","[1114061010]"
-0.21064,51.32558,"[1114061012]","[1114061012]"
-0.21042,51.32617,"[114062]","[114062]"
-0.21217,51.31394,"[1114062002]","[1114062002]"
-0.21481,51.31117,"[1114062003]","[1114062003]"
-0.21819,51.30742,"[1114062004]","[1114062004]"
-0.21972,51.30464,"[1114062006]","[1114062006]"
-0.22294,51.29411,"[1114062007]","[1114062007]"
-0.22242,51.29178,"[1114062008]","[1114062008]"
-0.21858,51.28175,"[1114062009]","[1114062009]"
-0.21697,51.27925,"[1114062010]","[1114062010]"
-0.20800,51.26772,"[1114062011]","[1114062011]"
-0.19958,51.26133,"[1114062012]","[1114062012]"
-1.06928,52.25028,"[114217]","[114217]"
-1.06939,52.25014,"[114218]","[114218]"
-1.10039,52.28331,"[114221]","[114221]"
-1.10014,52.28333,"[114222]","[114222]"
-1.12700,52.31239,"[114223]","[114223]"
-1.13164,52.31683,"[114224]","[114224]"
-0.74072,51.32300,"[114227]","[114227]"
-2.18561,53.58358,"[114228]","[114228]"
-2.22006,53.57133,"[114229]","[114229]"
-2.24494,53.55956,"[114230]","[114230]"
-2.23378,56.97372,"[114231]","[114231]"
-2.28561,56.93133,"[1114231001]","[1114231001]"
-2.39833,56.88217,"[1114231002]","[1114231002]"
-2.47100,56.82425,"[1114231003]","[1114231003]"
-2.48011,56.82214,"[1114231004]","[1114231004]"
-2.53853,56.80078,"[1114231005]","[1114231005]"
-2.59381,56.78017,"[1114231006]","[1114231006]"
-2.66911,56.74097,"[1114231007]","[1114231007]"
-2.74553,56.72389,"[1114231008]","[1114231008]"
-2.81928,56.70728,"[1114231009]","[1114231009]"
-2.91706,56.65728,"[1114231010]","[1114231010]"
-2.90803,56.62211,"[1114231011]","[1114231011]"
-2.90539,56.60228,"[1114231012]","[1114231012]"
-2.94453,56.54181,"[1114231013]","[1114231013]"
-2.94981,56.49825,"[1114231014]","[1114231014]"
-2.95039,56.49575,"[114232]","[114232]"
-2.94506,56.51736,"[1114232001]","[1114232001]"
-2.94475,56.54178,"[1114232002]","[1114232002]"
-2.90181,56.61556,"[1114232003]","[1114232003]"
-2.92233,56.64972,"[1114232004]","[1114232004]"
-2.87864,56.67817,"[1114232005]","[1114232005]"
-2.76589,56.71914,"[1114232006]","[1114232006]"
-2.62331,56.76839,"[1114232007]","[1114232007]"
-2.55547,56.79369,"[1114232008]","[1114232008]"
-2.49258,56.81958,"[1114232009]","[1114232009]"
-2.42358,56.86225,"[1114232011]","[1114232011]"
-2.36214,56.90614,"[1114232012]","[1114232012]"
-2.25700,56.93817,"[1114232013]","[1114232013]"
-2.23469,56.97347,"[1114232014]","[1114232014]"
-2.43747,53.72381,"[114238]","[114238]"
-2.42431,53.71825,"[1114238001]","[1114238001]"
-2.42097,53.71703,"[1114238002]","[1114238002]"
-2.40778,53.71125,"[1114238003]","[1114238003]"
-2.38369,53.70319,"[1114238004]","[1114238004]"
-2.36328,53.70278,"[1114238005]","[1114238005]"
-2.34561,53.70003,"[1114238006]","[1114238006]"
-2.33433,53.69878,"[1114238007]","[1114238007]"
-2.33514,53.69850,"[114239]","[114239]"
-2.34567,53.69994,"[1114239001]","[1114239001]"
-2.36314,53.70269,"[1114239002]","[1114239002]"
-2.38356,53.70306,"[1114239003]","[1114239003]"
-2.40783,53.71111,"[1114239004]","[1114239004]"
-2.42086,53.71694,"[1114239005]","[1114239005]"
-2.42428,53.71814,"[1114239006]","[1114239006]"
-2.43753,53.72378,"[1114239007]","[1114239007]"
-2.34647,53.46169,"[114240]","[114240]"
-1.37811,53.71775,"[114241]","[114241]"
-3.19825,55.85011,"[114242]","[114242]"
-3.96500,51.62756,"[114447]","[114447]"
0.74611,52.40814,"[114480]","[114480]"
-3.23792,55.96544,"[114569]","[114569]"
-2.82028,53.76889,"[114647]","[114647]"
-2.84281,53.77453,"[1114647001]","[1114647001]"
-2.86211,53.77811,"[1114647002]","[1114647002]"
-2.87531,53.77817,"[1114647003]","[1114647003]"
-2.88994,53.78061,"[1114647004]","[1114647004]"
-2.88872,53.78056,"[114648]","[114648]"
-2.87536,53.77825,"[1114648001]","[1114648001]"
-2.86233,53.77817,"[1114648002]","[1114648002]"
-2.84294,53.77464,"[1114648003]","[1114648003]"
-2.82028,53.76892,"[1114648004]","[1114648004]"
-2.47003,52.71097,"[114649]","[114649]"
-2.63908,53.76417,"[114660]","[114660]"
-2.64531,53.76500,"[1114660001]","[1114660001]"
-2.65064,53.76569,"[1114660002]","[1114660002]"
-2.65069,53.76575,"[114661]","[114661]"
-2.64539,53.76508,"[1114661001]","[1114661001]"
-2.63917,53.76442,"[1114661002]","[1114661002]"
-1.11264,53.00472,"[114666]","[114666]"
-1.11508,53.00550,"[1114666001]","[1114666001]"
-1.11678,53.00597,"[1114666002]","[1114666002]"
-1.12528,53.00653,"[1114666003]","[1114666003]"
-1.12542,53.00656,"[114667]","[114667]"
-1.11692,53.00611,"[1114667001]","[1114667001]"
-1.11519,53.00561,"[1114667002]","[1114667002]"
-1.11250,53.00475,"[1114667003]","[1114667003]"
-2.42875,51.28808,"[114668]","[114668]"
-1.15150,52.34144,"[114669]","[114669]"
-1.15706,52.36022,"[114670]","[114670]"
-2.18556,53.58372,"[114671]","[114671]"
-2.24742,53.55767,"[114672]","[114672]"
-2.36625,53.46706,"[114674]","[114674]"
1.16581,52.08114,"[114675]","[114675]"
1.16544,52.08092,"[114676]","[114676]"
-2.46350,53.62319,"[114680]","[114680]"
-2.48536,53.63317,"[1114680001]","[1114680001]"
-2.48531,53.63325,"[114681]","[114681]"
-2.46336,53.62322,"[1114681001]","[1114681001]"
0.12828,51.72208,"[114914]","[114914]"
-2.73503,52.04258,"[115050]","[115050]"
0.44342,51.51844,"[115172]","[115172]"
0.52100,51.40117,"[115623]","[115623]"
0.53378,51.40033,"[1115623001]","[1115623001]"
0.53772,51.39981,"[1115623002]","[1115623002]"
0.53844,51.39953,"[115624]","[115624]"
0.53375,51.40022,"[1115624001]","[1115624001]"
0.51839,51.40122,"[1115624002]","[1115624002]"
0.24606,51.45569,"[116136]","[116136]"
-1.77394,52.50214,"O","[116162]"
-1.77931,52.50175,"O","[1116162001]"
-1.77919,52.50183,"O","[116163]"
-1.77394,52.50214,"O","[1116163001]"
-0.47928,53.01794,"[116164]","[116164]"
-0.52644,53.03333,"[1116164001]","[1116164001]"
-0.52639,53.03339,"[116165]","[116165]"
-0.47925,53.01800,"[1116165001]","[1116165001]"
-3.21342,53.04917,"[116176]","[116176]"
-3.26633,53.02000,"[1116176001]","[1116176001]"
-3.27928,53.01775,"[1116176002]","[1116176002]"
-3.32300,53.00553,"[1116176003]","[1116176003]"
-3.38161,52.99306,"[1116176004]","[1116176004]"
-3.38172,52.99311,"[116177]","[116177]"
-3.32303,53.00561,"[1116177001]","[1116177001]"
-3.27950,53.01781,"[1116177002]","[1116177002]"
-3.26656,53.02011,"[1116177003]","[1116177003]"
-3.21356,53.04908,"[1116177004]","[1116177004]"
-1.61033,53.64872,"[116178]","[116178]"
-4.04167,55.84406,"[116179]","[116179]"
-2.22256,53.40531,"[116181]","[116181]"
-2.22322,53.40456,"[116182]","[116182]"
-2.22222,53.87231,"[116183]","[116183]"
-2.23006,53.89408,"[1116183001]","[1116183001]"
-2.24311,53.90703,"[1116183002]","[1116183002]"
-2.26317,53.93172,"[1116183003]","[1116183003]"
-2.26317,53.93200,"[116184]","[116184]"
-2.24431,53.90850,"[1116184001]","[1116184001]"
-2.22994,53.89428,"[1116184002]","[1116184002]"
-2.22222,53.87242,"[1116184003]","[1116184003]"
-2.00181,50.76369,"[116186]","[116186]"
-2.00731,50.76192,"[1116186002]","[1116186002]"
-2.02161,50.76250,"[1116186003]","[1116186003]"
-2.02161,50.76250,"[116187]","[116187]"
-2.00739,50.76192,"[1116187001]","[1116187001]"
-2.00189,50.76375,"[1116187002]","[1116187002]"
-3.40914,55.96369,"SW","[116188]"
-2.39714,53.29283,"[116189]","[116189]"
-2.58622,53.42314,"[116190]","[116190]"
1.52383,52.27303,"[116191]","[116191]"
-1.12475,53.77536,"[116192]","[116192]"
-3.80047,51.75083,"[116193]","[116193]"
-3.33031,53.27111,"[116194]","[116194]"
-3.35853,53.27353,"[1116194001]","[1116194001]"
-3.40528,53.26189,"[1116194002]","[1116194002]"
-2.38422,53.49981,"[117240]","[117240]"
-2.34906,53.46250,"[117283]","[117283]"
-2.34303,53.52508,"[117449]","[117449]"
-2.30158,53.53683,"[117450]","[117450]"
-3.00633,53.37564,"[117452]","[117452]"
-2.99194,53.35656,"[1117452001]","[1117452001]"
-2.99217,53.35656,"[117453]","[117453]"
-3.00636,53.37550,"[1117453001]","[1117453001]"
-0.32686,51.28139,"[117710]","[117710]"
-0.32336,51.25497,"[1117710001]","[1117710001]"
-0.32361,51.25508,"[117711]","[117711]"
-0.32717,51.28144,"[1117711001]","[1117711001]"
-3.40828,56.03133,"[119560]","[119560]"
-3.40467,55.98056,"[119561]","[119561]"
-3.40478,55.98069,"[119613]","[119613]"
-4.81800,55.94675,"[119719]","[119719]"
-0.04397,51.58686,"O","[120018]"
-3.38711,56.06367,"[120036]","[120036]"
-1.12908,53.18953,"[120239]","[120239]"
-1.15239,53.18061,"[1120239001]","[1120239001]"
-1.16933,53.17033,"[1120239002]","[1120239002]"
-1.16944,53.17044,"[120240]","[120240]"
-1.15261,53.18069,"[1120240001]","[1120240001]"
-1.12914,53.18964,"[1120240002]","[1120240002]"
-2.41700,53.57300,"[120247]","[120247]"
-2.41347,53.56864,"[1120247001]","[1120247001]"
-2.40328,53.55914,"[1120247002]","[1120247002]"
-2.38522,53.54867,"[1120247003]","[1120247003]"
-2.38550,53.54931,"[120250]","[120250]"
-2.40633,53.56069,"[1120250001]","[1120250001]"
-2.41558,53.57081,"[1120250002]","[1120250002]"
-2.42125,53.57825,"[1120250003]","[1120250003]"
-3.14756,53.08414,"[120264]","[120264]"
-3.19492,53.05928,"[1120264001]","[1120264001]"
-3.20244,53.05481,"[1120264002]","[1120264002]"
-3.21050,53.05075,"[1120264003]","[1120264003]"
-3.21064,53.05081,"[120267]","[120267]"
-3.20247,53.05489,"[1120267001]","[1120267001]"
-3.19503,53.05933,"[1120267002]","[1120267002]"
-3.14756,53.08425,"[1120267003]","[1120267003]"
-1.23825,52.66614,"[120276]","[120276]"
-1.24225,52.66864,"[1120276001]","[1120276001]"
-1.26506,52.68358,"[1120276002]","[1120276002]"
-1.26497,52.68369,"[120277]","[120277]"
-1.26097,52.68186,"[1120277001]","[1120277001]"
-1.24219,52.66872,"[1120277002]","[1120277002]"
-2.04200,52.44517,"[120279]","[120279]"
-1.13903,53.00222,"[120286]","[120286]"
-1.13811,53.00033,"[1120286001]","[1120286001]"
-1.13778,52.99814,"[1120286002]","[1120286002]"
-1.13842,52.99444,"[1120286003]","[1120286003]"
-1.16261,52.44825,"[120287]","[120287]"
-1.17100,52.44739,"[1120287001]","[1120287001]"
-1.17103,52.44744,"[120288]","[120288]"
-1.16267,52.44831,"[1120288001]","[1120288001]"
-1.22428,52.72681,"[120814]","[120814]"
-1.21797,52.72869,"[1120814001]","[1120814001]"
-1.21794,52.72864,"[120815]","[120815]"
-1.22419,52.72678,"[1120815001]","[1120815001]"
-0.60019,51.51967,"[121813]","[121813]"
-0.26103,51.56381,"[122038]","[122038]"
-3.58836,50.53472,"[123021]","[123021]"
-3.59303,50.52706,"[1123021002]","[1123021002]"
-3.58856,50.50931,"[1123021003]","[1123021003]"
-3.57664,50.48997,"[1123021004]","[1123021004]"
-3.57519,50.48897,"[123022]","[123022]"
-3.59003,50.50333,"[1123022003]","[1123022003]"
-3.59319,50.52683,"[1123022004]","[1123022004]"
-2.83444,53.60994,"[123660]","[123660]"
-0.23678,51.40200,"[123763]","[123763]"
-0.03000,51.50753,"3 speedcams inside the tunnel","[123764]"
-0.02894,51.50753,"3 speedcams inside the tunnel","[123764]"
-0.65111,51.52825,"bs","[123824]"
-2.48697,53.75114,"[123871]","[123871]"
-0.40731,51.54800,"[125962]","[125962]"
-0.36150,51.53928,"[1125962001]","[1125962001]"
-0.33639,51.53439,"[1125962002]","[1125962002]"
-0.32033,51.53314,"[1125962003]","[1125962003]"
-0.32006,51.53325,"[1125962004]","[1125962004]"
-0.30261,51.53119,"[1125962005]","[1125962005]"
-2.39506,53.28758,"[125974]","[125974]"
-2.36350,53.17617,"[125975]","[125975]"
-0.08328,51.58850,"[125977]","[125977]"
-0.15469,51.40761,"[126005]","[126005]"
-0.60011,53.19494,"[126006]","[126006]"
-1.07869,52.96511,"[126007]","[126007]"
-0.88275,50.84614,"[126009]","[126009]"
-1.30917,52.88344,"[126011]","[126011]"
-1.30936,52.88350,"[126012]","[126012]"
-0.49147,51.66783,"N","[126013]"
-2.27797,53.54408,"[126014]","[126014]"
-2.33567,53.13225,"[126016]","[126016]"
-2.33600,53.13225,"[126017]","[126017]"
-2.33761,53.11089,"[126019]","[126019]"
-2.34192,53.09992,"[126021-]","[126021-]"
0.43153,51.52175,"SPECS","[126024]"
0.44011,51.52700,"SPECS","[1126024001]"
0.44239,51.52969,"SPECS","[1126024002]"
0.44594,51.53231,"SPECS","[1126024003]"
0.45181,51.53472,"SPECS","[1126024004]"
0.76994,51.40397,"[126030]","[126030]"
0.75892,51.39753,"[1126030001]","[1126030001]"
0.74933,51.39161,"[1126030002]","[1126030002]"
0.74556,51.38775,"[1126030003]","[1126030003]"
0.74278,51.38042,"[1126030004]","[1126030004]"
0.74261,51.38047,"[126031]","[126031]"
0.74542,51.38783,"[1126031001]","[1126031001]"
0.74917,51.39167,"[1126031002]","[1126031002]"
0.75881,51.39758,"[1126031003]","[1126031003]"
0.76975,51.40400,"[1126031004]","[1126031004]"
-2.22192,53.87222,"[126033]","[126033]"
-2.20917,53.86206,"[1126033001]","[1126033001]"
-2.20925,53.86206,"[126034]","[126034]"
-2.22189,53.87217,"[1126034001]","[1126034001]"
-2.90278,53.92031,"[126035]","[126035]"
-2.92478,53.91639,"[1126035001]","[1126035001]"
-2.94406,53.91683,"[1126035002]","[1126035002]"
-2.94411,53.91692,"[126036]","[126036]"
-2.92475,53.91644,"[1126036001]","[1126036001]"
-2.90281,53.92033,"[1126036002]","[1126036002]"
-0.16103,52.10592,"[126075-]","[126075-]"
0.07097,51.51044,"N","[126077]"
-1.05972,52.58597,"[126085]","[126085]"
-1.06764,52.59247,"[1126085001]","[1126085001]"
-1.07133,52.59536,"[1126085002]","[1126085002]"
-1.07653,52.59814,"[1126085003]","[1126085003]"
-1.07689,52.59850,"[126086]","[126086]"
-1.07239,52.59611,"[1126086001]","[1126086001]"
-1.06747,52.59250,"[1126086002]","[1126086002]"
-1.05961,52.58606,"[1126086003]","[1126086003]"
-1.47028,52.41444,"Ab März 2021 verlängert bis M6","[126087]"
-1.46128,52.41667,"Ab März 2021 verlängert bis M6","[1126087001]"
-1.44981,52.42192,"Ab März 2021 verlängert bis M6","[1126087002]"
-1.44589,52.42397,"Ab März 2021 verlängert bis M6","[1126087003]"
-1.44350,52.42550,"Ab März 2021 verlängert bis M6","[1126087004]"
-1.43953,52.42917,"Ab März 2021 verlängert bis M6","[1126087005]"
-1.43672,52.43186,"Ab März 2021 verlängert bis M6","[1126087006]"
-1.43233,52.43583,"Ab März 2021 verlängert bis M6","[1126087007]"
-1.43217,52.43581,"Ab März 2021 verlängert bis M6","[126088]"
-1.43653,52.43178,"Ab März 2021 verlängert bis M6","[1126088001]"
-1.43947,52.42908,"Ab März 2021 verlängert bis M6","[1126088002]"
-1.44347,52.42536,"Ab März 2021 verlängert bis M6","[1126088003]"
-1.44583,52.42392,"Ab März 2021 verlängert bis M6","[1126088004]"
-1.44892,52.42217,"Ab März 2021 verlängert bis M6","[1126088005]"
-1.45925,52.41736,"Ab März 2021 verlängert bis M6","[1126088006]"
-1.47014,52.41436,"Ab März 2021 verlängert bis M6","[1126088007]"
-1.89378,52.46533,"SO","[126089]"
-1.88883,52.46386,"SO","[1126089001]"
-1.89378,52.46517,"NW","[126090]"
-1.90628,52.46847,"NW","[1126090001]"
-1.91047,52.47050,"NW","[1126090002]"
-1.91547,52.47211,"NW","[1126090003]"
-1.91558,52.47225,"NW","[126091]"
-1.91036,52.47061,"NW","[1126091001]"
-1.90611,52.46856,"NW","[1126091002]"
-1.20367,53.15019,"[126092]","[126092]"
-1.20525,53.14669,"[1126092001]","[1126092001]"
-1.20289,53.14494,"[1126092002]","[1126092002]"
-1.20303,53.14486,"[126093]","[126093]"
-1.20533,53.14667,"[1126093001]","[1126093001]"
-1.20375,53.15022,"[1126093002]","[1126093002]"
-1.19703,52.98186,"[126094]","[126094]"
-1.20514,52.98069,"[1126094001]","[1126094001]"
-1.20517,52.98078,"[126095]","[126095]"
-1.19703,52.98189,"[1126095001]","[1126095001]"
0.00444,51.49511,"[126097]","[126097]"
0.00197,51.49706,"[1126097001]","[1126097001]"
-0.00831,51.51294,"[1126097002]","[1126097002]"
-0.00814,51.51306,"[126098]","[126098]"
0.00439,51.49539,"[1126098001]","[1126098001]"
-1.44944,53.39092,"SW","[126108]"
-0.62306,51.22703,"[127216]","[127216]"
-0.62414,51.22833,"[1127216001]","[1127216001]"
-0.61086,51.23136,"[1127216002]","[1127216002]"
-0.60169,51.23692,"[1127216003]","[1127216003]"
-0.59933,51.24108,"[1127216004]","[1127216004]"
-0.59517,51.24639,"[1127216005]","[1127216005]"
-2.12944,52.59728,"[127253]","[127253]"
-2.13039,52.60367,"[1127253001]","[1127253001]"
-2.13011,52.60578,"[1127253002]","[1127253002]"
-2.13119,52.61008,"[1127253003]","[1127253003]"
-2.12975,52.62014,"[127254]","[127254]"
-2.13100,52.61692,"[1127254001]","[1127254001]"
-2.13117,52.61125,"[1127254002]","[1127254002]"
-2.13106,52.61008,"[1127254003]","[1127254003]"
-2.12994,52.60572,"[1127254004]","[1127254004]"
-2.13019,52.60369,"[1127254005]","[1127254005]"
-2.12925,52.59769,"[1127254006]","[1127254006]"
-0.16644,50.83753,"both sides (?)","[130436]"
-1.74558,51.87761,"[136285]","[136285]"
-1.81986,50.75192,"[136518]","[136518]"
-1.80903,50.76656,"[1136518001]","[1136518001]"
-1.80853,50.76694,"[136519]","[136519]"
-1.82008,50.75164,"[1136519001]","[1136519001]"
-1.30531,52.86642,"[136520]","[136520]"
-1.29650,52.83664,"[136521]","[136521]"
-1.29919,52.83150,"[136522]","[136522]"
-1.29864,52.90014,"[136523]","[136523]"
-2.36825,53.51839,"[136658]","[136658]"
-2.37133,53.51006,"[136659]","[136659]"
-2.37075,53.51119,"[136660]","[136660]"
-4.82314,55.31044,"[136797]","[136797]"
-4.78086,55.32842,"[1136797001]","[1136797001]"
-2.35542,53.16564,"[136872]","[136872]"
0.10036,51.57617,"[136897]","[136897]"
-2.12794,57.17142,"[136904]","[136904]"
-0.24525,51.35372,"[137019]","[137019]"
-0.24453,51.35164,"[1137019001]","[1137019001]"
-0.24497,51.34733,"[1137019002]","[1137019002]"
-0.24531,51.34722,"[137020]","[137020]"
-0.24467,51.35161,"[1137020001]","[1137020001]"
-0.24544,51.35372,"[1137020002]","[1137020002]"
-0.44300,51.41511,"[137025-]","[137025-]"
-0.44600,51.40811,"[1137025001-]","[1137025001-]"
-0.44608,51.40817,"[137026]","[137026]"
-0.44314,51.41511,"[1137026001]","[1137026001]"
-0.09261,50.93864,"[137027]","[137027]"
-0.09286,50.93833,"[137028]","[137028]"
-3.01858,53.62942,"[137029]","[137029]"
-2.39633,53.23014,"[137030]","[137030]"
-2.39661,53.23011,"[137031]","[137031]"
-2.40181,53.25117,"[137032]","[137032]"
-2.40192,53.24819,"[137033-]","[137033-]"
-4.56544,55.49972,"[137035]","[137035]"
-4.58503,55.52083,"[1137035001]","[1137035001]"
-3.67094,53.05461,"[137038]","[137038]"
-3.65156,53.07092,"[1137038001]","[1137038001]"
-3.60031,53.09756,"[1137038002]","[1137038002]"
-3.57014,53.11497,"[1137038003]","[1137038003]"
-3.55164,53.12389,"[1137038004]","[1137038004]"
-3.53164,53.15194,"[1137038005]","[1137038005]"
-3.43564,53.18211,"[1137038006]","[1137038006]"
-3.43550,53.18208,"[137039]","[137039]"
-3.53156,53.15203,"[1137039001]","[1137039001]"
-3.55153,53.12389,"[1137039002]","[1137039002]"
-3.56997,53.11497,"[1137039003]","[1137039003]"
-3.60011,53.09753,"[1137039004]","[1137039004]"
-3.65156,53.07075,"[1137039005]","[1137039005]"
-2.06447,52.51450,"[137041]","[137041]"
-2.07494,52.52367,"[1137041001]","[1137041001]"
-2.08461,52.52678,"[1137041002]","[1137041002]"
-2.08442,52.52667,"[137042]","[137042]"
-2.07536,52.52397,"[1137042001]","[1137042001]"
-2.06428,52.51447,"[1137042002]","[1137042002]"
-2.13133,52.61131,"[137044]","[137044]"
-2.12997,52.61986,"[1137044001]","[1137044001]"
-1.46019,52.41697,"NO","[137045]"
-1.46831,52.38028,"[137046]","[137046]"
-1.47117,52.38300,"[1137046001]","[1137046001]"
-1.47181,52.38333,"[1137046002]","[1137046002]"
-1.47731,52.38600,"[1137046003]","[1137046003]"
-1.48125,52.38964,"[1137046004]","[1137046004]"
-1.48044,52.38942,"[137047-]","[137047-]"
-1.47331,52.38400,"[1137047001-]","[1137047001-]"
-1.47078,52.38286,"[1137047002-]","[1137047002-]"
-1.46825,52.38033,"[1137047003-]","[1137047003-]"
-2.21603,52.97672,"[137053]","[137053]"
-2.20792,52.98039,"[1137053001]","[1137053001]"
-2.19358,52.98486,"[1137053002]","[1137053002]"
-2.18189,52.99406,"[1137053003]","[1137053003]"
-2.18975,53.01017,"[1137053004]","[1137053004]"
-2.20014,53.01425,"[1137053005]","[1137053005]"
-2.20656,53.02328,"[1137053006]","[1137053006]"
-2.20667,53.02411,"[137054]","[137054]"
-2.19975,53.01419,"[1137054001]","[1137054001]"
-2.18969,53.01028,"[1137054002]","[1137054002]"
-2.18169,52.99417,"[1137054003]","[1137054003]"
-2.19047,52.98625,"[1137054004]","[1137054004]"
-2.20664,52.98058,"[1137054005]","[1137054005]"
-2.21606,52.97661,"[1137054006]","[1137054006]"
0.45186,51.53475,"SPECS","[137057]"
0.44594,51.53231,"SPECS","[1137057001]"
0.44236,51.52967,"SPECS","[1137057002]"
0.44025,51.52700,"SPECS","[1137057003]"
0.43158,51.52169,"SPECS","[1137057005]"
-1.51375,52.70414,"[137058]","[137058]"
-1.52058,52.70650,"[1137058001]","[1137058001]"
-1.52061,52.70653,"[137059]","[137059]"
-1.51375,52.70419,"[1137059001]","[1137059001]"
-1.28667,52.52364,"[137060]","[137060]"
-1.29656,52.51925,"[1137060001]","[1137060001]"
-1.29664,52.51933,"[137061]","[137061]"
-1.28678,52.52369,"[1137061001]","[1137061001]"
-3.14914,55.92283,"[137062]","[137062]"
-3.15864,55.92803,"[1137062001]","[1137062001]"
-3.15856,55.92806,"[137063]","[137063]"
-3.14914,55.92292,"[1137063001]","[1137063001]"
-1.16103,52.63289,"[137064]","[137064]"
-1.14269,52.89164,"[137246]","[137246]"
-3.04611,53.19428,"[137669]","[137669]"
-3.01133,53.21125,"[1137669004]","[1137669004]"
-2.99556,53.22756,"[1137669005]","[1137669005]"
-2.99414,53.22922,"[137670]","[137670]"
-2.99569,53.22675,"[1137670001]","[1137670001]"
-3.01928,53.20658,"[1137670002]","[1137670002]"
-3.04381,53.19514,"[1137670004]","[1137670004]"
-2.86139,53.42189,"[138275]","[138275]"
-2.98472,51.60494,"[138355]","[138355]"
-3.33217,51.60747,"[138980]","[138980]"
-3.32103,51.59069,"[1138980001]","[1138980001]"
-3.29608,51.57900,"[1138980002]","[1138980002]"
-3.29872,51.58003,"[138981]","[138981]"
-3.31778,51.58669,"[1138981001]","[1138981001]"
-3.33106,51.60819,"[1138981002]","[1138981002]"
-4.21586,55.82108,"[139399]","[139399]"
-4.21889,55.82781,"[1139399001]","[1139399001]"
-4.21842,55.82728,"[139400]","[139400]"
-4.21572,55.82122,"[1139400001]","[1139400001]"
-0.45728,51.45717,"[139412-]","[139412-]"
-0.46542,51.45808,"[139413-]","[139413-]"
-0.47433,51.45961,"[139414-]","[139414-]"
-0.48006,51.46158,"[139415-]","[139415-]"
-0.48219,51.46147,"[139416-]","[139416-]"
-0.49053,51.46339,"[139417-]","[139417-]"
-0.45083,51.45589,"[139418-]","[139418-]"
-0.45089,51.45600,"[139419-]","[139419-]"
-0.44050,51.46003,"[139420-]","[139420-]"
-0.43528,51.46142,"[139421-]","[139421-]"
-0.49203,51.46494,"[139422]","[139422]"
-0.49111,51.46997,"[139423]","[139423]"
-0.49336,51.47286,"[139424]","[139424]"
-0.49478,51.47664,"[139425]","[139425]"
-0.48286,51.47931,"[139426-]","[139426-]"
-0.47444,51.47997,"[139427-]","[139427-]"
-0.46986,51.47997,"[139428-]","[139428-]"
-0.46117,51.48003,"[139429]","[139429]"
-0.45361,51.47978,"[139430-]","[139430-]"
-0.44642,51.47947,"[139431]","[139431]"
-0.44403,51.47942,"[139432]","[139432]"
-0.43081,51.47944,"[139433-]","[139433-]"
-0.42664,51.47786,"[139434]","[139434]"
-0.41756,51.47422,"[139435-]","[139435-]"
-0.41717,51.47044,"[139436-]","[139436-]"
-3.11667,51.02861,"[140448]","[140448]"
-3.12944,51.51014,"S","[140461]"
-3.13828,51.50308,"S","[1140461001]"
0.24628,51.45558,"[140531]","[140531]"
-3.54264,50.63750,"[140532]","[140532]"
-3.54331,50.64758,"[1140532001]","[1140532001]"
-3.54119,50.65631,"[1140532002]","[1140532002]"
-2.30419,52.82169,"[140567]","[140567]"
-2.29964,52.82492,"[1140567001]","[1140567001]"
-2.29611,52.82881,"[1140567002]","[1140567002]"
0.23711,51.42503,"[140568]","[140568]"
-1.48564,52.40642,"[140623]","[140623]"
-1.47986,52.40619,"[1140623001]","[1140623001]"
-1.47158,52.40725,"[1140623002]","[1140623002]"
-1.45875,52.40417,"[1140623003]","[1140623003]"
-1.44803,52.40264,"[1140623004]","[1140623004]"
-1.44800,52.40258,"[140624]","[140624]"
-1.45889,52.40408,"[1140624001]","[1140624001]"
-1.47161,52.40719,"[1140624002]","[1140624002]"
-1.47986,52.40614,"[1140624003]","[1140624003]"
-1.48542,52.40633,"[1140624004]","[1140624004]"
-1.44892,52.42831,"[140629]","[140629]"
-1.46156,52.43017,"[1140629001]","[1140629001]"
-1.46858,52.43306,"[1140629002]","[1140629002]"
-1.47333,52.43569,"[1140629003]","[1140629003]"
-1.47522,52.43969,"[1140629004]","[1140629004]"
-1.47514,52.43969,"[140630]","[140630]"
-1.47325,52.43572,"[1140630001]","[1140630001]"
-1.46856,52.43308,"[1140630002]","[1140630002]"
-1.46153,52.43019,"[1140630003]","[1140630003]"
-1.44894,52.42836,"[1140630004]","[1140630004]"
-0.39319,52.52175,"NE","[140753]"
-0.32392,52.53161,"NE","[1140753001]"
-0.32414,52.53142,"NE","[140754]"
-0.39314,52.52172,"NE","[1140754001]"
-0.22531,52.55181,"[140755]","[140755]"
-0.20789,52.54919,"[1140755001]","[1140755001]"
-0.20794,52.54917,"[140756]","[140756]"
-0.22536,52.55181,"[1140756001]","[1140756001]"
-0.18889,52.55022,"[140757]","[140757]"
-0.15328,52.56006,"[1140757001]","[1140757001]"
-0.11047,52.55719,"[140758]","[140758]"
-0.12228,52.55689,"[1140758001]","[1140758001]"
-0.12819,52.55792,"[1140758002]","[1140758002]"
-0.14319,52.56086,"[1140758003]","[1140758003]"
-3.01133,53.05497,"[140846]","[140846]"
-3.01108,53.05597,"[1140846001]","[1140846001]"
-2.99244,53.06964,"[1140846002]","[1140846002]"
-2.99236,53.06958,"[140847]","[140847]"
-3.01128,53.05478,"[1140847001]","[1140847001]"
-3.01022,53.05575,"[1140847002]","[1140847002]"
-4.36203,56.44033,"[141558]","[141558]"
-4.44117,56.41944,"[1141558002]","[1141558002]"
-4.52406,56.41300,"[1141558003]","[1141558003]"
-4.61081,56.39103,"[1141558004]","[1141558004]"
-4.70753,56.43383,"[141559]","[141559]"
-4.62769,56.39525,"[1141559002]","[1141559002]"
-3.83936,51.63317,"[141560]","[141560]"
-3.83878,51.63272,"[1141560001]","[1141560001]"
-3.81411,51.61808,"[1141560002]","[1141560002]"
-3.81172,51.61578,"[1141560003]","[1141560003]"
-3.80128,51.60544,"[1141560004]","[1141560004]"
-3.80122,51.60511,"[141561]","[141561]"
-3.80578,51.60997,"[1141561001]","[1141561001]"
-3.81322,51.61703,"[1141561002]","[1141561002]"
-3.81500,51.61875,"[1141561003]","[1141561003]"
-3.83783,51.63147,"[1141561004]","[1141561004]"
-4.89606,50.29803,"[142320]","[142320]"
-4.90547,50.29989,"[1142320001]","[1142320001]"
-4.90542,50.29994,"[142321]","[142321]"
-4.89603,50.29806,"[1142321001]","[1142321001]"
-0.82181,53.37675,"[142646]","[142646]"
-0.85444,53.36556,"[1142646001]","[1142646001]"
-0.86772,53.36297,"[1142646002]","[1142646002]"
-0.89978,53.34747,"[1142646003]","[1142646003]"
-0.89983,53.34750,"[142647]","[142647]"
-0.86781,53.36300,"[1142647001]","[1142647001]"
-0.85453,53.36567,"[1142647002]","[1142647002]"
-0.82183,53.37678,"[1142647003]","[1142647003]"
-4.12817,50.37058,"[143019]","[143019]"
-1.45447,52.92364,"[143175]","[143175]"
-1.43558,52.91861,"[1143175001]","[1143175001]"
-1.42728,52.91550,"[1143175002]","[1143175002]"
1.41081,51.34222,"[143528]","[143528]"
-1.69706,52.45417,"[143552-]","[143552-]"
-0.48906,52.15911,"[143567]","[143567]"
-0.49406,52.16042,"[1143567001]","[1143567001]"
-4.12664,50.37019,"[143632]","[143632]"
-1.49944,52.40167,"S","[143825]"
-1.49453,52.39372,"S","[1143825003]"
-1.49469,52.39344,"[143826]","[143826]"
-1.49947,52.40156,"[1143826002]","[1143826002]"
-1.48431,52.39036,"[143827]","[143827]"
-1.48828,52.39108,"[1143827001]","[1143827001]"
-1.49022,52.39164,"30 or 40 km/h (?)","[143828]"
-1.48422,52.39044,"30 or 40 km/h (?)","[1143828001]"
-1.24508,52.93758,"[143955]","[143955]"
-1.24183,52.93797,"[1143955001]","[1143955001]"
-1.23722,52.93794,"[1143955002]","[1143955002]"
-1.22897,52.93769,"[1143955003]","[1143955003]"
-1.22386,52.93808,"[1143955004]","[1143955004]"
-1.22033,52.93867,"[1143955005]","[1143955005]"
-1.22028,52.93856,"[143956]","[143956]"
-1.22386,52.93797,"[1143956001]","[1143956001]"
-1.22894,52.93761,"[1143956002]","[1143956002]"
-1.23728,52.93786,"[1143956003]","[1143956003]"
-1.24181,52.93789,"[1143956004]","[1143956004]"
-1.24503,52.93742,"[1143956005]","[1143956005]"
0.05561,51.49294,"bs","[143960]"
-1.13722,53.97697,"[143962]","[143962]"
-1.54347,53.74833,"[143963]","[143963]"
-2.74581,53.37075,"E","[143964]"
-2.98539,53.45997,"[143965]","[143965]"
-2.99611,53.47875,"bs","[143967]"
-0.24597,51.48972,"[143971]","[143971]"
-2.20389,52.98694,"bs","[143972]"
-1.59064,54.98850,"[143973]","[143973]"
-2.19317,53.45061,"[143974]","[143974]"
-0.11922,51.44378,"db","[143975]"
-1.04181,52.94194,"[143976]","[143976]"
-1.05222,52.94158,"[1143976001]","[1143976001]"
-0.08592,51.61806,"[144034]","[144034]"
-0.05986,51.65403,"[1144034001]","[1144034001]"
-0.05950,51.65700,"[1144034002]","[1144034002]"
-0.05689,51.66486,"[1144034003]","[1144034003]"
-0.05606,51.66689,"[1144034004]","[1144034004]"
-0.05378,51.67256,"[1144034005]","[1144034005]"
-0.05303,51.67450,"[1144034006]","[1144034006]"
-0.05136,51.67950,"[1144034007]","[1144034007]"
-0.05156,51.67822,"[144035]","[144035]"
-0.05286,51.67442,"[1144035001]","[1144035001]"
-0.05353,51.67261,"[1144035002]","[1144035002]"
-0.05633,51.66572,"[1144035003]","[1144035003]"
-0.05672,51.66478,"[1144035004]","[1144035004]"
-0.05806,51.66147,"[1144035005]","[1144035005]"
-0.05903,51.65839,"[1144035006]","[1144035006]"
-0.05956,51.65528,"[1144035007]","[1144035007]"
-0.08575,51.61797,"[1144035008]","[1144035008]"
0.48994,52.86719,"[144038]","[144038]"
0.49300,52.85844,"[1144038002]","[1144038002]"
0.49214,52.84306,"[1144038003]","[1144038003]"
0.48394,52.80108,"[1144038004]","[1144038004]"
0.48000,52.79414,"[1144038005]","[1144038005]"
0.47261,52.78103,"[1144038006]","[1144038006]"
0.47253,52.78103,"[144039]","[144039]"
0.47983,52.79417,"[1144039001]","[1144039001]"
0.48381,52.80111,"[1144039002]","[1144039002]"
0.49203,52.84306,"[1144039003]","[1144039003]"
0.49289,52.85844,"[1144039004]","[1144039004]"
0.48983,52.86725,"[1144039005]","[1144039005]"
0.48992,52.86719,"[1144039006]","[1144039006]"
-0.11783,51.51003,"[144060]","[144060]"
-0.11767,51.51006,"[144061]","[144061]"
-2.14800,54.98344,"[144604]","[144604]"
-2.18981,54.99169,"[1144604001]","[1144604001]"
-2.23489,54.97358,"[1144604002]","[1144604002]"
-2.28700,54.97094,"[1144604003]","[1144604003]"
-2.30078,54.97697,"[1144604004]","[1144604004]"
-2.30056,54.97700,"[144605]","[144605]"
-2.28697,54.97103,"[1144605001]","[1144605001]"
-2.23497,54.97364,"[1144605002]","[1144605002]"
-2.18986,54.99175,"[1144605003]","[1144605003]"
-2.14811,54.98350,"[1144605004]","[1144605004]"
-2.81244,54.90664,"W","[144606]"
-2.81606,54.90444,"W","[1144606001]"
-2.82717,54.90283,"W","[1144606002]"
-2.82733,54.90286,"[144607]","[144607]"
-2.81611,54.90450,"[1144607001]","[1144607001]"
-2.81250,54.90667,"[1144607002]","[1144607002]"
-2.83236,54.90175,"[144608]","[144608]"
-2.83903,54.90031,"[1144608001]","[1144608001]"
-2.83908,54.90036,"[144609]","[144609]"
-2.83242,54.90181,"[1144609001]","[1144609001]"
-0.45642,52.08544,"[144692]","[144692]"
-0.45008,52.07514,"[1144692001]","[1144692001]"
-0.45003,52.07514,"[144693]","[144693]"
-0.45639,52.08547,"[1144693001]","[1144693001]"
0.45172,51.30294,"[144733]","[144733]"
0.39875,51.31042,"[144735]","[144735]"
-1.73642,53.81089,"[144764]","[144764]"
-1.52347,52.46872,"[144959]","[144959]"
1.15606,51.08581,"[144960]","[144960]"
-0.25172,52.34939,"[144961]","[144961]"
-0.25150,52.34942,"[144962]","[144962]"
-1.61400,52.46753,"[144963]","[144963]"
-1.65256,52.47028,"[144964]","[144964]"
-1.44528,52.44161,"[144965]","[144965]"
-1.46906,52.45189,"[144966]","[144966]"
0.82508,51.04281,"[144967]","[144967]"
0.81589,51.03361,"[144968-]","[144968-]"
0.79433,51.00786,"[144969]","[144969]"
-4.41492,55.85839,"[144974]","[144974]"
0.74122,52.36725,"[144991]","[144991]"
0.73850,52.34944,"[1144991001]","[1144991001]"
0.73167,52.32775,"[1144991002]","[1144991002]"
0.72636,52.31469,"[1144991003]","[1144991003]"
0.72631,52.31469,"[144992]","[144992]"
0.73172,52.32800,"[1144992001]","[1144992001]"
0.73853,52.34944,"[1144992002]","[1144992002]"
0.74117,52.36722,"[1144992004]","[1144992004]"
-2.09378,52.45839,"[144995]","[144995]"
-2.08633,52.45967,"[1144995001]","[1144995001]"
-2.07825,52.45703,"[1144995002]","[1144995002]"
-2.07828,52.45700,"[144996]","[144996]"
-2.08639,52.45964,"[1144996001]","[1144996001]"
-2.09378,52.45833,"[1144996002]","[1144996002]"
0.03692,52.25131,"[144997]","[144997]"
0.04014,52.24944,"[144998]","[144998]"
-4.78072,55.32842,"[145007]","[145007]"
-4.82314,55.31039,"[1145007001]","[1145007001]"
-4.66786,55.36000,"[145008]","[145008]"
-4.64336,55.38797,"[1145008001]","[1145008001]"
-4.64325,55.38792,"[145009]","[145009]"
-4.66781,55.35994,"[1145009001]","[1145009001]"
-5.88747,54.52011,"[145019]","[145019]"
-5.89536,54.52958,"[1145019001]","[1145019001]"
-5.89739,54.53761,"[1145019002]","[1145019002]"
-5.90369,54.54544,"[1145019003]","[1145019003]"
-5.90358,54.54547,"[145020]","[145020]"
-5.89731,54.53764,"[1145020001]","[1145020001]"
-5.89572,54.53183,"[1145020002]","[1145020002]"
-5.88736,54.52081,"[1145020003]","[1145020003]"
-2.05394,52.56708,"[145021]","[145021]"
-2.05075,52.56175,"[1145021001]","[1145021001]"
-2.05092,52.56172,"[145022]","[145022]"
-2.05419,52.56794,"[1145022001]","[1145022001]"
-0.44689,52.14542,"[145026]","[145026]"
-0.45425,52.14694,"[1145026001]","[1145026001]"
-0.45425,52.14697,"[145027]","[145027]"
-0.44686,52.14544,"[1145027001]","[1145027001]"
-0.45247,52.14981,"[145028]","[145028]"
-0.44008,52.15786,"[1145028001]","[1145028001]"
-0.44003,52.15786,"[145029]","[145029]"
-0.45236,52.14978,"[1145029001]","[1145029001]"
-0.42714,52.15003,"[145030]","[145030]"
-0.42206,52.15008,"[1145030001]","[1145030001]"
-0.42200,52.15008,"[145031]","[145031]"
-0.42708,52.15000,"[1145031001]","[1145031001]"
-1.67447,52.47486,"[145033]","[145033]"
-1.55794,52.47125,"[145034]","[145034]"
-1.50875,52.46661,"[145035]","[145035]"
-4.62772,56.39528,"[145080]","[145080]"
-4.70756,56.43383,"[1145080001]","[1145080001]"
-4.61075,56.39106,"[145081]","[145081]"
-4.52425,56.41303,"[1145081001]","[1145081001]"
-4.44128,56.41947,"[1145081002]","[1145081002]"
-4.36211,56.44039,"[1145081003]","[1145081003]"
-0.16333,52.29358,"[145597]","[145597]"
-0.49961,52.10875,"[145672]","[145672]"
-0.50242,52.10558,"[1145672001]","[1145672001]"
-0.50239,52.10558,"[145673]","[145673]"
-0.49953,52.10878,"[1145673001]","[1145673001]"
-0.22836,52.30161,"[149428]","[149428]"
-0.22847,52.30147,"[149429]","[149429]"
-0.18747,52.29744,"[149430]","[149430]"
-0.09756,52.29175,"[149431]","[149431]"
-0.07767,52.28969,"[149432]","[149432]"
-0.38586,52.13156,"[149483]","[149483]"
-0.37264,52.13406,"[1149483001]","[1149483001]"
-0.37272,52.13397,"[149485]","[149485]"
-0.38561,52.13156,"[1149485001]","[1149485001]"
-0.60244,52.19131,"[149488-]","[149488-]"
-0.60525,52.18650,"[1149488001-]","[1149488001-]"
-0.60519,52.18650,"[149489]","[149489]"
-0.60239,52.19133,"[1149489001]","[1149489001]"
-0.41006,53.73558,"[149503]","[149503]"
-1.42989,52.91600,"[150204]","[150204]"
-1.43642,52.91878,"[1150204001]","[1150204001]"
-1.43697,52.91872,"[1150204002]","[1150204002]"
-1.45181,52.92281,"[1150204003]","[1150204003]"
-2.19711,53.18536,"[150479]","[150479]"
-2.19342,53.18939,"[1150479001]","[1150479001]"
-2.18897,53.19192,"[1150479002]","[1150479002]"
-1.54114,53.69492,"[150653]","[150653]"
-3.16583,54.82908,"pair of SpeedCurb cameras, removed (?)","[151168-]"
-0.13678,51.14542,"[151786]","[151786]"
-0.12672,51.18578,"[151787]","[151787]"
-0.12436,51.21236,"[151788]","[151788]"
-0.12453,51.21244,"[151789]","[151789]"
-0.11792,51.23608,"[151790]","[151790]"
-0.11719,51.24308,"[151791]","[151791]"
-0.12650,51.19128,"[151792]","[151792]"
-2.18344,52.49511,"[151793]","[151793]"
-0.42475,51.47011,"[151799]","[151799]"
0.39164,51.30917,"[151809]","[151809]"
-0.93200,52.20636,"[151813]","[151813]"
-0.93208,52.20619,"[151814]","[151814]"
-2.10928,54.98406,"[151982]","[151982]"
-3.33844,51.51914,"[151983]","[151983]"
-3.34958,51.52075,"[1151983001]","[1151983001]"
-3.34931,51.52075,"[151984]","[151984]"
-3.33847,51.51914,"[1151984001]","[1151984001]"
-0.51197,51.37439,"[151985]","[151985]"
-0.52317,51.37206,"[1151985001]","[1151985001]"
-0.52394,51.37211,"[151986]","[151986]"
-0.51236,51.37442,"[1151986001]","[1151986001]"
-2.97172,55.00833,"[151989]","[151989]"
-0.46683,52.13850,"[151990]","[151990]"
-0.46675,52.13694,"[1151990001]","[1151990001]"
-0.46622,52.13511,"[1151990002]","[1151990002]"
-2.54028,53.43011,"[151994]","[151994]"
-0.46731,52.11517,"[151995]","[151995]"
-0.46494,52.10697,"[1151995001]","[1151995001]"
-1.32767,53.15381,"[151996]","[151996]"
-2.47686,53.43739,"[151999]","[151999]"
-2.51508,53.43381,"[152000]","[152000]"
-2.40381,53.46986,"[152001]","[152001]"
-0.38839,52.20933,"[152081]","[152081]"
-0.37922,52.21519,"[1152081001]","[1152081001]"
-0.37700,52.22003,"[1152081002]","[1152081002]"
-0.37697,52.22006,"[152082]","[152082]"
-0.37922,52.21519,"[1152082001]","[1152082001]"
-0.38839,52.20933,"[1152082002]","[1152082002]"
-0.52211,52.09272,"[152083]","[152083]"
-0.53011,52.09417,"[1152083001]","[1152083001]"
-0.53014,52.09417,"[152084]","[152084]"
-0.52211,52.09272,"[1152084001]","[1152084001]"
-0.49564,52.12717,"[152085]","[152085]"
-0.48617,52.12447,"[1152085001]","[1152085001]"
-0.48614,52.12447,"[152086]","[152086]"
-0.49564,52.12717,"[1152086001]","[1152086001]"
-0.70694,53.56433,"[152295-]","[152295-]"
-0.70311,53.57033,"[1152295001-]","[1152295001-]"
-1.60019,53.79347,"[152297]","[152297]"
-1.60531,53.79303,"[152298]","[152298]"
0.41889,52.69931,"[153796]","[153796]"
-1.48450,52.45683,"Ab März 2021","[155005]"
-1.48508,52.45422,"Ab März 2021","[1155005002]"
-1.48769,52.44536,"Ab März 2021","[1155005003]"
-1.49167,52.43944,"Ab März 2021","[1155005004]"
-1.49306,52.43722,"Ab März 2021","[1155005005]"
-1.49361,52.43669,"[155006]","[155006]"
-1.49175,52.43947,"[1155006001]","[1155006001]"
-1.48772,52.44542,"[1155006002]","[1155006002]"
-1.48517,52.45425,"[1155006003]","[1155006003]"
-1.48453,52.45683,"[1155006004]","[1155006004]"
-1.48328,52.43136,"[155007]","[155007]"
-1.48100,52.43281,"[1155007001]","[1155007001]"
-1.47703,52.43539,"[1155007002]","[1155007002]"
-1.47700,52.43536,"[155008]","[155008]"
-1.48100,52.43281,"[1155008002]","[1155008002]"
-1.48331,52.43139,"[1155008003]","[1155008003]"
-1.50692,52.43478,"[155009]","[155009]"
-1.51664,52.43503,"[1155009001]","[1155009001]"
-1.52386,52.43544,"[1155009002]","[1155009002]"
-1.53100,52.43572,"[1155009003]","[1155009003]"
-1.53100,52.43575,"[155010]","[155010]"
-1.52389,52.43544,"[1155010001]","[1155010001]"
-1.51669,52.43503,"[1155010002]","[1155010002]"
-1.50692,52.43478,"[1155010003]","[1155010003]"
0.25914,51.11636,"[155184]","[155184]"
-0.76617,53.13319,"[155188]","[155188]"
-0.42389,51.47619,"[155194]","[155194]"
-0.48356,51.89169,"[155196]","[155196]"
-0.47628,51.89272,"[1155196001]","[1155196001]"
-0.47272,51.89331,"[1155196002]","[1155196002]"
-0.47261,51.89317,"[155197]","[155197]"
-0.47694,51.89261,"[1155197001]","[1155197001]"
-0.48389,51.89150,"[1155197002]","[1155197002]"
-0.52872,52.14633,"[155198]","[155198]"
-0.52108,52.15303,"[1155198001]","[1155198001]"
-0.52108,52.15300,"[155199]","[155199]"
-0.52872,52.14633,"[1155199001]","[1155199001]"
-0.10850,52.97539,"[155200]","[155200]"
-0.11325,52.97569,"[1155200001]","[1155200001]"
-0.11325,52.97569,"[155201]","[155201]"
-0.10856,52.97536,"[1155201001]","[1155201001]"
-4.54083,50.45625,"[155430]","[155430]"
-4.55794,50.45544,"[1155430001]","[1155430001]"
-4.59378,50.45831,"[1155430002]","[1155430002]"
-4.62711,50.45636,"[1155430003]","[1155430003]"
-4.66350,50.44914,"[1155430004]","[1155430004]"
-4.68386,50.45767,"[1155430005]","[1155430005]"
-4.68597,50.45808,"[155431]","[155431]"
-4.66350,50.44919,"[1155431001]","[1155431001]"
-4.62717,50.45642,"[1155431002]","[1155431002]"
-4.59378,50.45836,"[1155431003]","[1155431003]"
-4.55800,50.45550,"[1155431004]","[1155431004]"
-4.54083,50.45631,"[1155431005]","[1155431005]"
-2.90819,51.60211,"Entire M4 EB and WB between Junctions 24 and 28 is currently having work be done to replace the Variable speed limit system with a permanent 50mph limit enforced by average cameras","[155434]"
-2.92194,51.60158,"Entire M4 EB and WB between Junctions 24 and 28 is currently having work be done to replace the Variable speed limit system with a permanent 50mph limit enforced by average cameras","[1155434001]"
-2.92997,51.60128,"Entire M4 EB and WB between Junctions 24 and 28 is currently having work be done to replace the Variable speed limit system with a permanent 50mph limit enforced by average cameras","[1155434002]"
-3.03361,51.58617,"Entire M4 EB and WB between Junctions 24 and 28 is currently having work be done to replace the Variable speed limit system with a permanent 50mph limit enforced by average cameras","[1155434003]"
-3.03317,51.57203,"Entire M4 EB and WB between Junctions 24 and 28 is currently having work be done to replace the Variable speed limit system with a permanent 50mph limit enforced by average cameras","[1155434004]"
-3.03414,51.56989,"Entire M4 EB and WB between Junctions 24 and 28 is currently having work be done to replace the Variable speed limit system with a permanent 50mph limit enforced by average cameras","[155435]"
-3.03394,51.57114,"Entire M4 EB and WB between Junctions 24 and 28 is currently having work be done to replace the Variable speed limit system with a permanent 50mph limit enforced by average cameras","[1155435001]"
-3.03661,51.58286,"Entire M4 EB and WB between Junctions 24 and 28 is currently having work be done to replace the Variable speed limit system with a permanent 50mph limit enforced by average cameras","[1155435002]"
-3.03350,51.58697,"Entire M4 EB and WB between Junctions 24 and 28 is currently having work be done to replace the Variable speed limit system with a permanent 50mph limit enforced by average cameras","[1155435003]"
-2.97400,51.60131,"Entire M4 EB and WB between Junctions 24 and 28 is currently having work be done to replace the Variable speed limit system with a permanent 50mph limit enforced by average cameras","[1155435004]"
-3.33467,51.61067,"S","[155436]"
-3.33828,51.60611,"S","[1155436001]"
-3.33836,51.60614,"N","[155437]"
-3.33469,51.61069,"N","[1155437001]"
-3.43742,51.58317,"[155438]","[155438]"
-3.44414,51.58203,"[1155438001]","[1155438001]"
-3.44419,51.58200,"[155439]","[155439]"
-3.43739,51.58325,"[1155439001]","[1155439001]"
-2.18894,53.19194,"[155441]","[155441]"
-2.19339,53.18939,"[1155441001]","[1155441001]"
-2.19706,53.18536,"[1155441002]","[1155441002]"
-2.03486,52.55619,"[155444]","[155444]"
-2.04611,52.56017,"[1155444001]","[1155444001]"
-2.04606,52.56022,"[155445]","[155445]"
-2.03486,52.55639,"[1155445001]","[1155445001]"
-2.15403,52.80711,"[155597]","[155597]"
-2.16200,52.85642,"[155598]","[155598]"
-2.20006,52.91731,"[155599]","[155599]"
-2.21772,52.94822,"[155600]","[155600]"
-1.49175,52.43786,"[155604]","[155604]"
-1.48725,52.43686,"[1155604001]","[1155604001]"
-1.47581,52.43681,"[1155604002]","[1155604002]"
-1.47583,52.43681,"[155605]","[155605]"
-1.48717,52.43689,"[1155605001]","[1155605001]"
-1.49181,52.43781,"[1155605002]","[1155605002]"
-0.71622,51.22667,"[155964]","[155964]"
-0.69742,51.22686,"[1155964001]","[1155964001]"
-0.66314,51.22700,"[1155964002]","[1155964002]"
-0.62606,51.22808,"[1155964003]","[1155964003]"
-1.27814,53.54122,"[156075]","[156075]"
-1.27100,53.54250,"[1156075001]","[1156075001]"
-1.22025,53.54097,"[156076]","[156076]"
-1.22931,53.54081,"[1156076001]","[1156076001]"
-2.64619,50.94575,"[156390]","[156390]"
-2.64697,50.94575,"[156391]","[156391]"
-0.88278,50.84586,"[156881]","[156881]"
0.07603,51.43200,"[156882]","[156882]"
-3.57281,51.50078,"[156892]","[156892]"
-2.10114,52.70614,"[156893]","[156893]"
-0.12875,51.38858,"[156895]","[156895]"
-0.18831,52.96978,"[156896-]","[156896-]"
-0.09778,51.35725,"[156897]","[156897]"
-1.36647,53.01097,"bs","[156898]"
-1.70264,52.46042,"[156899-]","[156899-]"
-3.38208,51.68439,"[156985]","[156985]"
-3.38797,51.68575,"[1156985001]","[1156985001]"
-3.38803,51.68583,"[156986]","[156986]"
-3.38200,51.68442,"[1156986001]","[1156986001]"
-1.24475,52.95744,"[156987]","[156987]"
-1.23889,52.96564,"[1156987001]","[1156987001]"
-1.23875,52.96567,"[156988]","[156988]"
-1.24508,52.95683,"[1156988001]","[1156988001]"
-0.81103,51.45017,"[157142]","[157142]"
-0.10831,51.51111,"[157143]","[157143]"
-0.92525,51.42069,"[157171]","[157171]"
-0.92514,51.42056,"[157172]","[157172]"
-2.43644,53.57197,"[157247]","[157247]"
-1.95836,52.57169,"[157253]","[157253]"
-1.94481,52.56306,"[1157253002]","[1157253002]"
-1.93717,52.55822,"[1157253003]","[1157253003]"
-1.93750,52.55828,"[157254]","[157254]"
-1.94503,52.56306,"[1157254002]","[1157254002]"
-1.95836,52.57164,"[1157254003]","[1157254003]"
-1.96028,52.58019,"[157255]","[157255]"
-1.96481,52.58550,"[1157255001]","[1157255001]"
-1.97153,52.58800,"[1157255002]","[1157255002]"
-1.97153,52.58797,"[157256]","[157256]"
-1.96478,52.58547,"[1157256001]","[1157256001]"
-1.96025,52.58019,"[1157256002]","[1157256002]"
-2.42850,53.45131,"[157257]","[157257]"
-2.42869,53.45142,"[157258]","[157258]"
-1.96367,52.57372,"[157259]","[157259]"
-1.97297,52.57928,"[1157259001]","[1157259001]"
-1.97297,52.57928,"[157260]","[157260]"
-1.96367,52.57375,"[1157260001]","[1157260001]"
-3.56797,53.02747,"[157549]","[157549]"
-3.61864,53.03881,"[1157549001]","[1157549001]"
-3.66817,53.04869,"[1157549002]","[1157549002]"
-3.66817,53.04869,"[157550]","[157550]"
-3.61869,53.03892,"[1157550001]","[1157550001]"
-3.56803,53.02750,"[1157550002]","[1157550002]"
-0.46600,51.47994,"[157702-]","[157702-]"
-0.45292,51.47086,"[157957-]","[157957-]"
-2.83203,53.68636,"[157971]","[157971]"
-4.81425,55.94139,"BS","[158131]"
-1.17408,52.95144,"[158588]","[158588]"
-1.16433,52.95517,"[1158588001]","[1158588001]"
-1.16433,52.95517,"[158649]","[158649]"
-1.17417,52.95133,"[1158649001]","[1158649001]"
-3.55394,53.03117,"[158846]","[158846]"
-3.54831,53.05950,"[1158846001]","[1158846001]"
-3.54797,53.07381,"[1158846002]","[1158846002]"
-3.55503,53.10347,"[1158846003]","[1158846003]"
-3.55686,53.11956,"[1158846004]","[1158846004]"
-3.55692,53.11958,"[158847]","[158847]"
-3.55503,53.10347,"[1158847001]","[1158847001]"
-3.54800,53.07383,"[1158847002]","[1158847002]"
-3.54831,53.05944,"[1158847003]","[1158847003]"
-3.55386,53.03122,"[1158847004]","[1158847004]"
-2.15378,52.80458,"[158849]","[158849]"
-0.73314,52.07450,"[158850]","[158850]"
-2.17247,52.88961,"[158887]","[158887]"
-2.73361,52.23136,"[158889]","[158889]"
-2.73300,52.23150,"[158890]","[158890]"
-2.14661,52.79128,"[158927]","[158927]"
-2.14689,52.79122,"[158928]","[158928]"
-2.07294,54.51086,"[158930-]","[158930-]"
-2.11972,54.50614,"[1158930001-]","[1158930001-]"
-0.15333,52.55997,"[159006-]","[159006-]"
-0.18886,52.55017,"[1159006001-]","[1159006001-]"
-0.14319,52.56092,"[159007]","[159007]"
-0.12819,52.55797,"[1159007001]","[1159007001]"
-0.12222,52.55697,"[1159007002]","[1159007002]"
-0.11044,52.55722,"[1159007003]","[1159007003]"
-2.22961,52.28161,"[159554]","[159554]"
-2.22997,52.29050,"[1159554001]","[1159554001]"
-2.23322,52.31367,"[1159554002]","[1159554002]"
-2.22681,52.33814,"[1159554003]","[1159554003]"
-0.49133,51.46294,"[159557-]","[159557-]"
1.32728,51.37828,"[159565]","[159565]"
-0.26667,51.48769,"O","[159566]"
-0.46356,51.48092,"[159888]","[159888]"
-0.98186,51.41564,"[160189]","[160189]"
-0.76933,51.57989,"[160302]","[160302]"
0.05978,52.99131,"[161815]","[161815]"
0.03708,52.98553,"[1161815001]","[1161815001]"
0.03706,52.98558,"[161816]","[161816]"
0.05972,52.99133,"[1161816001]","[1161816001]"
-2.22672,52.33831,"[162172-]","[162172-]"
-2.23214,52.32331,"[1162172001-]","[1162172001-]"
-2.23428,52.31500,"[1162172002-]","[1162172002-]"
-2.23294,52.31353,"[1162172003-]","[1162172003-]"
-2.22728,52.29492,"[1162172004-]","[1162172004-]"
-2.22939,52.28156,"[1162172005-]","[1162172005-]"
-1.68417,53.50078,"[162249]","[162249]"
-1.67789,53.50067,"[1162249001]","[1162249001]"
-1.47353,53.47914,"[162250]","[162250]"
-1.48786,53.48622,"[1162250001]","[1162250001]"
-1.48781,53.48625,"[162251]","[162251]"
-1.47350,53.47919,"[1162251001]","[1162251001]"
-1.67789,53.50058,"[162252]","[162252]"
-1.68464,53.50075,"[1162252001]","[1162252001]"
-1.67756,53.50069,"[162255]","[162255]"
-1.64619,53.49464,"[1162255001]","[1162255001]"
-1.64622,53.49461,"[162256]","[162256]"
-1.67756,53.50064,"[1162256001]","[1162256001]"
-1.64214,53.49428,"[162257]","[162257]"
-1.62164,53.49194,"[1162257001]","[1162257001]"
-1.62167,53.49192,"[162258]","[162258]"
-1.64222,53.49422,"[1162258001]","[1162258001]"
-4.36347,55.80714,"[162355]","[162355]"
-4.35547,55.80750,"[1162355001]","[1162355001]"
-4.35075,55.80769,"[1162355002]","[1162355002]"
-4.35075,55.80769,"[162356]","[162356]"
-4.35550,55.80750,"[1162356001]","[1162356001]"
-4.36347,55.80714,"[1162356002]","[1162356002]"
-0.25844,53.63992,"[162357]","[162357]"
-0.25803,53.63933,"[162358]","[162358]"
-2.80408,53.59786,"[162590]","[162590]"
-2.80483,53.59761,"[162591]","[162591]"
-4.20928,55.89747,"[162592]","[162592]"
-4.21572,55.89786,"[1162592001]","[1162592001]"
-4.22558,55.89683,"[1162592002]","[1162592002]"
-4.22561,55.89686,"[162593]","[162593]"
-4.21567,55.89786,"[1162593001]","[1162593001]"
-4.20931,55.89744,"[1162593002]","[1162593002]"
-2.01839,52.48792,"[162594]","[162594]"
-2.01161,52.47981,"[1162594001]","[1162594001]"
-1.99853,52.47197,"[1162594002]","[1162594002]"
-1.99864,52.47192,"[162595]","[162595]"
-2.01306,52.48092,"[1162595001]","[1162595001]"
-2.01864,52.48800,"[1162595002]","[1162595002]"
-2.49633,53.64383,"[162596]","[162596]"
-2.49461,53.63981,"[1162596001]","[1162596001]"
-2.49356,53.63775,"[1162596002]","[1162596002]"
-2.48736,53.63439,"[1162596003]","[1162596003]"
-2.48739,53.63439,"[162597]","[162597]"
-2.49356,53.63775,"[1162597001]","[1162597001]"
-2.49464,53.63983,"[1162597002]","[1162597002]"
-2.49639,53.64383,"[1162597003]","[1162597003]"
-1.79008,52.68950,"[162598]","[162598]"
-1.78183,52.69864,"[1162598001]","[1162598001]"
-1.75708,52.71842,"[1162598002]","[1162598002]"
-1.78142,52.69900,"[1162598003]","[1162598003]"
-1.77786,52.70161,"[162599-]","[162599-]"
-1.78961,52.69006,"[1162599003-]","[1162599003-]"
-0.08600,51.61067,"[163739]","[163739]"
-0.87019,51.42464,"[164019]","[164019]"
-0.64667,52.03850,"[164059]","[164059]"
-0.64683,52.03842,"[164060]","[164060]"
0.31158,52.09592,"[164328]","[164328]"
0.32675,52.09997,"[1164328001]","[1164328001]"
0.32678,52.09986,"[164329]","[164329]"
0.31153,52.09578,"[1164329001]","[1164329001]"
0.33058,52.10139,"[164330]","[164330]"
0.37092,52.09436,"[1164330001]","[1164330001]"
0.37089,52.09433,"[164331]","[164331]"
0.33064,52.10131,"[1164331001]","[1164331001]"
1.20256,52.65897,"NW","[164937]"
1.19939,52.66061,"SE","[164938]"
-0.42606,51.47147,"[165061]","[165061]"
-3.01825,53.62931,"[165063]","[165063]"
-0.08881,52.30211,"ehemalige SC, nun evtl. nur Speed","[165064]"
-0.08561,52.30153,"ehemalige SC, nun evtl. nur Speed","[165065]"
-0.71169,52.06386,"[165067]","[165067]"
-0.46497,52.10697,"[165068]","[165068]"
-0.46733,52.11517,"[1165068001]","[1165068001]"
-1.50969,52.41478,"[165311]","[165311]"
-1.50881,52.41647,"[1165311001]","[1165311001]"
-1.50783,52.41822,"[1165311002]","[1165311002]"
-1.50525,52.42178,"[1165311003]","[1165311003]"
-1.50136,52.42606,"[1165311004]","[1165311004]"
-1.49761,52.43089,"[1165311005]","[1165311005]"
-1.49481,52.43492,"[1165311006]","[1165311006]"
-1.49469,52.43492,"[165312]","[165312]"
-1.49622,52.43275,"[1165312001]","[1165312001]"
-1.49769,52.43064,"[1165312002]","[1165312002]"
-1.49950,52.42828,"[1165312003]","[1165312003]"
-1.50133,52.42600,"[1165312004]","[1165312004]"
-1.50536,52.42158,"[1165312005]","[1165312005]"
-1.50756,52.41856,"[1165312006]","[1165312006]"
-1.50886,52.41664,"[1165312007]","[1165312007]"
-1.50958,52.41486,"[1165312008]","[1165312008]"
-0.76858,51.47361,"[165459]","[165459]"
-0.76836,51.47358,"[165460]","[165460]"
-0.12417,51.60675,"[165462]","[165462]"
-0.33194,52.12922,"[165463]","[165463]"
-2.16142,52.85542,"[165464]","[165464]"
-3.79722,56.00122,"[165465]","[165465]"
-1.04300,51.42781,"[165466]","[165466]"
-0.75903,51.48378,"[165467]","[165467]"
-1.02139,51.42167,"[165468]","[165468]"
-1.02144,51.42153,"[165469]","[165469]"
-0.82828,51.44267,"[165474]","[165474]"
-0.58114,51.49144,"[165475]","[165475]"
-4.58433,55.47169,"[165478]","[165478]"
-4.59444,55.45675,"[1165478001]","[1165478001]"
-4.59447,55.45675,"[165479]","[165479]"
-4.58422,55.47178,"[1165479001]","[1165479001]"
-4.59564,55.45425,"[165480]","[165480]"
-4.60147,55.44053,"[1165480001]","[1165480001]"
-4.60147,55.44056,"[165481]","[165481]"
-4.59569,55.45428,"[1165481001]","[1165481001]"
-1.62086,53.74556,"[165484]","[165484]"
-1.61306,53.74747,"[1165484001]","[1165484001]"
-1.61294,53.74753,"[165487]","[165487]"
-1.62075,53.74561,"[1165487001]","[1165487001]"
-1.12475,53.77553,"[165488]","[165488]"
-2.94486,53.13006,"[165489]","[165489]"
-2.93556,53.15386,"[165490]","[165490]"
-2.92528,53.16947,"[165491]","[165491]"
-1.60186,51.03967,"[165492]","[165492]"
-1.63506,51.04242,"[165493]","[165493]"
-1.51975,53.79817,"[165494]","[165494]"
-1.51869,53.79794,"[165495]","[165495]"
-2.14628,53.24558,"[165496]","[165496]"
-2.15078,53.24189,"[1165496001]","[1165496001]"
-2.15297,53.24042,"[1165496002]","[1165496002]"
-2.15928,53.23617,"[165497]","[165497]"
-2.16464,53.23417,"[1165497001]","[1165497001]"
-2.18578,53.20928,"[1165497002]","[1165497002]"
-2.15314,53.24047,"[165501]","[165501]"
-2.15078,53.24186,"[1165501001]","[1165501001]"
-2.14633,53.24561,"[1165501002]","[1165501002]"
-2.18586,53.20933,"[165502]","[165502]"
-2.17239,53.22269,"[1165502001]","[1165502001]"
-2.17111,53.22881,"[1165502002]","[1165502002]"
-2.16472,53.23411,"[1165502003]","[1165502003]"
-2.15917,53.23622,"[1165502004]","[1165502004]"
-4.75194,55.94417,"[165675]","[165675]"
-4.32781,55.85167,"[166350-]","[166350-]"
-4.35072,55.86058,"[1166350002-]","[1166350002-]"
-4.38247,55.86464,"[1166350003-]","[1166350003-]"
-4.38986,55.86331,"[166351-]","[166351-]"
-4.35367,55.86278,"[1166351001-]","[1166351001-]"
-4.33119,55.85236,"[1166351002-]","[1166351002-]"
-4.66503,55.92439,"BS","[166529]"
0.35833,51.56589,"[166546]","[166546]"
0.36828,51.54792,"[1166546001]","[1166546001]"
0.37514,51.53539,"[1166546002]","[1166546002]"
0.38136,51.51633,"[1166546003]","[1166546003]"
0.38147,51.50897,"[1166546004]","[1166546004]"
0.38147,51.50892,"[166547]","[166547]"
0.38111,51.51650,"[1166547001]","[1166547001]"
0.37506,51.53536,"[1166547002]","[1166547002]"
0.36819,51.54792,"[1166547003]","[1166547003]"
0.35842,51.56592,"[1166547004]","[1166547004]"
-2.96903,51.57681,"[166553]","[166553]"
-0.95117,51.41400,"[166581]","[166581]"
-4.36397,55.83531,"[166601]","[166601]"
-3.87372,51.62147,"[166688]","[166688]"
-3.87272,51.62156,"[166689]","[166689]"
-1.38086,50.94933,"[166828]","[166828]"
-1.38078,50.94917,"[166829]","[166829]"
-1.33883,50.93550,"[166830]","[166830]"
-1.34006,50.93528,"[166831]","[166831]"
-1.31806,50.90808,"[166832]","[166832]"
-1.31853,50.91003,"[166833]","[166833]"
-1.27119,50.87803,"[166834]","[166834]"
-1.28281,50.88122,"[166835]","[166835]"
-1.17947,50.86619,"[166836]","[166836]"
-1.16617,50.86239,"[166837]","[166837]"
-2.59417,53.73658,"[166977]","[166977]"
-2.59392,53.73650,"[166978]","[166978]"
-2.91450,53.62394,"[166979]","[166979]"
-2.91478,53.62381,"[166980]","[166980]"
0.10164,51.27492,"[166981]","[166981]"
0.12644,51.27800,"[1166981001]","[1166981001]"
0.12647,51.27800,"[166982]","[166982]"
0.10167,51.27492,"[1166982001]","[1166982001]"
-4.49636,55.37269,"[166983]","[166983]"
-4.49756,55.37653,"[1166983001]","[1166983001]"
-4.49750,55.37658,"[166984]","[166984]"
-4.49631,55.37267,"[1166984001]","[1166984001]"
-3.38961,51.52700,"[166985]","[166985]"
-3.39136,51.52986,"[1166985001]","[1166985001]"
-3.39131,51.52989,"[166986]","[166986]"
-3.38958,51.52703,"[1166986001]","[1166986001]"
-2.22289,51.73767,"[166987]","[166987]"
-2.98486,51.60472,"[166988]","[166988]"
-2.98486,51.60467,"[166989]","[166989]"
-0.05611,51.51439,"[166990]","[166990]"
-4.31997,55.89828,"[166991]","[166991]"
-4.31028,55.88478,"[166992]","[166992]"
-4.11694,50.38300,"[167017]","[167017]"
-4.11567,50.38372,"[1167017001]","[1167017001]"
-4.10697,50.38386,"[1167017003]","[1167017003]"
-4.10389,50.38492,"[1167017004]","[1167017004]"
-4.10142,50.38453,"[1167017005]","[1167017005]"
-4.10136,50.38450,"[167018]","[167018]"
-4.10383,50.38497,"[1167018001]","[1167018001]"
-4.10700,50.38386,"[1167018002]","[1167018002]"
-4.11683,50.38308,"[1167018003]","[1167018003]"
-1.34294,52.82394,"[167028]","[167028]"
-1.35372,52.82500,"[1167028001]","[1167028001]"
-1.35372,52.82497,"[167030]","[167030]"
-1.34294,52.82392,"[1167030001]","[1167030001]"
-1.21858,50.86753,"[167039]","[167039]"
-3.87872,51.62050,"[167040]","[167040]"
-3.87753,51.62050,"[167041]","[167041]"
-0.25408,51.46775,"[167065]","[167065]"
-0.25425,51.46803,"[167066]","[167066]"
-0.89322,53.23275,"[167067]","[167067]"
-1.10614,52.98125,"[167068]","[167068]"
-1.34856,53.43200,"[167069]","[167069]"
-0.46414,51.45786,"[167071-]","[167071-]"
-2.82100,54.19600,"[167154]","[167154]"
-2.82128,54.19583,"[167155]","[167155]"
-3.11100,51.01322,"[167157]","[167157]"
-3.91867,51.67244,"[167158]","[167158]"
-5.08156,50.15444,"[167159]","[167159]"
-1.20953,50.86772,"[167264]","[167264]"
-1.27075,53.54250,"[167338]","[167338]"
-1.26119,53.54247,"[1167338001]","[1167338001]"
-1.23458,53.54025,"[1167338002]","[1167338002]"
-1.22931,53.54086,"[167339]","[167339]"
-1.22014,53.54106,"[1167339001]","[1167339001]"
-1.23456,53.54019,"[167340]","[167340]"
-1.26119,53.54242,"[1167340001]","[1167340001]"
-1.27069,53.54244,"[1167340002]","[1167340002]"
-1.27103,53.54247,"[167341]","[167341]"
-1.27797,53.54128,"[1167341001]","[1167341001]"
-2.97842,51.57633,"[167619]","[167619]"
0.99961,52.19078,"[167795]","[167795]"
0.99942,52.19067,"[167796]","[167796]"
0.31297,51.21675,"[167976]","[167976]"
-0.79289,52.11253,"[169529]","[169529]"
-0.79275,52.11267,"[169530]","[169530]"
-0.43506,51.49400,"[169531]","[169531]"
1.28039,52.65067,"[169532]","[169532]"
-3.79822,51.59336,"[169533]","[169533]"
-3.79767,51.59336,"[169534]","[169534]"
-3.79803,51.59378,"[169535]","[169535]"
-0.51600,51.49311,"[169537]","[169537]"
-0.51592,51.49297,"[169538]","[169538]"
-1.23928,52.81033,"[169542]","[169542]"
-1.18300,52.81408,"[1169542001]","[1169542001]"
-1.16686,52.81508,"[1169542002]","[1169542002]"
-1.15053,52.81522,"[1169542004]","[1169542004]"
-1.15050,52.81522,"[169543]","[169543]"
-1.16669,52.81511,"[1169543002]","[1169543002]"
-1.18300,52.81408,"[1169543003]","[1169543003]"
-1.23919,52.81036,"[1169543004]","[1169543004]"
-3.16908,51.80528,"[169544-]","[169544-]"
-3.16039,51.80283,"[1169544001-]","[1169544001-]"
-3.14742,51.80514,"[1169544002-]","[1169544002-]"
-3.13361,51.80778,"[1169544003-]","[1169544003-]"
-3.11875,51.81467,"[1169544004-]","[1169544004-]"
-3.09256,51.82347,"[1169544005-]","[1169544005-]"
-3.08258,51.82394,"[1169544006-]","[1169544006-]"
-3.07350,51.82258,"[1169544007-]","[1169544007-]"
-3.07294,51.82244,"[169545]","[169545]"
-3.08253,51.82386,"[1169545001]","[1169545001]"
-3.09231,51.82336,"[1169545002]","[1169545002]"
-3.11850,51.81467,"[1169545003]","[1169545003]"
-3.13275,51.80767,"[1169545004]","[1169545004]"
-3.14839,51.80497,"[1169545005]","[1169545005]"
-3.16119,51.80267,"[1169545006]","[1169545006]"
-3.16906,51.80503,"[1169545007]","[1169545007]"
-2.04556,55.81128,"[169552]","[169552]"
-0.86294,52.76494,"[169553]","[169553]"
-0.79386,52.76667,"[1169553001]","[1169553001]"
-0.79378,52.76667,"[169554]","[169554]"
-0.86294,52.76492,"[1169554001]","[1169554001]"
-0.64292,51.50894,"[169555]","[169555]"
-0.64308,51.50881,"[169556]","[169556]"
-0.70911,51.49917,"[169557]","[169557]"
-0.57989,51.49025,"[169559]","[169559]"
-3.68783,52.70978,"BS","[169665-]"
-3.86708,52.74428,"BS","[169666]"
-1.88133,52.21044,"[169707]","[169707]"
-1.88325,52.21678,"[1169707001]","[1169707001]"
-1.88317,52.21850,"[169708]","[169708]"
-1.88100,52.21039,"[1169708001]","[1169708001]"
-1.88022,52.22606,"[169709]","[169709]"
-1.88478,52.24414,"[1169709001]","[1169709001]"
-1.88589,52.24747,"[1169709002]","[1169709002]"
-1.88931,52.25758,"[1169709003]","[1169709003]"
-1.88922,52.25758,"[169710]","[169710]"
-1.88581,52.24744,"[1169710001]","[1169710001]"
-1.88469,52.24414,"[1169710002]","[1169710002]"
-1.88011,52.22611,"[1169710003]","[1169710003]"
-1.89461,52.27983,"[169711]","[169711]"
-1.89508,52.27633,"[1169711001]","[1169711001]"
-1.89214,52.26669,"[1169711002]","[1169711002]"
-1.89000,52.26006,"[1169711003]","[1169711003]"
-1.89011,52.26006,"[169712]","[169712]"
-1.89222,52.26667,"[1169712001]","[1169712001]"
-1.89517,52.27633,"[1169712002]","[1169712002]"
-1.89469,52.27986,"[1169712003]","[1169712003]"
-1.58031,53.77631,"[169873]","[169873]"
-1.57358,53.77950,"[1169873001]","[1169873001]"
-1.55944,53.78194,"[1169873002]","[1169873002]"
-1.54914,53.78483,"[1169873003]","[1169873003]"
-1.53989,53.77281,"[1169873005]","[1169873005]"
-1.53814,53.77106,"[169874]","[169874]"
-1.53975,53.77503,"[1169874002]","[1169874002]"
-1.54078,53.78231,"[1169874003]","[1169874003]"
-1.55294,53.78400,"[1169874004]","[1169874004]"
-1.57992,53.77636,"[1169874006]","[1169874006]"
-1.73861,52.55356,"[169875]","[169875]"
-1.74239,52.55914,"[1169875001]","[1169875001]"
-1.74547,52.56372,"[1169875002]","[1169875002]"
-1.76314,52.57000,"[1169875003]","[1169875003]"
-1.77361,52.57828,"[1169875004]","[1169875004]"
-1.77978,52.58642,"[1169875005]","[1169875005]"
-1.24506,52.41017,"[169876]","[169876]"
-1.23206,52.41703,"[1169876001]","[1169876001]"
-1.22706,52.42086,"[1169876002]","[1169876002]"
-1.22700,52.42086,"[169877]","[169877]"
-1.23194,52.41700,"[1169877001]","[1169877001]"
-1.24494,52.41022,"[1169877002]","[1169877002]"
-1.40983,52.39250,"[170267]","[170267]"
-1.41442,52.39339,"[1170267001]","[1170267001]"
-1.42767,52.39519,"[1170267002]","[1170267002]"
-1.42764,52.39517,"[170268]","[170268]"
-1.41442,52.39339,"[1170268001]","[1170268001]"
-1.40983,52.39250,"[1170268002]","[1170268002]"
-0.00278,50.89411,"[170458]","[170458]"
-0.00339,50.89381,"[170459]","[170459]"
-4.36250,55.81581,"[170463]","[170463]"
-0.43206,52.15031,"[171127]","[171127]"
-0.43825,52.15383,"[1171127001]","[1171127001]"
-0.44197,52.15506,"[1171127002]","[1171127002]"
-0.44197,52.15508,"[171128]","[171128]"
-0.43828,52.15383,"[1171128001]","[1171128001]"
-0.43206,52.15031,"[1171128002]","[1171128002]"
-0.69819,51.50128,"[171137]","[171137]"
0.40636,50.82922,"[171371]","[171371]"
0.40575,50.82953,"[171372]","[171372]"
0.40369,51.20500,"[171373]","[171373]"
0.40317,51.20494,"[171374]","[171374]"
-0.22025,51.51203,"[171375]","[171375]"
-0.39503,51.02811,"[171376]","[171376]"
-0.39536,51.02825,"[171377]","[171377]"
-0.52783,50.94825,"[171378]","[171378]"
-0.52811,50.94853,"[171379]","[171379]"
-0.72811,51.53281,"[171380]","[171380]"
-0.72869,51.53272,"[171381]","[171381]"
-0.84786,50.84275,"[171384]","[171384]"
-0.84800,50.84303,"[171385]","[171385]"
-0.86244,50.84433,"[171386]","[171386]"
-0.86269,50.84414,"[171387]","[171387]"
-0.89981,50.84725,"[171388]","[171388]"
-0.89983,50.84764,"[171389]","[171389]"
-1.52747,53.68767,"[171390]","[171390]"
-3.31575,51.58383,"[171479]","[171479]"
-3.31100,51.58144,"[1171479001]","[1171479001]"
-3.29908,51.57867,"[1171479002]","[1171479002]"
-3.29911,51.57864,"[171480]","[171480]"
-3.31100,51.58144,"[1171480001]","[1171480001]"
-3.31578,51.58381,"[1171480002]","[1171480002]"
-3.32100,51.56531,"[171481]","[171481]"
-3.32325,51.56706,"[1171481001]","[1171481001]"
-3.32600,51.57000,"[1171481002]","[1171481002]"
-3.32594,51.57000,"[171482]","[171482]"
-3.32325,51.56706,"[1171482001]","[1171482001]"
-3.32103,51.56531,"[1171482002]","[1171482002]"
-3.36139,51.72447,"[171483]","[171483]"
-3.35139,51.71889,"[1171483001]","[1171483001]"
-3.34803,51.71669,"[1171483002]","[1171483002]"
-3.34806,51.71669,"[171484-]","[171484-]"
-3.35142,51.71889,"[1171484002-]","[1171484002-]"
-3.36139,51.72444,"[1171484003-]","[1171484003-]"
-3.46483,51.72331,"[171485]","[171485]"
-3.45975,51.72169,"[1171485001]","[1171485001]"
-3.45461,51.71878,"[1171485002]","[1171485002]"
-3.45464,51.71875,"[171486-]","[171486-]"
-3.45978,51.72169,"[1171486001-]","[1171486001-]"
-3.46483,51.72331,"[1171486002-]","[1171486002-]"
-0.21161,51.43936,"[172067]","[172067]"
-0.25353,51.45714,"[172068]","[172068]"
-0.04581,51.78458,"[172069]","[172069]"
-0.03892,51.77919,"[172070]","[172070]"
-0.60828,50.83050,"[172071]","[172071]"
-0.60850,50.83092,"[172072-]","[172072-]"
-0.31592,51.07328,"[172073]","[172073]"
-0.31550,51.07322,"[172074]","[172074]"
-0.53292,50.82461,"[172085]","[172085]"
-0.53314,50.82433,"[172086]","[172086]"
-0.70586,50.83153,"[172087]","[172087]"
-0.70597,50.83131,"[172088]","[172088]"
-0.87411,50.84544,"[172093]","[172093]"
-0.87422,50.84508,"[172094]","[172094]"
-0.71353,51.28228,"[172107]","[172107]"
-0.68803,51.29114,"[1172107001]","[1172107001]"
-0.66983,51.29461,"[1172107002]","[1172107002]"
-0.65547,51.29767,"[1172107003]","[1172107003]"
-0.65547,51.29764,"[172108]","[172108]"
-0.66992,51.29461,"[1172108001]","[1172108001]"
-0.68808,51.29114,"[1172108002]","[1172108002]"
-0.71350,51.28228,"[1172108003]","[1172108003]"
-0.65639,51.30208,"[172109]","[172109]"
-0.67706,51.29858,"[1172109001]","[1172109001]"
-0.67706,51.29861,"[172110]","[172110]"
-0.65647,51.30208,"[1172110001]","[1172110001]"
-0.68933,51.29744,"[172111]","[172111]"
-0.70911,51.29967,"[1172111001]","[1172111001]"
-0.70914,51.29967,"[172112]","[172112]"
-0.68925,51.29750,"[1172112001]","[1172112001]"
-0.84736,52.15436,"[172120]","[172120]"
-0.84719,52.15439,"[172121]","[172121]"
-0.47006,51.49528,"[172122]","[172122]"
-0.47464,51.49444,"[172123]","[172123]"
-1.77983,52.58647,"[172124]","[172124]"
-1.77358,52.57825,"[1172124001]","[1172124001]"
-1.76314,52.56994,"[1172124002]","[1172124002]"
-1.74544,52.56369,"[1172124003]","[1172124003]"
-1.74236,52.55917,"[1172124004]","[1172124004]"
-1.73858,52.55358,"[1172124005]","[1172124005]"
-1.49147,52.42719,"[172281]","[172281]"
-1.49458,52.42483,"[1172281001]","[1172281001]"
-1.49592,52.42211,"[1172281002]","[1172281002]"
-1.49822,52.41939,"[1172281003]","[1172281003]"
-1.50303,52.41572,"[1172281004]","[1172281004]"
-1.50306,52.41572,"[172282]","[172282]"
-1.49822,52.41939,"[1172282001]","[1172282001]"
-1.49589,52.42214,"[1172282002]","[1172282002]"
-1.49458,52.42478,"[1172282003]","[1172282003]"
-1.49147,52.42722,"[1172282004]","[1172282004]"
-2.14142,52.53169,"[172523]","[172523]"
-2.13817,52.53308,"[172524]","[172524]"
-3.31228,51.65400,"[172571]","[172571]"
-3.31669,51.66339,"[1172571001]","[1172571001]"
-3.31669,51.66342,"[172572]","[172572]"
-3.31228,51.65400,"[1172572001]","[1172572001]"
-1.55217,52.45419,"[172692]","[172692]"
-1.54433,52.44594,"[1172692001]","[1172692001]"
-1.49044,52.40903,"[172893]","[172893]"
-1.48667,52.40997,"[1172893001]","[1172893001]"
-1.47897,52.41136,"[1172893002]","[1172893002]"
-1.47494,52.41131,"[1172893003]","[1172893003]"
-1.47225,52.41292,"[1172893004]","[1172893004]"
-1.47222,52.41297,"[172894]","[172894]"
-1.47492,52.41125,"[1172894002]","[1172894002]"
-1.47900,52.41133,"[1172894003]","[1172894003]"
-1.48664,52.40992,"[1172894004]","[1172894004]"
-1.49044,52.40897,"[1172894005]","[1172894005]"
-1.72436,52.57117,"[173123-]","[173123-]"
-2.33758,53.35794,"[173392]","[173392]"
-2.33753,53.35814,"[173393]","[173393]"
-0.54389,52.18928,"[173433]","[173433]"
-0.55189,52.19147,"[1173433002]","[1173433002]"
-0.56653,52.18719,"[1173433003]","[1173433003]"
-4.82697,50.34283,"[173899]","[173899]"
-4.82158,50.34092,"[1173899001]","[1173899001]"
-4.81400,50.33917,"[1173899002]","[1173899002]"
-1.51519,52.41250,"[173905]","[173905]"
-1.51503,52.41508,"[1173905001]","[1173905001]"
-1.51831,52.41819,"[1173905002]","[1173905002]"
-1.51908,52.42069,"[1173905003]","[1173905003]"
-1.52217,52.42331,"[1173905004]","[1173905004]"
-1.52419,52.42444,"[1173905005]","[1173905005]"
-1.52861,52.42814,"[1173905006]","[1173905006]"
-1.52828,52.42817,"[173906]","[173906]"
-1.52419,52.42444,"[1173906001]","[1173906001]"
-1.52211,52.42325,"[1173906002]","[1173906002]"
-1.51908,52.42067,"[1173906003]","[1173906003]"
-1.51828,52.41819,"[1173906004]","[1173906004]"
-1.51503,52.41508,"[1173906005]","[1173906005]"
-1.51500,52.41253,"[1173906006]","[1173906006]"
0.32053,51.49456,"[173907]","[173907]"
0.32567,51.49125,"[1173907001]","[1173907001]"
0.33542,51.48911,"[1173907002]","[1173907002]"
0.33531,51.48914,"[173908]","[173908]"
0.32561,51.49128,"[1173908001]","[1173908001]"
0.32050,51.49453,"[1173908002]","[1173908002]"
-1.52267,52.41086,"[173909]","[173909]"
-1.52628,52.41208,"[1173909001]","[1173909001]"
-1.52806,52.41272,"[1173909002]","[1173909002]"
-1.53069,52.41356,"[1173909003]","[1173909003]"
-1.53419,52.41483,"[1173909004]","[1173909004]"
-1.54050,52.41689,"[1173909005]","[1173909005]"
-1.54419,52.41781,"[1173909006]","[1173909006]"
-1.55403,52.42056,"[1173909007]","[1173909007]"
-1.55406,52.42061,"[173910]","[173910]"
-1.54417,52.41781,"[1173910001]","[1173910001]"
-1.54047,52.41689,"[1173910002]","[1173910002]"
-1.53419,52.41483,"[1173910003]","[1173910003]"
-1.53006,52.41344,"[1173910004]","[1173910004]"
-1.52806,52.41269,"[1173910005]","[1173910005]"
-1.52617,52.41206,"[1173910006]","[1173910006]"
-1.52261,52.41081,"[1173910007]","[1173910007]"
0.19839,50.82722,"[173911]","[173911]"
0.19872,50.82758,"[173912]","[173912]"
-4.65378,55.96297,"[173916-]","[173916-]"
0.14786,50.84808,"[173918]","[173918]"
0.14761,50.84769,"[173919]","[173919]"
-0.49117,50.97339,"[173920]","[173920]"
-0.49142,50.97381,"[173921]","[173921]"
-3.13869,53.10178,"[173922-]","[173922-]"
-3.14497,53.08744,"[1173922001-]","[1173922001-]"
-3.14500,53.08744,"[173923-]","[173923-]"
-3.13875,53.10178,"[1173923001-]","[1173923001-]"
-0.46733,50.99764,"[173936]","[173936]"
-0.46800,50.99783,"[173937]","[173937]"
-5.11408,50.20658,"[173938]","[173938]"
-5.12050,50.20283,"[1173938001]","[1173938001]"
-1.79258,52.38250,"[173940]","[173940]"
-1.80439,52.38900,"[1173940001]","[1173940001]"
-1.81033,52.39183,"[1173940002]","[1173940002]"
-1.81544,52.39511,"[1173940003]","[1173940003]"
-1.81772,52.39694,"[1173940004]","[1173940004]"
-1.81764,52.39703,"[173941]","[173941]"
-1.81383,52.39422,"[1173941001]","[1173941001]"
-1.80867,52.39119,"[1173941002]","[1173941002]"
-1.80253,52.38831,"[1173941003]","[1173941003]"
-1.79306,52.38289,"[1173941004]","[1173941004]"
-2.47994,52.67675,"[173946]","[173946]"
-0.20153,51.21739,"[173978]","[173978]"
-2.48458,52.68092,"[174124]","[174124]"
-2.48658,52.68294,"[174125]","[174125]"
-5.12044,50.20289,"[174588]","[174588]"
-5.11431,50.20653,"[1174588001]","[1174588001]"
-1.74286,53.79397,"[174918]","[174918]"
-1.74392,53.79278,"[174925]","[174925]"
-0.95642,52.21344,"[174930]","[174930]"
-1.00097,52.22714,"[175103]","[175103]"
-1.53378,52.28400,"[175630]","[175630]"
-1.41856,50.90686,"[175687]","[175687]"
-0.53569,52.08639,"[175879]","[175879]"
-0.53064,52.09292,"[1175879001]","[1175879001]"
0.32106,51.21922,"[175908]","[175908]"
0.03314,52.02481,"[175909]","[175909]"
-0.56650,52.18719,"[175910-]","[175910-]"
-0.55189,52.19144,"[1175910001-]","[1175910001-]"
-0.54378,52.18933,"[1175910002-]","[1175910002-]"
-0.13386,52.55103,"[175981]","[175981]"
-0.13403,52.55078,"[175982]","[175982]"
-2.13325,51.89506,"[175987]","[175987]"
-2.15342,51.90050,"[1175987001]","[1175987001]"
-2.15339,51.90053,"[175988-]","[175988-]"
-2.13325,51.89506,"[1175988001-]","[1175988001-]"
-3.10519,51.58383,"[175989]","[175989]"
-3.11814,51.58494,"[1175989001]","[1175989001]"
-3.11817,51.58494,"[175990]","[175990]"
-3.10517,51.58381,"[1175990001]","[1175990001]"
-0.11733,52.84875,"[175995]","[175995]"
-0.10714,52.86150,"[1175995001]","[1175995001]"
-0.09125,52.88086,"[1175995002]","[1175995002]"
-0.09122,52.88081,"[175996]","[175996]"
-0.10714,52.86150,"[1175996001]","[1175996001]"
-0.11736,52.84878,"[1175996002]","[1175996002]"
-1.07656,51.02692,"[175997]","[175997]"
-1.08428,51.01539,"[1175997001]","[1175997001]"
-1.08428,51.01542,"[176006]","[176006]"
-1.07650,51.02697,"[1176006001]","[1176006001]"
-2.75422,53.66267,"[176007]","[176007]"
-2.76028,53.66161,"[1176007002]","[1176007002]"
-2.67783,53.65844,"[176008]","[176008]"
-2.69050,53.65872,"[1176008001]","[1176008001]"
-2.70267,53.66050,"[1176008005]","[1176008005]"
-2.70281,53.66056,"[176009-]","[176009-]"
-2.69028,53.65869,"[1176009001-]","[1176009001-]"
-2.67781,53.65844,"[1176009002-]","[1176009002-]"
-2.72203,53.66183,"[176010]","[176010]"
-2.72572,53.66206,"[1176010001]","[1176010001]"
-2.73414,53.66342,"[1176010002]","[1176010002]"
-2.75161,53.66392,"[1176010003]","[1176010003]"
-2.75156,53.66394,"[176011-]","[176011-]"
-2.73394,53.66344,"[1176011001-]","[1176011001-]"
-2.72578,53.66206,"[1176011002-]","[1176011002-]"
-2.72197,53.66186,"[1176011003-]","[1176011003-]"
-2.76031,53.66164,"[176012-]","[176012-]"
-2.75422,53.66264,"[1176012001-]","[1176012001-]"
-2.78811,53.66158,"[176013]","[176013]"
-2.80622,53.65681,"[1176013001]","[1176013001]"
-2.81594,53.64814,"[1176013002]","[1176013002]"
-2.81586,53.64817,"[176014-]","[176014-]"
-2.80625,53.65675,"[1176014001-]","[1176014001-]"
-2.78800,53.66164,"[1176014002-]","[1176014002-]"
-0.44025,52.11981,"[176015]","[176015]"
-0.44867,52.11992,"[1176015001]","[1176015001]"
-0.45447,52.11889,"[1176015002]","[1176015002]"
-0.46531,52.11942,"[1176015003]","[1176015003]"
-0.46525,52.11944,"[176016-]","[176016-]"
-0.45453,52.11889,"[1176016001-]","[1176016001-]"
-0.44864,52.11994,"[1176016002-]","[1176016002-]"
-0.44025,52.11978,"[1176016003-]","[1176016003-]"
-1.01525,51.01742,"[176055]","[176055]"
-1.03489,51.03142,"[1176055001]","[1176055001]"
-1.05636,51.03058,"[1176055002]","[1176055002]"
-1.05633,51.03058,"[176056]","[176056]"
-1.03492,51.03142,"[1176056001]","[1176056001]"
-1.01522,51.01742,"[1176056002]","[1176056002]"
-1.07192,51.03556,"[176057]","[176057]"
-1.02389,51.06444,"[1176057001]","[1176057001]"
-1.00369,51.08008,"[1176057002]","[1176057002]"
-1.00378,51.08006,"[176058]","[176058]"
-1.02386,51.06444,"[1176058001]","[1176058001]"
-1.07186,51.03561,"[1176058002]","[1176058002]"
-1.11672,51.04492,"[176059]","[176059]"
-1.07208,51.03125,"[1176059001]","[1176059001]"
-1.06061,51.03061,"[1176059002]","[1176059002]"
-1.06061,51.03061,"[176060]","[176060]"
-1.07214,51.03125,"[1176060001]","[1176060001]"
-1.11689,51.04500,"[1176060002]","[1176060002]"
-0.48142,52.10819,"[176061]","[176061]"
-0.48797,52.08886,"[1176061001]","[1176061001]"
-0.48789,52.08892,"[176062]","[176062]"
-0.48144,52.10817,"[1176062001]","[1176062001]"
-0.42147,52.15397,"[176076]","[176076]"
-0.42594,52.15606,"[1176076001]","[1176076001]"
-0.42597,52.15608,"[176077]","[176077]"
-0.42144,52.15394,"[1176077001]","[1176077001]"
-0.45181,52.16075,"[176078]","[176078]"
-0.42861,52.15778,"[1176078001]","[1176078001]"
-0.42867,52.15778,"[176079]","[176079]"
-0.45181,52.16075,"[1176079001]","[1176079001]"
-2.95994,53.87097,"[176080]","[176080]"
-2.96003,53.86750,"[1176080002]","[1176080002]"
-2.96011,53.86744,"[176081]","[176081]"
-2.95997,53.87100,"[1176081002]","[1176081002]"
-2.95617,53.88069,"[176082-]","[176082-]"
-2.95442,53.89208,"[1176082001-]","[1176082001-]"
-2.95422,53.89369,"[1176082002-]","[1176082002-]"
-2.95839,53.90544,"[1176082003-]","[1176082003-]"
-2.97211,53.92461,"[1176082004-]","[1176082004-]"
-2.97192,53.92447,"[176083-]","[176083-]"
-2.95836,53.90547,"[1176083001-]","[1176083001-]"
-2.95425,53.89367,"[1176083002-]","[1176083002-]"
-2.95444,53.89206,"[1176083003-]","[1176083003-]"
-2.95619,53.88069,"[1176083004-]","[1176083004-]"
-2.66342,54.09472,"[176112]","[176112]"
-2.67600,54.08894,"[1176112002]","[1176112002]"
-1.52189,52.40558,"[176139]","[176139]"
-1.52847,52.40850,"[1176139001]","[1176139001]"
-1.53753,52.40819,"[1176139002]","[1176139002]"
-1.54714,52.41183,"[1176139003]","[1176139003]"
-1.55028,52.41433,"[1176139004]","[1176139004]"
-1.55506,52.41997,"[1176139005]","[1176139005]"
-1.55494,52.42003,"[176140]","[176140]"
-1.55014,52.41425,"[1176140001]","[1176140001]"
-1.53753,52.40819,"[1176140002]","[1176140002]"
-1.52842,52.40847,"[1176140003]","[1176140003]"
-1.52186,52.40572,"[1176140004]","[1176140004]"
-1.14731,53.04719,"[176148]","[176148]"
-1.14089,53.03844,"[1176148001]","[1176148001]"
-1.13478,53.02511,"[1176148002]","[1176148002]"
-1.13481,53.02511,"[176149]","[176149]"
-1.14092,53.03856,"[1176149001]","[1176149001]"
-1.14731,53.04722,"[1176149002]","[1176149002]"
-3.08247,53.13767,"[176154-]","[176154-]"
-3.05339,53.14269,"[1176154001-]","[1176154001-]"
-3.05328,53.14269,"[176155]","[176155]"
-3.08233,53.13772,"[1176155001]","[1176155001]"
-4.81400,50.33917,"[176157]","[176157]"
-4.82156,50.34092,"[1176157001]","[1176157001]"
-4.82697,50.34283,"[1176157002]","[1176157002]"
-4.24406,50.51656,"E","[176309-]"
-4.22875,50.51564,"W","[176312-]"
-0.47253,52.15083,"[176554]","[176554]"
-0.46344,52.15353,"[1176554001]","[1176554001]"
-0.45944,52.15111,"[1176554002]","[1176554002]"
-0.45942,52.15114,"[176555]","[176555]"
-0.46342,52.15353,"[1176555001]","[1176555001]"
-0.47242,52.15089,"[1176555002]","[1176555002]"
-2.89456,53.93114,"[176590-]","[176590-]"
-2.80878,54.02400,"[1176590001-]","[1176590001-]"
-2.80869,54.02400,"[176591-]","[176591-]"
-2.89444,53.93111,"[1176591001-]","[1176591001-]"
-1.53378,52.38761,"[176708]","[176708]"
-1.52669,52.39389,"[1176708001]","[1176708001]"
-1.52167,52.39503,"[1176708002]","[1176708002]"
-1.51947,52.39550,"[1176708003]","[1176708003]"
-1.51936,52.39550,"[176709]","[176709]"
-1.52153,52.39506,"[1176709001]","[1176709001]"
-1.52667,52.39389,"[1176709002]","[1176709002]"
-1.53383,52.38761,"[1176709003]","[1176709003]"
-1.46169,52.40328,"[176710]","[176710]"
-1.46636,52.39719,"[1176710001]","[1176710001]"
-1.47461,52.39247,"[1176710002]","[1176710002]"
-1.47931,52.39094,"[1176710003]","[1176710003]"
-1.47922,52.39106,"[176711]","[176711]"
-1.46622,52.39731,"[1176711001]","[1176711001]"
-1.46172,52.40328,"[1176711002]","[1176711002]"
-0.47342,52.12164,"[177095]","[177095]"
-0.47644,52.11686,"[1177095001]","[1177095001]"
-0.47647,52.11689,"[177096]","[177096]"
-0.47342,52.12167,"[1177096001]","[1177096001]"
-1.69986,53.80278,"[177200]","[177200]"
-1.69506,53.80375,"[1177200001]","[1177200001]"
-1.69183,53.80442,"[1177200002]","[1177200002]"
-1.68761,53.80522,"[1177200003]","[1177200003]"
-1.68633,53.80536,"[177201-]","[177201-]"
-1.69083,53.80447,"[1177201001-]","[1177201001-]"
-1.69422,53.80381,"[1177201002-]","[1177201002-]"
-1.69917,53.80278,"[1177201003-]","[1177201003-]"
-2.60083,54.14608,"[177914]","[177914]"
-2.61231,54.13947,"[1177914001]","[1177914001]"
-2.62181,54.13044,"[1177914002]","[1177914002]"
-2.63517,54.11886,"[1177914003]","[1177914003]"
-2.63772,54.11494,"[1177914004]","[1177914004]"
-2.63775,54.11494,"[177915]","[177915]"
-2.63517,54.11886,"[1177915001]","[1177915001]"
-2.62183,54.13042,"[1177915002]","[1177915002]"
-2.61228,54.13956,"[1177915003]","[1177915003]"
-2.60083,54.14611,"[1177915004]","[1177915004]"
1.27700,52.05889,"[177916]","[177916]"
1.27792,52.05289,"[1177916001]","[1177916001]"
1.27597,52.04889,"[177917-]","[177917-]"
1.27772,52.05197,"[1177917003-]","[1177917003-]"
-2.23089,53.96717,"[177918-]","[177918-]"
-2.24058,53.96139,"[1177918001-]","[1177918001-]"
-2.24900,53.95847,"[1177918002-]","[1177918002-]"
-2.25739,53.95319,"[1177918003-]","[1177918003-]"
-2.25897,53.94644,"[1177918004-]","[1177918004-]"
-2.25900,53.94650,"[177919-]","[177919-]"
-2.25742,53.95350,"[1177919001-]","[1177919001-]"
-2.24883,53.95853,"[1177919002-]","[1177919002-]"
-2.24044,53.96142,"[1177919003-]","[1177919003-]"
-2.23078,53.96722,"[1177919004-]","[1177919004-]"
-2.63817,54.10786,"[177920]","[177920]"
-2.64086,54.10656,"[1177920001]","[1177920001]"
-2.66256,54.09569,"[1177920002]","[1177920002]"
-2.66258,54.09572,"[177921]","[177921]"
-2.64078,54.10661,"[1177921001]","[1177921001]"
-2.63814,54.10786,"[1177921002]","[1177921002]"
-2.67597,54.08897,"[177922]","[177922]"
-2.66344,54.09475,"[1177922001]","[1177922001]"
-2.67983,54.08742,"[177923]","[177923]"
-2.70839,54.07797,"[1177923001]","[1177923001]"
-2.70836,54.07800,"[177924]","[177924]"
-2.67981,54.08744,"[1177924001]","[1177924001]"
-2.71014,54.07761,"[177925]","[177925]"
-2.71861,54.07608,"[1177925001]","[1177925001]"
-2.72733,54.07461,"[1177925002]","[1177925002]"
-2.72733,54.07461,"[177926]","[177926]"
-2.71864,54.07608,"[1177926001]","[1177926001]"
-2.71014,54.07761,"[1177926002]","[1177926002]"
-0.51706,52.11661,"[177927]","[177927]"
-0.51039,52.11406,"[1177927001]","[1177927001]"
-0.51042,52.11408,"[177928]","[177928]"
-0.51697,52.11667,"[1177928001]","[1177928001]"
-1.06583,52.93722,"[178065]","[178065]"
-1.09872,52.93281,"[1178065001]","[1178065001]"
-2.74694,54.64747,"[178067-]","[178067-]"
-2.73125,54.63839,"[1178067001-]","[1178067001-]"
-2.72447,54.62981,"[1178067002-]","[1178067002-]"
-2.71994,54.61867,"[178068-]","[178068-]"
-2.74275,54.64564,"[1178068003-]","[1178068003-]"
-1.65328,53.83364,"[178069]","[178069]"
-1.66481,53.82592,"[1178069001]","[1178069001]"
-1.66914,53.82342,"[1178069002]","[1178069002]"
-1.67419,53.81950,"[1178069003]","[1178069003]"
-1.68481,53.80972,"[1178069004]","[1178069004]"
-1.68489,53.80972,"[178070]","[178070]"
-1.67422,53.81950,"[1178070001]","[1178070001]"
-1.66919,53.82336,"[1178070002]","[1178070002]"
-1.66475,53.82597,"[1178070003]","[1178070003]"
-1.65328,53.83364,"[1178070004]","[1178070004]"
-2.20908,52.92689,"[178121]","[178121]"
-3.34111,51.70686,"[178122]","[178122]"
-3.34417,51.71011,"[1178122001]","[1178122001]"
-3.34731,51.71594,"[1178122002]","[1178122002]"
-3.34731,51.71594,"[178123-]","[178123-]"
-3.34414,51.71008,"[1178123001-]","[1178123001-]"
-3.34111,51.70683,"[1178123002-]","[1178123002-]"
-0.58000,51.92692,"[178124]","[178124]"
-0.58494,51.93006,"[1178124001]","[1178124001]"
-0.58714,51.93156,"[1178124002]","[1178124002]"
-0.59050,51.93367,"[1178124003]","[1178124003]"
-0.59047,51.93367,"[178125]","[178125]"
-0.58703,51.93147,"[1178125001]","[1178125001]"
-0.58492,51.93003,"[1178125002]","[1178125002]"
-0.58003,51.92689,"[1178125003]","[1178125003]"
-2.05039,53.05100,"bs","[178230]"
-2.07128,52.68381,"bs","[178231]"
-2.08447,52.68653,"[178232]","[178232]"
-0.44142,51.45714,"[178233]","[178233]"
-0.11569,51.65336,"[178238]","[178238]"
-0.16111,51.58197,"[178239]","[178239]"
-0.11561,51.35411,"db","[178240]"
-1.28567,53.42089,"db","[178241]"
-0.60253,52.26842,"[178275-]","[178275-]"
-0.60044,52.27772,"[1178275001-]","[1178275001-]"
-0.60033,52.27775,"[178276-]","[178276-]"
-0.60244,52.26844,"[1178276001-]","[1178276001-]"
-0.49353,52.11942,"[178277]","[178277]"
-0.48578,52.12331,"[1178277001]","[1178277001]"
-0.48575,52.12328,"[178278]","[178278]"
-0.49356,52.11939,"[1178278001]","[1178278001]"
-0.50453,51.79025,"bs","[178280]"
-2.74928,54.93350,"[178297]","[178297]"
-2.79753,54.93089,"[1178297001]","[1178297001]"
-2.83844,54.93089,"[1178297002]","[1178297002]"
-2.89264,54.92347,"[1178297003]","[1178297003]"
-1.38681,53.23386,"bs","[178459]"
-2.14208,53.39058,"[178460]","[178460]"
-1.67308,52.62781,"[178461]","[178461]"
-1.88564,52.58117,"N, bs?","[178462]"
-4.14353,50.37031,"[178463-]","[178463-]"
-4.14139,50.37033,"[178464-]","[178464-]"
-1.55919,53.13147,"SW","[178572]"
-5.09853,50.26442,"[178581]","[178581]"
-1.37306,54.88978,"[178582]","[178582]"
-0.19875,51.69806,"[178584]","[178584]"
-0.21192,51.70156,"[178585]","[178585]"
0.17244,51.53675,"[178586]","[178586]"
-0.09261,51.52500,"[178589]","[178589]"
-0.06394,51.45625,"[178592]","[178592]"
-0.12547,51.49194,"[178597]","[178597]"
-0.14806,51.30464,"[178765]","[178765]"
-1.31114,53.52583,"[178799]","[178799]"
-2.19200,53.17186,"[178928]","[178928]"
-3.21564,54.10919,"[179058]","[179058]"
-0.49481,51.47708,"[179319]","[179319]"
-0.66431,54.17842,"[179334]","[179334]"
-0.60019,53.19511,"[179347]","[179347]"
-0.15486,51.40769,"[179349]","[179349]"
1.52331,52.27269,"[179351]","[179351]"
0.66808,51.24181,"[179706]","[179706]"
0.68794,51.24222,"[1179706001]","[1179706001]"
0.68794,51.24222,"[179707]","[179707]"
0.66817,51.24189,"[1179707001]","[1179707001]"
-0.16997,51.21283,"[179920]","[179920]"
-2.72175,53.36556,"[179949]","[179949]"
-2.89075,53.57136,"[180229-]","[180229-]"
1.46897,52.19203,"[180701-]","[180701-]"
0.44753,51.51686,"[180706]","[180706]"
0.45597,51.51072,"[1180706001]","[1180706001]"
0.45567,51.51072,"[180707]","[180707]"
0.44731,51.51678,"[1180707001]","[1180707001]"
0.45797,51.51047,"[180708]","[180708]"
0.46364,51.51086,"[1180708001]","[1180708001]"
0.46836,51.51058,"[1180708002]","[1180708002]"
0.47625,51.51097,"[1180708003]","[1180708003]"
0.47714,51.51094,"[180709]","[180709]"
0.46842,51.51047,"[1180709001]","[1180709001]"
0.46425,51.51067,"[1180709002]","[1180709002]"
0.45953,51.51069,"[1180709003]","[1180709003]"
0.47786,51.51208,"[180710-]","[180710-]"
0.47778,51.51522,"[1180710001-]","[1180710001-]"
0.47789,51.51544,"[180711-]","[180711-]"
0.47803,51.51158,"[1180711001-]","[1180711001-]"
-2.84975,53.18661,"[180996]","[180996]"
-2.84031,53.18200,"[1180996001]","[1180996001]"
-2.84033,53.18200,"[180998]","[180998]"
-2.84978,53.18658,"[1180998001]","[1180998001]"
-2.83747,53.18011,"[180999]","[180999]"
-2.82136,53.16994,"[1180999001]","[1180999001]"
-2.82136,53.16997,"[181001]","[181001]"
-2.83747,53.18014,"[1181001001]","[1181001001]"
-0.30742,51.71069,"[181238]","[181238]"
-0.30136,52.17122,"[181322]","[181322]"
-0.30619,52.18233,"[1181322001]","[1181322001]"
-1.78103,52.05711,"[181346]","[181346]"
-3.85775,51.82081,"[181352]","[181352]"
-3.85347,51.82644,"[1181352001]","[1181352001]"
-3.84197,51.85283,"[1181352002]","[1181352002]"
-3.83644,51.86353,"[1181352003]","[1181352003]"
-1.62869,53.80169,"[181668]","[181668]"
-1.65869,53.80189,"[1181668001]","[1181668001]"
-1.67575,53.80189,"[1181668002]","[1181668002]"
-1.68322,53.80531,"[1181668003]","[1181668003]"
-1.68314,53.80539,"[181669]","[181669]"
-1.65892,53.80200,"[1181669002]","[1181669002]"
-1.65050,53.80356,"[1181669003]","[1181669003]"
-1.65003,53.80353,"[1181669004]","[1181669004]"
-1.63439,53.80164,"[1181669005]","[1181669005]"
-1.59764,53.80067,"[181670]","[181670]"
-3.49017,51.73894,"[181672-]","[181672-]"
-3.50478,51.73878,"[1181672001-]","[1181672001-]"
-3.50903,51.73828,"[1181672002-]","[1181672002-]"
-3.50900,51.73828,"[181673-]","[181673-]"
-3.50478,51.73878,"[1181673001-]","[1181673001-]"
-3.49017,51.73894,"[1181673002-]","[1181673002-]"
-3.04844,54.23781,"[181675]","[181675]"
-3.04322,54.24733,"[1181675001]","[1181675001]"
-3.03242,54.24958,"[1181675002]","[1181675002]"
-2.99786,54.24953,"[1181675003]","[1181675003]"
-2.98789,54.26031,"[1181675004]","[1181675004]"
-2.98786,54.26036,"[181676]","[181676]"
-2.99778,54.24944,"[1181676001]","[1181676001]"
-3.03242,54.24958,"[1181676002]","[1181676002]"
-3.04322,54.24733,"[1181676003]","[1181676003]"
-3.04828,54.23786,"[1181676004]","[1181676004]"
-2.97267,54.26836,"[181677]","[181677]"
-2.96583,54.26556,"[1181677001]","[1181677001]"
-2.95989,54.26231,"[1181677002]","[1181677002]"
-2.95992,54.26228,"[181678]","[181678]"
-2.96583,54.26558,"[1181678001]","[1181678001]"
-2.97261,54.26831,"[1181678002]","[1181678002]"
-1.41994,53.78981,"[181679]","[181679]"
-1.42006,53.78972,"[181680]","[181680]"
-0.31317,53.38342,"[181682-]","[181682-]"
-0.29092,53.37997,"[1181682001-]","[1181682001-]"
-0.26028,53.38022,"[1181682002-]","[1181682002-]"
-0.24708,53.37961,"[1181682003-]","[1181682003-]"
-0.23006,53.38075,"[1181682004-]","[1181682004-]"
-0.21750,53.38350,"[1181682005-]","[1181682005-]"
-0.21747,53.38350,"[181683-]","[181683-]"
-0.23000,53.38075,"[1181683001-]","[1181683001-]"
-0.24708,53.37961,"[1181683002-]","[1181683002-]"
-0.26028,53.38022,"[1181683003-]","[1181683003-]"
-0.29092,53.37997,"[1181683004-]","[1181683004-]"
-0.31319,53.38339,"[1181683005-]","[1181683005-]"
0.59122,51.29975,"[181684]","[181684]"
0.55892,51.29061,"[1181684001]","[1181684001]"
0.55564,51.28981,"[181685]","[181685]"
0.59136,51.29989,"[1181685001]","[1181685001]"
-1.44711,53.87067,"[181686]","[181686]"
-1.60033,53.70572,"[181701]","[181701]"
-1.59383,53.71517,"[1181701001]","[1181701001]"
-1.59153,53.71933,"[1181701002]","[1181701002]"
-1.58681,53.72436,"[1181701003]","[1181701003]"
-1.58589,53.72461,"[181702]","[181702]"
-1.59150,53.71900,"[1181702001]","[1181702001]"
-1.59369,53.71511,"[1181702002]","[1181702002]"
-1.59931,53.70656,"[1181702003]","[1181702003]"
-1.53814,53.80061,"[181711]","[181711]"
-1.71094,52.48550,"[181712]","[181712]"
-1.71128,52.47408,"[1181712001]","[1181712001]"
-1.71011,52.46222,"[1181712002]","[1181712002]"
-1.70875,52.44822,"[1181712004]","[1181712004]"
-1.74492,52.40619,"[181713]","[181713]"
-1.71136,52.44275,"[1181713001]","[1181713001]"
-1.71044,52.46144,"[1181713002]","[1181713002]"
-1.71181,52.47456,"[1181713003]","[1181713003]"
0.11906,50.85725,"[181791]","[181791]"
0.11858,50.85700,"[181792]","[181792]"
-0.45831,52.08667,"[181793]","[181793]"
-0.45042,52.07294,"[1181793001]","[1181793001]"
-0.45042,52.07294,"[181794]","[181794]"
-0.45833,52.08669,"[1181794001]","[1181794001]"
-0.47614,52.14289,"[181795]","[181795]"
-0.48111,52.14533,"[1181795001]","[1181795001]"
-0.48114,52.14533,"[181796]","[181796]"
-0.47608,52.14292,"[1181796001]","[1181796001]"
-1.47231,52.41081,"[181797]","[181797]"
-1.47244,52.40908,"[1181797001]","[1181797001]"
-1.47244,52.40908,"[181798]","[181798]"
-1.47233,52.41081,"[1181798001]","[1181798001]"
-1.53061,52.43164,"[181799]","[181799]"
-1.53167,52.43494,"[1181799001]","[1181799001]"
-1.53156,52.43500,"[181800]","[181800]"
-1.53050,52.43172,"[1181800001]","[1181800001]"
-1.54436,52.44594,"[181801]","[181801]"
-1.55206,52.45428,"[1181801001]","[1181801001]"
-1.54278,52.44461,"[181802]","[181802]"
-1.53267,52.43669,"[1181802001]","[1181802001]"
-1.53267,52.43669,"[181803]","[181803]"
-1.54275,52.44461,"[1181803001]","[1181803001]"
-1.70778,52.47683,"[181805-]","[181805-]"
-1.72339,52.48328,"[1181805001-]","[1181805001-]"
-0.50547,51.23267,"[181840]","[181840]"
-0.48314,51.22517,"[1181840001]","[1181840001]"
-0.48325,51.22497,"[181841]","[181841]"
-0.50550,51.23269,"[1181841001]","[1181841001]"
-2.11944,53.45686,"[181843-]","[181843-]"
-2.10911,53.45858,"[1181843001-]","[1181843001-]"
-2.09192,53.45603,"[1181843002-]","[1181843002-]"
-2.06953,53.45392,"[181844-]","[181844-]"
-2.09764,53.45603,"[1181844001-]","[1181844001-]"
-2.11042,53.45856,"[1181844002-]","[1181844002-]"
-2.11986,53.45661,"[1181844003-]","[1181844003-]"
-1.79317,52.63792,"[182551]","[182551]"
-1.77253,52.63136,"[1182551001]","[1182551001]"
0.10047,51.68786,"removed (?)","[182827-]"
-2.07053,53.26308,"[182852-]","[182852-]"
-2.10269,53.25606,"[1182852001-]","[1182852001-]"
-2.10267,53.25608,"[182853-]","[182853-]"
-2.07056,53.26311,"[1182853001-]","[1182853001-]"
-2.33086,57.06669,"[183566]","[183566]"
-2.24297,53.04542,"[183618-]","[183618-]"
-3.53936,50.46131,"[183744-]","[183744-]"
-1.13878,53.32714,"[183819-]","[183819-]"
-1.13225,53.32100,"[1183819001-]","[1183819001-]"
-1.12964,53.31436,"[1183819002-]","[1183819002-]"
-1.12958,53.31436,"[183820-]","[183820-]"
-1.13225,53.32100,"[1183820001-]","[1183820001-]"
-1.13872,53.32711,"[1183820002-]","[1183820002-]"
-0.30472,52.18525,"[184409-]","[184409-]"
-0.29825,52.19719,"[1184409001-]","[1184409001-]"
-4.68031,55.75739,"[185176]","[185176]"
-3.11681,55.94333,"[185659]","[185659]"
-0.28450,51.08639,"[185725]","[185725]"
-0.28453,51.08675,"[185726]","[185726]"
0.03936,52.03158,"[185742]","[185742]"
-0.51731,52.19450,"[185743]","[185743]"
-2.82194,52.68286,"[185744]","[185744]"
-1.84958,53.86119,"[186269]","[186269]"
-1.82900,53.84567,"[1186269001]","[1186269001]"
-1.81981,53.83697,"[1186269002]","[1186269002]"
-1.81981,53.83681,"[186270]","[186270]"
-1.82894,53.84536,"[1186270001]","[1186270001]"
-1.83517,53.84833,"[1186270002]","[1186270002]"
-1.84889,53.86081,"[1186270003]","[1186270003]"
-2.95536,53.90931,"[186318-]","[186318-]"
-0.54889,51.18642,"[186330]","[186330]"
-0.55678,51.19181,"[1186330001]","[1186330001]"
-0.55675,51.19183,"[186331]","[186331]"
-0.54886,51.18642,"[1186331001]","[1186331001]"
-0.52522,51.32244,"[186355]","[186355]"
-0.51203,51.33303,"[1186355001]","[1186355001]"
-2.78686,53.98353,"[186356-]","[186356-]"
-2.78989,53.98822,"[1186356001-]","[1186356001-]"
-2.78928,53.99072,"[1186356002-]","[1186356002-]"
-2.79092,53.99794,"[1186356003-]","[1186356003-]"
-2.79308,54.00653,"[1186356005-]","[1186356005-]"
-2.79308,54.00658,"[186357-]","[186357-]"
-2.79092,53.99794,"[1186357001-]","[1186357001-]"
-2.78931,53.99069,"[1186357002-]","[1186357002-]"
-2.78986,53.98819,"[1186357003-]","[1186357003-]"
-2.78675,53.98361,"[1186357004-]","[1186357004-]"
-2.79489,54.01242,"[186358-]","[186358-]"
-2.79519,54.02303,"[1186358001-]","[1186358001-]"
-2.79517,54.02303,"[186359-]","[186359-]"
-2.79467,54.01244,"[1186359001-]","[1186359001-]"
-2.79511,54.02544,"[186360-]","[186360-]"
-2.79528,54.02847,"[1186360001-]","[1186360001-]"
-2.79506,54.03456,"[1186360002-]","[1186360002-]"
-2.79617,54.04053,"[1186360003-]","[1186360003-]"
-2.79614,54.04056,"[186361-]","[186361-]"
-2.79506,54.03456,"[1186361001-]","[1186361001-]"
-2.79528,54.02844,"[1186361002-]","[1186361002-]"
-2.79508,54.02547,"[1186361003-]","[1186361003-]"
-3.53858,50.70436,"[186372-]","[186372-]"
-2.72553,53.77869,"[186423-]","[186423-]"
-1.30228,50.89006,"[186471-]","[186471-]"
-1.31597,50.90447,"[1186471001-]","[1186471001-]"
-1.31556,50.92386,"[1186471002-]","[1186471002-]"
-1.31511,50.92314,"[186472]","[186472]"
-1.31889,50.91214,"[1186472002]","[1186472002]"
-1.30928,50.89422,"[1186472004]","[1186472004]"
0.02019,53.30728,"[186546-]","[186546-]"
0.03017,53.29811,"[1186546001-]","[1186546001-]"
0.03464,53.29269,"[1186546002-]","[1186546002-]"
0.03475,53.29269,"[186547-]","[186547-]"
0.03025,53.29808,"[1186547001-]","[1186547001-]"
0.02019,53.30728,"[1186547002-]","[1186547002-]"
-1.40322,53.40608,"[186689]","[186689]"
-2.07617,51.81947,"[187086-]","[187086-]"
-2.06364,51.80978,"[1187086002-]","[1187086002-]"
-2.04867,51.79431,"[187087-]","[187087-]"
-2.07625,51.81939,"[1187087001-]","[1187087001-]"
-0.03383,51.51086,"[187279-]","[187279-]"
-0.02883,51.50758,"[187279-]","[187279-]"
-0.02244,51.50847,"[187279-]","[187279-]"
-0.03294,51.50992,"[187280]","[187280]"
-0.04056,51.51078,"[187280]","[187280]"
-3.83644,51.86353,"[187650-]","[187650-]"
-3.84197,51.85281,"[1187650001-]","[1187650001-]"
-3.85342,51.82642,"[1187650002-]","[1187650002-]"
-3.85775,51.82081,"[1187650003-]","[1187650003-]"
-3.10253,53.11564,"[188254-]","[188254-]"
-3.12503,53.10892,"[1188254001-]","[1188254001-]"
-3.12500,53.10889,"[188256-]","[188256-]"
-3.10250,53.11564,"[1188256001-]","[1188256001-]"
-2.55694,51.71200,"ANPR","[188325]"
-2.15011,57.15467,"[189875]","[189875]"
-0.31619,53.75203,"[189892]","[189892]"
-4.70697,56.19967,"[189916-]","[189916-]"
-4.67158,56.15822,"[1189916001-]","[1189916001-]"
-4.64344,56.11372,"[1189916002-]","[1189916002-]"
-4.63417,56.02719,"[1189916003-]","[1189916003-]"
-4.63417,56.02725,"[189917-]","[189917-]"
-4.64344,56.11369,"[1189917001-]","[1189917001-]"
-4.67158,56.15836,"[1189917002-]","[1189917002-]"
-4.70686,56.19972,"[1189917003-]","[1189917003-]"
-2.10378,53.49928,"[190041]","[190041]"
-2.10542,53.50331,"[1190041001]","[1190041001]"
-2.10597,53.50536,"[1190041002]","[1190041002]"
-2.10597,53.50539,"[190042]","[190042]"
-2.10542,53.50331,"[1190042001]","[1190042001]"
-2.10386,53.49931,"[1190042002]","[1190042002]"
-2.59769,54.14869,"[190393-]","[190393-]"
-2.60272,54.15414,"[1190393001-]","[1190393001-]"
-2.60261,54.15556,"[1190393002-]","[1190393002-]"
-2.60031,54.15711,"[1190393003-]","[1190393003-]"
-2.59919,54.15972,"[1190393004-]","[1190393004-]"
-2.59494,54.16867,"[1190393005-]","[1190393005-]"
-2.59503,54.16842,"[1190393007-]","[1190393007-]"
-2.59500,54.16844,"[190394-]","[190394-]"
-2.59919,54.15972,"[1190394001-]","[1190394001-]"
-2.60031,54.15711,"[1190394002-]","[1190394002-]"
-2.60261,54.15553,"[1190394003-]","[1190394003-]"
-2.60272,54.15411,"[1190394004-]","[1190394004-]"
-2.59758,54.14875,"[1190394005-]","[1190394005-]"
-2.59403,54.17078,"[190395]","[190395]"
-2.58828,54.19328,"[190396]","[190396]"
-2.59217,54.17883,"[1190396001]","[1190396001]"
-2.59219,54.17886,"[190397]","[190397]"
-2.58825,54.19328,"[1190397001]","[1190397001]"
-0.51203,51.33300,"[190408]","[190408]"
-0.52522,51.32244,"[1190408001]","[1190408001]"
-1.86361,53.86394,"[190409]","[190409]"
-1.88172,53.87042,"[1190409001]","[1190409001]"
-1.88325,53.87078,"[190410]","[190410]"
-1.86358,53.86411,"[1190410001]","[1190410001]"
-0.45669,51.36050,"[190411]","[190411]"
-0.46114,51.34861,"[1190411001]","[1190411001]"
-0.46344,51.34317,"[1190411002]","[1190411002]"
-0.46344,51.34317,"[190412]","[190412]"
-0.46114,51.34864,"[1190412001]","[1190412001]"
-0.45658,51.36056,"[1190412002]","[1190412002]"
-2.21792,53.50339,"[190413]","[190413]"
-2.22900,53.49019,"[190414]","[190414]"
-2.61308,53.46108,"[190679]","[190679]"
-4.22581,51.00953,"[190680-]","[190680-]"
-1.51536,53.81794,"[190681]","[190681]"
-1.42450,50.91539,"[190687]","[190687]"
-2.56314,53.43014,"[190690]","[190690]"
-2.65089,53.48481,"[190691]","[190691]"
-1.72944,52.53944,"[190695-]","[190695-]"
-1.72878,52.52700,"[1190695001-]","[1190695001-]"
-1.72506,52.50831,"[1190695003-]","[1190695003-]"
-3.49647,50.69789,"[190696-]","[190696-]"
-1.37792,50.94994,"[190699-]","[190699-]"
-1.31506,50.92356,"[1190699002-]","[1190699002-]"
-1.31558,50.92414,"[190700-]","[190700-]"
-1.38933,50.94786,"[1190700001-]","[1190700001-]"
-1.74039,52.62283,"[190718]","[190718]"
-1.79361,52.63797,"[1190718001]","[1190718001]"
-0.42847,52.08344,"[191004-]","[191004-]"
-0.44803,52.08081,"[1191004001-]","[1191004001-]"
-0.44800,52.08081,"[191005-]","[191005-]"
-0.42844,52.08344,"[1191005001-]","[1191005001-]"
-2.88653,53.57450,"[191984-]","[191984-]"
-2.88608,53.57464,"[191985-]","[191985-]"
-2.89058,53.57217,"[192006-]","[192006-]"
-2.89125,53.57153,"[192007-]","[192007-]"
0.83739,51.18189,"[192223-]","[192223-]"
0.04489,51.53142,"[192447]","[192447]"
-4.15281,50.38972,"[192464-]","[192464-]"
-4.15231,50.39003,"[192465-]","[192465-]"
-4.14178,50.39719,"[192472-]","[192472-]"
-4.14158,50.39717,"[192473-]","[192473-]"
-2.66667,53.50736,"[192951]","[192951]"
-2.65847,53.49994,"[192952]","[192952]"
0.41914,51.47822,"[194598-]","[194598-]"
-2.21058,57.14597,"[194603]","[194603]"
-1.52889,53.79203,"[194959]","[194959]"
0.46681,51.30047,"[195069]","[195069]"
-2.60772,53.45875,"[195274]","[195274]"
-2.57769,53.43689,"[195275]","[195275]"
-1.53864,53.78083,"[195276]","[195276]"
-3.47983,50.70786,"[195277-]","[195277-]"
-3.47981,50.70803,"[195278-]","[195278-]"
0.54914,52.80003,"[195279]","[195279]"
-2.89103,53.57219,"[195284-]","[195284-]"
-1.40536,50.90219,"[195351]","[195351]"
-1.40575,50.90328,"[195352]","[195352]"
-3.51281,50.71069,"[195353-]","[195353-]"
-1.60731,53.78464,"[195381]","[195381]"
-1.60639,53.78400,"[195382]","[195382]"
-1.61125,53.78972,"[195383]","[195383]"
-1.61147,53.78964,"[195384]","[195384]"
-2.09178,52.62053,"[195390]","[195390]"
-2.17406,53.50475,"[195391]","[195391]"
-2.16792,53.50650,"[195392]","[195392]"
-2.23583,53.81589,"[195393-]","[195393-]"
-4.23378,55.87983,"[195394-]","[195394-]"
-1.71378,52.48761,"[195427-]","[195427-]"
-1.72628,52.51794,"[1195427001-]","[1195427001-]"
-1.72561,52.50917,"[1195427002-]","[1195427002-]"
-1.72808,52.52314,"[1195427003-]","[1195427003-]"
-1.54364,52.40361,"[195433-]","[195433-]"
-1.53789,52.40417,"[1195433001-]","[1195433001-]"
-1.53367,52.40539,"[1195433002-]","[1195433002-]"
-1.53039,52.40778,"[1195433003-]","[1195433003-]"
-1.53036,52.40781,"[195434]","[195434]"
-1.53369,52.40536,"[1195434001]","[1195434001]"
-1.53792,52.40417,"[1195434002]","[1195434002]"
-1.54364,52.40356,"[1195434003]","[1195434003]"
-0.49411,52.16044,"[195435]","[195435]"
-0.48906,52.15911,"[1195435001]","[1195435001]"
-2.11464,53.53289,"[195437]","[195437]"
-2.11169,53.54400,"[195438]","[195438]"
-2.91036,53.19556,"[195439]","[195439]"
-4.24900,55.85853,"[195441]","[195441]"
-2.80742,54.02542,"[195442-]","[195442-]"
-2.80297,54.03203,"[1195442001-]","[1195442001-]"
-2.80231,54.03414,"[1195442002-]","[1195442002-]"
-2.79958,54.04019,"[1195442003-]","[1195442003-]"
-2.79956,54.04025,"[195444-]","[195444-]"
-2.80233,54.03411,"[1195444001-]","[1195444001-]"
-2.80294,54.03211,"[1195444002-]","[1195444002-]"
-2.80731,54.02547,"[1195444003-]","[1195444003-]"
-4.00333,51.06767,"[195445-]","[195445-]"
-3.99219,51.06517,"[1195445001-]","[1195445001-]"
-3.96300,51.05597,"[1195445002-]","[1195445002-]"
-3.91372,51.04881,"[1195445003-]","[1195445003-]"
-3.88228,51.04811,"[1195445004-]","[1195445004-]"
-3.86019,51.03972,"[1195445005-]","[1195445005-]"
-3.86017,51.03969,"[195447-]","[195447-]"
-3.88253,51.04808,"[1195447001-]","[1195447001-]"
-3.91381,51.04881,"[1195447002-]","[1195447002-]"
-3.96311,51.05597,"[1195447003-]","[1195447003-]"
-3.99217,51.06517,"[1195447004-]","[1195447004-]"
-4.00322,51.06772,"[1195447005-]","[1195447005-]"
-2.26514,53.52600,"[195449]","[195449]"
0.22328,51.38289,"[195450-]","[195450-]"
0.23183,51.37653,"[1195450001-]","[1195450001-]"
0.23178,51.37653,"[195451-]","[195451-]"
0.22331,51.38289,"[1195451001-]","[1195451001-]"
-3.20975,55.94697,"[196117]","[196117]"
-1.53750,53.81169,"[196181]","[196181]"
-1.62014,53.75661,"[196183-]","[196183-]"
-2.47261,53.53542,"[196473]","[196473]"
-2.46975,53.54592,"[1196473001]","[1196473001]"
-2.46972,53.54597,"[196474-]","[196474-]"
-2.47258,53.53539,"[1196474001-]","[1196474001-]"
-0.70286,53.57028,"[196475-]","[196475-]"
-0.70669,53.56431,"[1196475001-]","[1196475001-]"
-4.25886,55.86033,"[196567]","[196567]"
-2.90406,53.17925,"[196571]","[196571]"
-2.89958,53.17028,"[196572]","[196572]"
-3.30467,55.93428,"[196573]","[196573]"
-4.35222,55.87683,"[196734-]","[196734-]"
-1.02639,52.99350,"[196782]","[196782]"
-1.03594,52.98744,"[1196782001]","[1196782001]"
-1.04644,52.98283,"[1196782002]","[1196782002]"
-1.04642,52.98286,"[196783]","[196783]"
-1.03592,52.98744,"[1196783001]","[1196783001]"
-1.02628,52.99356,"[1196783002]","[1196783002]"
-3.54011,50.46086,"[198099-]","[198099-]"
-2.97597,53.26272,"[198415]","[198415]"
-2.97031,53.27297,"[1198415001]","[1198415001]"
-2.95903,53.29464,"[1198415002]","[1198415002]"
-2.95908,53.29469,"[198416]","[198416]"
-2.97031,53.27300,"[1198416001]","[1198416001]"
-2.97589,53.26269,"[1198416002]","[1198416002]"
-2.89258,53.81097,"[198763]","[198763]"
-2.90333,53.82319,"[1198763002]","[1198763002]"
-2.92042,53.84675,"[198764-]","[198764-]"
-2.90881,53.82703,"[1198764002-]","[1198764002-]"
-1.58011,53.77247,"[198915]","[198915]"
-1.70425,52.42414,"[199234-]","[199234-]"
-1.69281,52.43128,"[1199234001-]","[1199234001-]"
-1.69286,52.43131,"[199235-]","[199235-]"
-1.70422,52.42414,"[1199235001-]","[1199235001-]"
-2.50539,53.45631,"[199236]","[199236]"
-2.49581,53.47375,"[1199236001]","[1199236001]"
-2.49575,53.47381,"[199237]","[199237]"
-2.50533,53.45628,"[1199237001]","[1199237001]"
-0.03964,51.51094,"[199297]","[199297]"
-0.02897,51.50753,"[199297]","[199297]"
-2.89147,53.57172,"[199319-]","[199319-]"
-1.82422,52.48003,"[199400]","[199400]"
-1.82108,52.47919,"[199401]","[199401]"
-1.64072,52.38042,"[199452-]","[199452-]"
-1.65239,52.39486,"[1199452001-]","[1199452001-]"
-1.65353,52.39647,"[1199452002-]","[1199452002-]"
-1.65522,52.39894,"[1199452003-]","[1199452003-]"
-1.65522,52.39900,"[199453-]","[199453-]"
-1.65350,52.39644,"[1199453001-]","[1199453001-]"
-1.65236,52.39483,"[1199453002-]","[1199453002-]"
-1.64069,52.38044,"[1199453003-]","[1199453003-]"
-1.90917,52.45264,"[199454-]","[199454-]"
-1.92228,52.48561,"[199455]","[199455]"
-1.87406,52.47181,"[199456]","[199456]"
-2.09953,51.84303,"[199772-]","[199772-]"
-2.12797,51.84303,"[1199772001-]","[1199772001-]"
-2.12261,51.84153,"[199773-]","[199773-]"
-2.09953,51.84300,"[1199773001-]","[1199773001-]"
-2.88631,53.57478,"[199811-]","[199811-]"
-2.88639,53.57439,"[199812-]","[199812-]"
-0.93792,53.10289,"[199818]","[199818]"
-0.96978,53.11211,"[1199818001]","[1199818001]"
-0.96961,53.11214,"[199819]","[199819]"
-0.93792,53.10294,"[1199819001]","[1199819001]"
-0.99306,53.11547,"[199820]","[199820]"
-1.00839,53.11931,"[1199820001]","[1199820001]"
-1.05889,53.12042,"[1199820002]","[1199820002]"
-1.05889,53.12044,"[199821]","[199821]"
-1.00836,53.11931,"[1199821001]","[1199821001]"
-0.99306,53.11547,"[1199821002]","[1199821002]"
0.25192,51.44386,"[199827-]","[199827-]"
-0.28656,52.23442,"[199834-]","[199834-]"
-0.29544,52.20975,"[1199834001-]","[1199834001-]"
-1.85708,52.46319,"[199843-]","[199843-]"
-1.86261,52.46561,"[199844-]","[199844-]"
-1.84103,52.46367,"[199845-]","[199845-]"
-0.62844,52.16186,"[200683-]","[200683-]"
-0.62008,52.16208,"[1200683001-]","[1200683001-]"
-0.62008,52.16208,"[200684]","[200684]"
-0.62847,52.16186,"[1200684001]","[1200684001]"
-2.98178,51.58611,"[201257]","[201257]"
-2.46433,51.50228,"[203001]","[203001]"
-2.50092,51.50464,"[1203001001]","[1203001001]"
-2.50825,51.50550,"[203002]","[203002]"
-2.46917,51.50361,"[1203002001]","[1203002001]"
0.59494,51.27531,"[203022-]","[203022-]"
0.86256,51.16389,"[1203022001-]","[1203022001-]"
0.86972,51.15981,"[203030-]","[203030-]"
0.78022,51.19456,"[1203030001-]","[1203030001-]"
0.72753,51.21472,"[1203030002-]","[1203030002-]"
0.62678,51.25800,"[1203030003-]","[1203030003-]"
-2.93714,53.48767,"[203093]","[203093]"
-2.95058,53.49244,"[1203093001]","[1203093001]"
-1.56139,53.79697,"[203094]","[203094]"
-1.55492,53.80094,"[1203094001]","[1203094001]"
-1.54603,53.80528,"[1203094002]","[1203094002]"
-1.53744,53.80061,"[1203094003]","[1203094003]"
-1.53744,53.80050,"[203099-]","[203099-]"
-1.54592,53.80517,"[1203099001-]","[1203099001-]"
-1.55464,53.80072,"[1203099002-]","[1203099002-]"
-1.56144,53.79681,"[1203099003-]","[1203099003-]"
-0.22422,51.29189,"[203103]","[203103]"
-0.22858,51.28581,"[1203103001]","[1203103001]"
-0.25122,51.26844,"[1203103002]","[1203103002]"
-0.25119,51.26844,"[203107]","[203107]"
-0.22856,51.28586,"[1203107001]","[1203107001]"
-0.22422,51.29189,"[1203107002]","[1203107002]"
-0.32581,52.17592,"[203110-]","[203110-]"
-0.30664,52.18481,"[1203110001-]","[1203110001-]"
-2.66125,53.10856,"[203117-]","[203117-]"
-0.46478,52.09408,"[203118]","[203118]"
-0.46361,52.09094,"[1203118001]","[1203118001]"
-0.46364,52.09094,"[203121]","[203121]"
-0.46478,52.09408,"[1203121001]","[1203121001]"
-2.89697,53.92217,"[203128-]","[203128-]"
-2.89556,53.92883,"[1203128001-]","[1203128001-]"
-2.89558,53.92883,"[203139-]","[203139-]"
-2.89686,53.92222,"[1203139001-]","[1203139001-]"
-3.33872,51.69672,"[203197-]","[203197-]"
-3.33200,51.67678,"[1203197001-]","[1203197001-]"
-3.33203,51.67683,"[203200-]","[203200-]"
-3.33875,51.69672,"[1203200001-]","[1203200001-]"
-3.33039,51.67469,"[203206]","[203206]"
-3.32556,51.66475,"[1203206001]","[1203206001]"
-3.32550,51.66486,"[203208-]","[203208-]"
-3.33042,51.67469,"[1203208001-]","[1203208001-]"
-3.31853,51.65175,"[203214-]","[203214-]"
-3.36294,51.67456,"[1203214001-]","[1203214001-]"
-3.36294,51.67456,"[203216-]","[203216-]"
-3.31856,51.65175,"[1203216001-]","[1203216001-]"
-3.37000,51.67842,"[203217-]","[203217-]"
-3.39333,51.68836,"[1203217001-]","[1203217001-]"
-3.39325,51.68844,"[203222-]","[203222-]"
-3.36997,51.67842,"[1203222001-]","[1203222001-]"
-2.29789,53.58131,"[203257]","[203257]"
-0.53064,52.09292,"[203258-]","[203258-]"
-0.53567,52.08639,"[1203258001-]","[1203258001-]"
-1.51011,52.41061,"[203259]","[203259]"
-4.26272,55.84217,"[203260]","[203260]"
-2.22444,53.47119,"[203261]","[203261]"
-2.22958,53.46239,"[203262]","[203262]"
-1.38956,50.90981,"[203263]","[203263]"
-1.39897,50.90744,"[203264]","[203264]"
-3.17150,55.97503,"[203265]","[203265]"
-3.17928,55.97800,"[203266]","[203266]"
-2.72872,54.07394,"[203267-]","[203267-]"
-2.76111,54.07194,"[1203267001-]","[1203267001-]"
-2.76089,54.07192,"[203268-]","[203268-]"
-2.72872,54.07394,"[1203268001-]","[1203268001-]"
-0.59881,51.93864,"[203269-]","[203269-]"
-0.66011,51.97297,"[1203269001-]","[1203269001-]"
-0.66008,51.97300,"[203270-]","[203270-]"
-0.59886,51.93864,"[1203270001-]","[1203270001-]"
-4.45408,55.83183,"[203271-]","[203271-]"
-2.95561,53.87872,"[203272-]","[203272-]"
-2.95731,53.87453,"[1203272001-]","[1203272001-]"
-2.95839,53.87125,"[1203272002-]","[1203272002-]"
-2.95833,53.87128,"[203273-]","[203273-]"
-2.95725,53.87456,"[1203273001-]","[1203273001-]"
-2.95561,53.87872,"[1203273002-]","[1203273002-]"
-3.11567,55.94142,"[203275]","[203275]"
-2.23217,53.48808,"[203276-]","[203276-]"
-2.24064,53.50769,"[203277]","[203277]"
-2.29561,53.55081,"[203279]","[203279]"
-3.18450,55.94006,"[203280]","[203280]"
1.42681,52.63192,"[203324-]","[203324-]"
1.47658,52.63639,"[1203324001-]","[1203324001-]"
1.52467,52.63669,"[1203324002-]","[1203324002-]"
1.55372,52.63714,"[1203324003-]","[1203324003-]"
1.55361,52.63689,"[203325-]","[203325-]"
1.52467,52.63653,"[1203325001-]","[1203325001-]"
1.47664,52.63639,"[1203325002-]","[1203325002-]"
1.42689,52.63183,"[1203325003-]","[1203325003-]"
-3.28097,55.92022,"[203345-]","[203345-]"
-2.15758,53.52883,"[203353]","[203353]"
-2.90339,53.82319,"[204392-]","[204392-]"
-2.89258,53.81097,"[1204392001-]","[1204392001-]"
-2.90881,53.82706,"[204393-]","[204393-]"
-2.92042,53.84675,"[1204393001-]","[1204393001-]"
-2.89258,54.92350,"[204509]","[204509]"
-2.83831,54.93092,"[1204509001]","[1204509001]"
-2.79708,54.93083,"[1204509002]","[1204509002]"
-2.74925,54.93356,"[1204509003]","[1204509003]"
-3.23669,53.30289,"[204511-]","[204511-]"
-3.27233,53.31950,"[1204511002-]","[1204511002-]"
-3.27236,53.31947,"[204512-]","[204512-]"
-3.23669,53.30286,"[1204512001-]","[1204512001-]"
-0.44969,52.17061,"[204867-]","[204867-]"
-0.45236,52.16197,"[1204867001-]","[1204867001-]"
-0.45233,52.16197,"[204928-]","[204928-]"
-0.44969,52.17061,"[1204928001-]","[1204928001-]"
-1.87036,53.71925,"[205119]","[205119]"
-1.87142,53.71897,"[205120]","[205120]"
-3.75914,58.56322,"[205125]","[205125]"
-3.55161,58.59819,"[1205125001]","[1205125001]"
-3.55158,58.59822,"[205126]","[205126]"
-3.75911,58.56322,"[1205126001]","[1205126001]"
-2.87683,53.46439,"[205346]","[205346]"
-2.87786,53.46442,"[205347-]","[205347-]"
-0.56058,51.91358,"[205469]","[205469]"
-0.57136,51.92106,"[1205469001]","[1205469001]"
-0.57131,51.92108,"[205470]","[205470]"
-0.56056,51.91361,"[1205470001]","[1205470001]"
-2.97889,53.25714,"[205471]","[205471]"
-2.98522,53.24536,"[1205471001]","[1205471001]"
-2.98733,53.23922,"[1205471002]","[1205471002]"
-2.98731,53.23925,"[205472]","[205472]"
-2.98519,53.24542,"[1205472001]","[1205472001]"
-2.97892,53.25714,"[1205472002]","[1205472002]"
-4.13469,51.67847,"[205473]","[205473]"
-1.96314,51.86367,"[205568-]","[205568-]"
-1.98911,51.86733,"[1205568001-]","[1205568001-]"
-2.04658,51.85292,"[1205568002-]","[1205568002-]"
-2.04661,51.85294,"[205569-]","[205569-]"
-1.98914,51.86733,"[1205569001-]","[1205569001-]"
-1.96314,51.86369,"[1205569002-]","[1205569002-]"
0.33075,52.72867,"[205640-]","[205640-]"
0.37414,52.73800,"[1205640001-]","[1205640001-]"
0.37417,52.73794,"[205641-]","[205641-]"
0.33075,52.72864,"[1205641001-]","[1205641001-]"
-1.52378,52.42325,"[205698-]","[205698-]"
-1.52581,52.41781,"[1205698001-]","[1205698001-]"
-1.52750,52.41669,"[1205698002-]","[1205698002-]"
-1.53056,52.41475,"[1205698003-]","[1205698003-]"
-1.53233,52.41325,"[1205698004-]","[1205698004-]"
-1.53633,52.40864,"[1205698005-]","[1205698005-]"
-1.53642,52.40875,"[205699-]","[205699-]"
-1.53258,52.41317,"[1205699001-]","[1205699001-]"
-1.53042,52.41483,"[1205699002-]","[1205699002-]"
-1.52739,52.41678,"[1205699003-]","[1205699003-]"
-1.52603,52.41764,"[1205699004-]","[1205699004-]"
-1.52381,52.42328,"[1205699005-]","[1205699005-]"
-1.46006,52.45533,"[205701-]","[205701-]"
-1.47472,52.44278,"[1205701001-]","[1205701001-]"
-1.47472,52.44275,"[205702-]","[205702-]"
-1.46000,52.45533,"[1205702001-]","[1205702001-]"
-2.14219,53.55206,"[205703]","[205703]"
-2.14936,53.54181,"[1205703001]","[1205703001]"
-2.16489,53.52267,"[1205703002]","[1205703002]"
-2.16489,53.52275,"[205704-]","[205704-]"
-2.14936,53.54175,"[1205704001-]","[1205704001-]"
-2.14186,53.55283,"[1205704002-]","[1205704002-]"
0.74978,51.87678,"[205709-]","[205709-]"
0.68919,51.88128,"[1205709001-]","[1205709001-]"
0.64472,51.87397,"[1205709002-]","[1205709002-]"
0.59094,51.88133,"[1205709003-]","[1205709003-]"
0.59089,51.88136,"[205710-]","[205710-]"
0.64481,51.87397,"[1205710001-]","[1205710001-]"
0.68931,51.88125,"[1205710002-]","[1205710002-]"
0.74978,51.87678,"[1205710003-]","[1205710003-]"
-1.34392,53.80778,"[205711-]","[205711-]"
-1.33944,53.82061,"[1205711001-]","[1205711001-]"
-1.34297,53.84475,"[1205711002-]","[1205711002-]"
-1.34742,53.86558,"[1205711004-]","[1205711004-]"
-1.35083,53.87356,"[205712-]","[205712-]"
-1.34606,53.86019,"[1205712001-]","[1205712001-]"
-1.34286,53.84911,"[1205712002-]","[1205712002-]"
-1.33861,53.82011,"[1205712003-]","[1205712003-]"
-1.34736,53.80603,"[1205712004-]","[1205712004-]"
-2.20067,51.78242,"[205714-]","[205714-]"
-2.21789,51.76794,"[1205714001-]","[1205714001-]"
-2.22161,51.75019,"[1205714002-]","[1205714002-]"
-2.22167,51.75022,"[205715-]","[205715-]"
-2.21789,51.76806,"[1205715001-]","[1205715001-]"
-2.20067,51.78242,"[1205715002-]","[1205715002-]"
1.56181,52.24319,"[205716-]","[205716-]"
1.58194,52.22558,"[1205716001-]","[1205716001-]"
1.58194,52.22558,"[205717-]","[205717-]"
1.56183,52.24322,"[1205717001-]","[1205717001-]"
-1.51139,52.45008,"[205719-]","[205719-]"
-1.51017,52.44692,"[1205719001-]","[1205719001-]"
-1.50864,52.44100,"[1205719002-]","[1205719002-]"
-1.50664,52.43656,"[1205719003-]","[1205719003-]"
-1.50678,52.43667,"[205720-]","[205720-]"
-1.50872,52.44103,"[1205720001-]","[1205720001-]"
-1.51022,52.44703,"[1205720002-]","[1205720002-]"
-1.51147,52.45008,"[1205720003-]","[1205720003-]"
-1.50586,52.43439,"[205721-]","[205721-]"
-1.50250,52.42628,"[1205721001-]","[1205721001-]"
-1.50258,52.42631,"[205722-]","[205722-]"
-1.50600,52.43439,"[1205722001-]","[1205722001-]"
-0.45689,52.13078,"[205726-]","[205726-]"
-0.45119,52.12847,"[1205726001-]","[1205726001-]"
-0.45131,52.12842,"[205727-]","[205727-]"
-0.45697,52.13069,"[1205727001-]","[1205727001-]"
-3.37058,54.65250,"[205728-]","[205728-]"
-3.31133,54.65964,"[1205728001-]","[1205728001-]"
-3.24556,54.66831,"[1205728002-]","[1205728002-]"
-3.24556,54.66831,"[205729-]","[205729-]"
-3.31153,54.65964,"[1205729001-]","[1205729001-]"
-3.37058,54.65250,"[1205729002-]","[1205729002-]"
-2.76797,54.27364,"[205730-]","[205730-]"
-2.94256,54.25358,"[1205730001-]","[1205730001-]"
-2.94250,54.25364,"[205731-]","[205731-]"
-2.76806,54.27378,"[1205731001-]","[1205731001-]"
1.52142,52.26189,"[205738-]","[205738-]"
1.52081,52.26206,"[205739-]","[205739-]"
-0.53389,54.17764,"[206170]","[206170]"
0.20639,52.68497,"[206320]","[206320]"
0.19519,52.66186,"[1206320001]","[1206320001]"
0.18183,52.65042,"[1206320002]","[1206320002]"
0.16794,52.64700,"[1206320003]","[1206320003]"
0.13942,52.64528,"[1206320004]","[1206320004]"
0.12347,52.63800,"[1206320005]","[1206320005]"
0.06561,52.60931,"[1206320006]","[1206320006]"
0.06553,52.60939,"[206326-]","[206326-]"
0.12344,52.63800,"[1206326001-]","[1206326001-]"
0.13933,52.64525,"[1206326002-]","[1206326002-]"
0.16794,52.64700,"[1206326003-]","[1206326003-]"
0.18186,52.65042,"[1206326004-]","[1206326004-]"
0.19522,52.66189,"[1206326005-]","[1206326005-]"
0.20642,52.68503,"[1206326006-]","[1206326006-]"
-2.22792,53.45986,"[206327]","[206327]"
-2.24461,53.48108,"[206328]","[206328]"
-4.17278,50.41067,"[206365-]","[206365-]"
-2.81653,53.35556,"[206594-]","[206594-]"
-0.32956,51.21497,"[208465-]","[208465-]"
-0.32453,51.19353,"[1208465001-]","[1208465001-]"
-0.31586,51.17517,"[1208465003-]","[1208465003-]"
-0.31617,51.17542,"[208466-]","[208466-]"
-0.32481,51.19353,"[1208466001-]","[1208466001-]"
-0.32950,51.21511,"[1208466002-]","[1208466002-]"
-4.34992,50.40758,"[208673-]","[208673-]"
-4.32825,50.41372,"[1208673001-]","[1208673001-]"
-4.23578,50.41878,"[1208673002-]","[1208673002-]"
0.79425,51.00794,"[208842]","[208842]"
0.82492,51.04303,"[208843]","[208843]"
1.58564,52.27097,"[208856-]","[208856-]"
1.57525,52.26250,"[1208856001-]","[1208856001-]"
1.57525,52.26250,"[208857-]","[208857-]"
1.58575,52.27103,"[1208857001-]","[1208857001-]"
-1.29447,51.05628,"[208898-]","[208898-]"
-1.29350,51.07803,"[1208898001-]","[1208898001-]"
-1.28847,51.08539,"[1208898002-]","[1208898002-]"
-1.27931,51.09236,"[208899-]","[208899-]"
-1.28964,51.08431,"[1208899002-]","[1208899002-]"
-1.29283,51.07581,"[1208899003-]","[1208899003-]"
-1.29317,51.06447,"[1208899004-]","[1208899004-]"
-1.29317,51.06444,"[1208899005-]","[1208899005-]"
-1.30286,51.08911,"[208900-]","[208900-]"
-1.29614,51.07956,"[1208900001-]","[1208900001-]"
1.25436,51.93833,"[209641-]","[209641-]"
1.08681,51.90417,"[1209641001-]","[1209641001-]"
1.08686,51.90431,"[209642-]","[209642-]"
1.25433,51.93839,"[1209642001-]","[1209642001-]"
-2.97703,51.58967,"[210402]","[210402]"
-2.97781,51.58947,"[210404]","[210404]"
-0.10611,52.23047,"[211974-]","[211974-]"
-0.13483,52.22767,"[1211974001-]","[1211974001-]"
-0.13481,52.22767,"[211975-]","[211975-]"
-0.10600,52.23056,"[1211975001-]","[1211975001-]"
-0.13672,52.22742,"[211976-]","[211976-]"
-0.14606,52.22208,"[1211976001-]","[1211976001-]"
-0.14603,52.22214,"[211977-]","[211977-]"
-0.13661,52.22747,"[1211977001-]","[1211977001-]"
-0.21283,52.22325,"[211978-]","[211978-]"
-0.22961,52.22464,"[1211978001-]","[1211978001-]"
-0.22958,52.22464,"[211979-]","[211979-]"
-0.21286,52.22325,"[1211979001-]","[1211979001-]"
-2.18636,55.23247,"[215657-]","[215657-]"
-2.17383,55.23050,"[1215657001-]","[1215657001-]"
-2.17372,55.23056,"[215658-]","[215658-]"
-2.18625,55.23253,"[1215658001-]","[1215658001-]"
-2.77058,53.26967,"[215730]","[215730]"
-2.75569,53.27869,"[1215730001]","[1215730001]"
-2.75564,53.27869,"[215731]","[215731]"
-2.77056,53.26969,"[1215731001]","[1215731001]"
-1.47556,52.95942,"[216083-]","[216083-]"
-0.22442,51.24058,"[217763-]","[217763-]"
-0.24761,51.24342,"[1217763001-]","[1217763001-]"
-0.26625,51.24533,"[1217763002-]","[1217763002-]"
-0.26908,51.24497,"[1217763003-]","[1217763003-]"
-0.28933,51.24119,"[1217763004-]","[1217763004-]"
-0.31061,51.23789,"[1217763005-]","[1217763005-]"
-0.31061,51.23792,"[217764-]","[217764-]"
-0.28939,51.24122,"[1217764001-]","[1217764001-]"
-0.26614,51.24533,"[1217764002-]","[1217764002-]"
-0.24769,51.24344,"[1217764003-]","[1217764003-]"
-0.22442,51.24058,"[1217764004-]","[1217764004-]"
-2.21917,53.44094,"[217766]","[217766]"
-1.57461,53.80389,"[217767]","[217767]"
-2.26811,53.48314,"[217768]","[217768]"
-0.18361,52.61242,"[217781-]","[217781-]"
-0.12561,52.61950,"[1217781001-]","[1217781001-]"
-0.12550,52.61950,"[217782-]","[217782-]"
-0.18358,52.61239,"[1217782001-]","[1217782001-]"
-1.74919,53.13975,"[217786-]","[217786-]"
-1.70175,53.12925,"[1217786001-]","[1217786001-]"
-1.63814,53.11553,"[1217786002-]","[1217786002-]"
-1.61028,53.10461,"[1217786004-]","[1217786004-]"
-1.61031,53.10458,"[217787-]","[217787-]"
-1.63572,53.11025,"[1217787001-]","[1217787001-]"
-1.63819,53.11556,"[1217787002-]","[1217787002-]"
-1.70167,53.12928,"[1217787003-]","[1217787003-]"
-1.74919,53.13975,"[1217787004-]","[1217787004-]"
-0.44539,51.90414,"[217788-]","[217788-]"
-0.45036,51.90406,"[1217788001-]","[1217788001-]"
-0.45033,51.90406,"[217789-]","[217789-]"
-0.44542,51.90417,"[1217789001-]","[1217789001-]"
-2.95375,53.49256,"[217790-]","[217790-]"
-2.95250,53.49286,"[217791-]","[217791-]"
-2.95361,53.49178,"[217792-]","[217792-]"
-3.84919,51.71547,"[217794]","[217794]"
-1.94067,53.27153,"[217914-]","[217914-]"
-1.95978,53.28289,"[1217914001-]","[1217914001-]"
-1.97544,53.30194,"[1217914002-]","[1217914002-]"
-1.97881,53.31014,"[1217914003-]","[1217914003-]"
-1.98817,53.31597,"[1217914004-]","[1217914004-]"
-1.98811,53.31606,"[217915-]","[217915-]"
-1.97878,53.31011,"[1217915001-]","[1217915001-]"
-1.97533,53.30158,"[1217915002-]","[1217915002-]"
-1.95978,53.28292,"[1217915003-]","[1217915003-]"
-1.94061,53.27150,"[1217915004-]","[1217915004-]"
-4.23572,50.41864,"[217920-]","[217920-]"
-4.32822,50.41372,"[1217920001-]","[1217920001-]"
-4.34989,50.40761,"[1217920002-]","[1217920002-]"
-1.15403,50.85903,"[217921-]","[217921-]"
-1.19864,50.86803,"[1217921001-]","[1217921001-]"
-1.22092,50.86753,"[217922-]","[217922-]"
-1.15911,50.86050,"[1217922001-]","[1217922001-]"
-1.26183,51.75056,"[217928-]","[217928-]"
-3.30700,55.91847,"[217929-]","[217929-]"
-0.37397,52.56117,"[217935-]","[217935-]"
-0.35344,52.55772,"[1217935001-]","[1217935001-]"
-2.61625,54.35686,"[217936-]","[217936-]"
-2.58231,54.38256,"[1217936001-]","[1217936001-]"
-2.60467,54.40136,"[1217936002-]","[1217936002-]"
-2.59997,54.41828,"[1217936003-]","[1217936003-]"
-2.59811,54.44617,"[1217936004-]","[1217936004-]"
-0.18758,52.61169,"[217937-]","[217937-]"
-0.20128,52.60883,"[1217937001-]","[1217937001-]"
-0.20122,52.60886,"[217938-]","[217938-]"
-0.18758,52.61172,"[1217938001-]","[1217938001-]"
-0.20419,52.60767,"[217939-]","[217939-]"
-0.22081,52.60569,"[1217939001-]","[1217939001-]"
-0.22078,52.60572,"[217940-]","[217940-]"
-0.20422,52.60769,"[1217940001-]","[1217940001-]"
-2.30728,53.50081,"[217971-]","[217971-]"
-2.29886,53.49644,"[1217971001-]","[1217971001-]"
-2.29583,53.49481,"[1217971002-]","[1217971002-]"
-2.29086,53.49275,"[1217971003-]","[1217971003-]"
-2.87786,52.64944,"[217972-]","[217972-]"
-2.91872,52.64144,"[217973-]","[217973-]"
-3.63067,50.53328,"[218005-]","[218005-]"
-1.52961,53.79258,"[218006]","[218006]"
-2.96053,53.86522,"[218028-]","[218028-]"
-2.96681,53.85553,"[1218028001-]","[1218028001-]"
-2.96689,53.85556,"[218029-]","[218029-]"
-2.96053,53.86533,"[1218029001-]","[1218029001-]"
-4.18119,50.40933,"[218040-]","[218040-]"
-0.54983,53.42794,"[218090]","[218090]"
-0.55042,53.43769,"[1218090001]","[1218090001]"
-0.55044,53.43772,"[218091]","[218091]"
-0.54981,53.42794,"[1218091001]","[1218091001]"
-4.46661,54.95425,"[218345-]","[218345-]"
-4.41039,54.93800,"[1218345001-]","[1218345001-]"
-4.39494,54.91664,"[1218345002-]","[1218345002-]"
-4.38458,54.89497,"[1218345003-]","[1218345003-]"
-4.38461,54.89500,"[218346-]","[218346-]"
-4.39492,54.91658,"[1218346001-]","[1218346001-]"
-4.41036,54.93797,"[1218346002-]","[1218346002-]"
-4.46658,54.95425,"[1218346003-]","[1218346003-]"
-4.15078,50.37717,"[218504-]","[218504-]"
-4.15456,50.37772,"[1218504001-]","[1218504001-]"
-4.15811,50.37772,"[1218504002-]","[1218504002-]"
-4.16047,50.37681,"[1218504003-]","[1218504003-]"
-4.16044,50.37681,"[218510-]","[218510-]"
-4.15808,50.37772,"[1218510001-]","[1218510001-]"
-4.15453,50.37769,"[1218510002-]","[1218510002-]"
-4.15078,50.37719,"[1218510003-]","[1218510003-]"
-4.16111,50.37744,"[218512-]","[218512-]"
-4.15950,50.37533,"[1218512001-]","[1218512001-]"
-4.15719,50.37364,"[1218512002-]","[1218512002-]"
-4.15717,50.37361,"[218513-]","[218513-]"
-4.15950,50.37533,"[1218513001-]","[1218513001-]"
-4.16111,50.37747,"[1218513002-]","[1218513002-]"
-4.15414,50.37736,"[218514-]","[218514-]"
-4.15936,50.37553,"[1218514001-]","[1218514001-]"
-4.16100,50.37492,"[1218514002-]","[1218514002-]"
-4.16100,50.37492,"[218516-]","[218516-]"
-4.15936,50.37553,"[1218516001-]","[1218516001-]"
-4.15417,50.37736,"[1218516002-]","[1218516002-]"
-2.35344,53.50772,"[218707]","[218707]"
-2.34589,53.50553,"[1218707001]","[1218707001]"
-2.34606,53.50547,"[218708]","[218708]"
-2.35353,53.50761,"[1218708001]","[1218708001]"
-2.10286,53.49764,"[218776]","[218776]"
-2.34047,53.50389,"[218888]","[218888]"
-1.52228,54.72442,"[220181-]","[220181-]"
-1.52267,54.75317,"[1220181001-]","[1220181001-]"
-1.52258,54.81142,"[1220181002-]","[1220181002-]"
-1.52247,54.81147,"[220182-]","[220182-]"
-1.52272,54.75342,"[1220182001-]","[1220182001-]"
-2.65817,53.49992,"[220333-]","[220333-]"
-0.07033,51.53822,"[220522]","[220522]"
-2.44239,53.58203,"[220541-]","[220541-]"
-2.45569,53.58017,"[1220541001-]","[1220541001-]"
-2.45569,53.58017,"[220542-]","[220542-]"
-2.44239,53.58203,"[1220542001-]","[1220542001-]"
-1.61050,52.43381,"[220545-]","[220545-]"
-1.62094,52.43489,"[1220545001-]","[1220545001-]"
-1.63533,52.43497,"[1220545002-]","[1220545002-]"
-1.64717,52.43678,"[1220545003-]","[1220545003-]"
-1.64717,52.43678,"[220546-]","[220546-]"
-1.63536,52.43497,"[1220546001-]","[1220546001-]"
-1.62094,52.43489,"[1220546002-]","[1220546002-]"
-1.61053,52.43378,"[1220546003-]","[1220546003-]"
-3.10581,55.94422,"[220972]","[220972]"
-3.26872,55.92669,"[220981]","[220981]"
-3.16686,55.92497,"[220999]","[220999]"
-3.16678,55.92547,"[221001]","[221001]"
-3.23767,55.94600,"[221008]","[221008]"
-3.29367,55.94381,"[221009]","[221009]"
-0.64900,51.16689,"[221184-]","[221184-]"
-0.64783,51.15600,"[1221184001-]","[1221184001-]"
-0.64650,51.14658,"[1221184002-]","[1221184002-]"
-0.64653,51.14658,"[221185-]","[221185-]"
-0.64781,51.15597,"[1221185001-]","[1221185001-]"
-0.64906,51.16689,"[1221185002-]","[1221185002-]"
1.71253,52.61972,"[221864-]","[221864-]"
1.60036,52.62408,"[1221864001-]","[1221864001-]"
1.55733,52.63669,"[1221864002-]","[1221864002-]"
1.55733,52.63669,"[221865-]","[221865-]"
1.60039,52.62408,"[1221865001-]","[1221865001-]"
1.71253,52.61969,"[1221865002-]","[1221865002-]"
-4.21297,51.03506,"[221866-]","[221866-]"
-2.87311,54.97933,"[221901-]","[221901-]"
-2.27311,53.48458,"[221902-]","[221902-]"
-2.24317,53.46242,"[221916]","[221916]"
-2.24369,53.48717,"[221917]","[221917]"
0.06844,51.55719,"[222018]","[222018]"
-2.29567,53.45733,"[222019]","[222019]"
-2.30664,53.44625,"[1222019001]","[1222019001]"
-2.30678,53.44631,"[222020-]","[222020-]"
-2.29556,53.45739,"[1222020001-]","[1222020001-]"
-4.80322,50.33531,"[222021-]","[222021-]"
-4.80289,50.33508,"[222022-]","[222022-]"
-4.80306,50.33508,"[222023-]","[222023-]"
-1.05100,51.44078,"[222029-]","[222029-]"
-1.05047,51.44086,"[222030-]","[222030-]"
-2.26364,53.48325,"[222032]","[222032]"
-1.88961,52.48983,"[222033]","[222033]"
-1.86725,50.72797,"[222034]","[222034]"
-1.89950,52.50328,"[222035]","[222035]"
-0.87022,51.49969,"[222036]","[222036]"
-1.79189,52.42303,"[222038-]","[222038-]"
-1.79894,52.43119,"[1222038001-]","[1222038001-]"
-1.80711,52.43872,"[1222038002-]","[1222038002-]"
-1.81000,52.44092,"[1222038003-]","[1222038003-]"
-1.80994,52.44094,"[222039-]","[222039-]"
-1.80714,52.43875,"[1222039001-]","[1222039001-]"
-1.79894,52.43119,"[1222039002-]","[1222039002-]"
-1.79189,52.42303,"[1222039003-]","[1222039003-]"
-1.57483,52.30614,"[222040-]","[222040-]"
-1.22819,52.99394,"[222041]","[222041]"
-0.55892,52.39086,"[222042-]","[222042-]"
-0.53406,52.38925,"[1222042001-]","[1222042001-]"
-0.53400,52.38917,"[222043-]","[222043-]"
-0.55889,52.39072,"[1222043001-]","[1222043001-]"
1.22972,52.59911,"[222044-]","[222044-]"
1.25381,52.58750,"[1222044001-]","[1222044001-]"
1.25364,52.58744,"[222045-]","[222045-]"
1.22053,52.60689,"[1222045001-]","[1222045001-]"
-3.41922,54.38622,"[222046]","[222046]"
-1.32200,53.78622,"[222048]","[222048]"
-1.33978,53.81969,"[1222048001]","[1222048001]"
-2.16458,54.50686,"[222050-]","[222050-]"
1.18969,52.58772,"[222051-]","[222051-]"
1.21933,52.59972,"[1222051001-]","[1222051001-]"
1.22261,52.60194,"[222052-]","[222052-]"
1.21078,52.59511,"[1222052001-]","[1222052001-]"
-3.21414,50.96472,"[222053-]","[222053-]"
-3.19847,50.97156,"[1222053001-]","[1222053001-]"
-3.16661,50.97419,"[1222053002-]","[1222053002-]"
-3.16200,50.97450,"[222054-]","[222054-]"
-3.20947,50.96661,"[1222054001-]","[1222054001-]"
1.16144,52.65458,"[222055-]","[222055-]"
1.11078,52.66408,"[1222055001-]","[1222055001-]"
1.03544,52.68219,"[1222055002-]","[1222055002-]"
1.03547,52.68231,"[222056-]","[222056-]"
1.07308,52.67375,"[1222056001-]","[1222056001-]"
1.16144,52.65469,"[1222056002-]","[1222056002-]"
-1.77139,52.42003,"[222057-]","[222057-]"
-1.76108,52.41603,"[1222057001-]","[1222057001-]"
-1.75819,52.41128,"[1222057002-]","[1222057002-]"
-1.75836,52.41136,"[222058-]","[222058-]"
-1.76117,52.41617,"[1222058001-]","[1222058001-]"
-1.77139,52.42003,"[1222058002-]","[1222058002-]"
-3.79747,51.59364,"[222100]","[222100]"
-0.26672,50.83947,"[222169-]","[222169-]"